-- phpMyAdmin SQL Dump
-- version 4.6.4
-- https://www.phpmyadmin.net/
--
-- Servidor: 127.0.0.1
-- Tiempo de generación: 09-09-2017 a las 18:42:18
-- Versión del servidor: 5.7.14
-- Versión de PHP: 5.6.25

SET SQL_MODE = "NO_AUTO_VALUE_ON_ZERO";
SET time_zone = "+00:00";


/*!40101 SET @OLD_CHARACTER_SET_CLIENT=@@CHARACTER_SET_CLIENT */;
/*!40101 SET @OLD_CHARACTER_SET_RESULTS=@@CHARACTER_SET_RESULTS */;
/*!40101 SET @OLD_COLLATION_CONNECTION=@@COLLATION_CONNECTION */;
/*!40101 SET NAMES utf8mb4 */;

--
-- Base de datos: `sistema7`
--

-- --------------------------------------------------------

--
-- Estructura de tabla para la tabla `alertageneralajuste`
--

CREATE TABLE `alertageneralajuste` (
  `idalertamaquina` int(255) NOT NULL,
  `radios` varchar(255) NOT NULL,
  `observaciones` varchar(255) NOT NULL,
  `tiempoalertamaquina` time(6) NOT NULL,
  `id_maquina` int(255) NOT NULL,
  `id_usuario` int(255) NOT NULL,
  `horadeldiaam` varchar(255) NOT NULL,
  `fechadeldiaam` varchar(255) NOT NULL,
  `vdate` timestamp NOT NULL DEFAULT CURRENT_TIMESTAMP
) ENGINE=InnoDB DEFAULT CHARSET=latin1;

--
-- Volcado de datos para la tabla `alertageneralajuste`
--

INSERT INTO `alertageneralajuste` (`idalertamaquina`, `radios`, `observaciones`, `tiempoalertamaquina`, `id_maquina`, `id_usuario`, `horadeldiaam`, `fechadeldiaam`, `vdate`) VALUES
(1, 'Otro', 'LIMPIAR BASURA', '00:00:00.000000', 1, 2, ' 08:52:17', '09-09-2017', '2017-09-09 13:52:49'),
(2, 'Otro', 'LIMPIAR BASURA', '00:00:09.000000', 1, 2, ' 08:52:17', '09-09-2017', '2017-09-09 13:53:08');

-- --------------------------------------------------------

--
-- Estructura de tabla para la tabla `alertamaquinaoperacion`
--

CREATE TABLE `alertamaquinaoperacion` (
  `idalertamaquina` int(255) NOT NULL,
  `radios` varchar(255) NOT NULL,
  `observaciones` varchar(255) NOT NULL,
  `tiempoalertamaquina` time(6) NOT NULL,
  `id_maquina` int(255) NOT NULL,
  `id_usuario` int(255) NOT NULL,
  `horadeldiaam` varchar(255) NOT NULL,
  `fechadeldiaam` varchar(255) NOT NULL,
  `vdate` timestamp NOT NULL DEFAULT CURRENT_TIMESTAMP
) ENGINE=InnoDB DEFAULT CHARSET=latin1;

-- --------------------------------------------------------

--
-- Estructura de tabla para la tabla `asaichi`
--

CREATE TABLE `asaichi` (
  `idasaichi` int(255) NOT NULL,
  `tiempo` time(6) NOT NULL,
  `id_maquina` int(255) DEFAULT NULL,
  `id_usuario` int(255) NOT NULL,
  `horadeldia` varchar(20) NOT NULL,
  `fechadeldia` varchar(20) NOT NULL,
  `vdate` timestamp NOT NULL DEFAULT CURRENT_TIMESTAMP
) ENGINE=InnoDB DEFAULT CHARSET=latin1;

--
-- Volcado de datos para la tabla `asaichi`
--

INSERT INTO `asaichi` (`idasaichi`, `tiempo`, `id_maquina`, `id_usuario`, `horadeldia`, `fechadeldia`, `vdate`) VALUES
(1, '00:00:03.000000', 1, 2, '14:33:04', '08-09-2017', '2017-09-08 21:33:08'),
(2, '00:00:01.000000', 1, 2, '14:34:54', '08-09-2017', '2017-09-08 21:34:57'),
(3, '00:00:01.000000', 1, 2, '15:53:20', '08-09-2017', '2017-09-08 22:53:23'),
(4, '00:00:03.000000', 1, 2, '16:34:04', '08-09-2017', '2017-09-08 23:34:08'),
(5, '00:00:01.000000', 1, 2, '16:41:09', '08-09-2017', '2017-09-08 23:41:11'),
(6, '00:00:01.000000', 1, 2, '16:42:09', '08-09-2017', '2017-09-08 23:42:11'),
(7, '00:00:01.000000', 1, 2, '06:50:43', '09-09-2017', '2017-09-09 13:50:46'),
(8, '00:00:01.000000', 1, 2, '08:25:48', '09-09-2017', '2017-09-09 15:25:50'),
(9, '00:00:00.000000', 1, 2, '08:53:49', '09-09-2017', '2017-09-09 15:53:51'),
(10, '00:00:01.000000', 1, 2, '09:09:03', '09-09-2017', '2017-09-09 16:09:06'),
(11, '00:00:21.000000', 1, 2, '09:18:38', '09-09-2017', '2017-09-09 16:19:01');

-- --------------------------------------------------------

--
-- Estructura de tabla para la tabla `breaktime`
--

CREATE TABLE `breaktime` (
  `idbreaktime` int(255) NOT NULL,
  `radios` varchar(20) NOT NULL,
  `breaktime` time(6) NOT NULL,
  `id_maquina` int(255) NOT NULL,
  `id_usuario` int(20) NOT NULL,
  `horadeldiaam` varchar(10) NOT NULL,
  `fechadeldiaam` varchar(10) NOT NULL,
  `vdate` timestamp(6) NOT NULL
) ENGINE=InnoDB DEFAULT CHARSET=latin1;

--
-- Volcado de datos para la tabla `breaktime`
--

INSERT INTO `breaktime` (`idbreaktime`, `radios`, `breaktime`, `id_maquina`, `id_usuario`, `horadeldiaam`, `fechadeldiaam`, `vdate`) VALUES
(1, 'Comida', '00:00:06.000000', 1, 2, ' 11:45:29', '09-09-2017', '2017-09-09 16:45:38.000000');

-- --------------------------------------------------------

--
-- Estructura de tabla para la tabla `elementos`
--

CREATE TABLE `elementos` (
  `id_elemento` int(255) NOT NULL,
  `nombre_elemento` varchar(255) NOT NULL
) ENGINE=MyISAM DEFAULT CHARSET=latin1;

--
-- Volcado de datos para la tabla `elementos`
--

INSERT INTO `elementos` (`id_elemento`, `nombre_elemento`) VALUES
(26, 'Cajon'),
(25, 'Caja'),
(24, 'Brochure'),
(23, 'Boton'),
(22, 'Botella De Vidrio'),
(21, 'Botella'),
(20, 'Bordado'),
(19, 'Bolsa'),
(18, 'Boleto Empalme'),
(17, 'Boleto'),
(16, 'Block'),
(15, 'Arena'),
(14, 'Arbol'),
(13, 'Almendra'),
(12, 'Albanene'),
(11, 'Agradecimientos'),
(10, 'Agradecimiento Sencillo'),
(9, 'Agradecimiento Doble'),
(8, 'Agradecimiento'),
(7, 'Agenda'),
(6, 'Acrilico'),
(5, 'Acetato'),
(4, 'Accesorios'),
(3, 'Accesorio'),
(2, 'Abanicos'),
(1, 'Abanico'),
(27, 'Cajon Forro Exterior'),
(28, 'Cajon Forro Interior'),
(29, 'Calcomania'),
(30, 'Campana'),
(31, 'Canasta'),
(32, 'Caracol De Mar'),
(33, 'Cartera'),
(34, 'Celofan'),
(35, 'Chalina'),
(36, 'Chalinas'),
(37, 'Chocolate'),
(38, 'Cinta'),
(39, 'Cintilla'),
(40, 'Cintillo'),
(41, 'Cinturon'),
(42, 'Cola De Rata'),
(43, 'Costalito'),
(44, 'Cruz'),
(45, 'Dije'),
(46, 'Diploma'),
(47, 'Division'),
(48, 'Divisiones'),
(49, 'Dulce'),
(50, 'Empalme'),
(51, 'Empaque'),
(52, 'Empaste Rigida'),
(53, 'Envoltura'),
(54, 'Envolvente'),
(55, 'Esquela Diptico'),
(56, 'Esquela Doble'),
(57, 'Esquela Empalme'),
(58, 'Esquela Exterior'),
(59, 'Esquela Interior'),
(60, 'Esquela Interior Sencilla'),
(61, 'Esquela Interior Sencilla Pegada'),
(62, 'Esquela Sencilla'),
(63, 'Esquela Sencilla Empalmada'),
(64, 'Esquela Triple'),
(65, 'Esquela Triptico'),
(66, 'Esquela Interior Doble'),
(67, 'Estrella'),
(68, 'Etiqueta'),
(69, 'Flor'),
(70, 'Flyer'),
(71, 'Folder'),
(72, 'Forro'),
(73, 'Forro Tapa'),
(74, 'Guarda'),
(75, 'Hilo'),
(76, 'Hoja'),
(77, 'Hoja Membretada'),
(78, 'Idioma'),
(79, 'Laton'),
(80, 'Libreta'),
(81, 'Libro'),
(82, 'Liston'),
(83, 'Llaveros'),
(84, 'Mapa'),
(85, 'Maria Luisa'),
(86, 'Mariposas De Acetato'),
(87, 'Mariposas De Papel'),
(88, 'Menu'),
(89, 'Mesa'),
(90, 'Mesa Adicionales'),
(91, 'Mesa De Regalos'),
(92, 'Miel'),
(93, 'Mini Agradecimiento'),
(94, 'Misal'),
(95, 'Monarca'),
(96, 'Moño'),
(97, 'Motivo'),
(98, 'Motivo De Mar'),
(99, 'Pantufla'),
(100, 'Pañuelo'),
(101, 'Papeleria'),
(102, 'Pasta'),
(103, 'Pedreria'),
(104, 'Pensamiento'),
(105, 'Playera'),
(106, 'Portavaso'),
(107, 'Pulsera'),
(108, 'Rebozo'),
(109, 'Recetario'),
(110, 'Rejilla'),
(111, 'Rotulacion'),
(112, 'Separador'),
(113, 'Servilleta'),
(114, 'Sobre'),
(115, 'Sobre Bolsa'),
(116, 'Sticker'),
(117, 'Sugerencia'),
(118, 'Sugerencia Hotel'),
(119, 'Tapa'),
(120, 'Tapa Almeja Con Iman'),
(121, 'Tapa Forro Exterior'),
(122, 'Tapa Forro Interior'),
(123, 'Tarjeta'),
(124, 'Tarjeta Empalmada'),
(125, 'Tarjeta Esp'),
(126, 'Tarjeta Sencilla'),
(127, 'Tarjetas'),
(128, 'Tarjetas Olfativas'),
(129, 'Tela'),
(130, 'Tequila'),
(131, 'Toalla'),
(132, 'Triptico'),
(133, 'Tubo Madera'),
(134, 'Vela'),
(135, 'Volante'),
(136, 'Paquete'),
(137, 'Cartera Boletos'),
(138, 'Cartera Forro Exterior'),
(139, 'Cartera Forro Interior'),
(140, 'Hoja Interior'),
(141, 'Boton Maria Luisa'),
(142, 'Esquela Empalmada'),
(143, 'Desconocido');

-- --------------------------------------------------------

--
-- Estructura de tabla para la tabla `encuesta`
--

CREATE TABLE `encuesta` (
  `idencuesta` int(255) NOT NULL,
  `id_usuario` int(255) NOT NULL,
  `id_maquina` int(255) NOT NULL,
  `horadeldia` varchar(20) NOT NULL,
  `fechadeldia` varchar(20) NOT NULL,
  `desempeno` varchar(20) NOT NULL,
  `problema` varchar(255) DEFAULT NULL,
  `calidad` varchar(20) NOT NULL,
  `problema2` varchar(255) DEFAULT NULL,
  `observaciones` varchar(500) DEFAULT NULL
) ENGINE=InnoDB DEFAULT CHARSET=latin1;

--
-- Volcado de datos para la tabla `encuesta`
--

INSERT INTO `encuesta` (`idencuesta`, `id_usuario`, `id_maquina`, `horadeldia`, `fechadeldia`, `desempeno`, `problema`, `calidad`, `problema2`, `observaciones`) VALUES
(1, 2, 1, '10:51:17', '09-09-2017', 'NO', '', 'SI', '', '');

-- --------------------------------------------------------

--
-- Estructura de tabla para la tabla `estandares`
--

CREATE TABLE `estandares` (
  `id_estandard` int(255) NOT NULL,
  `ajuste_standard` int(255) DEFAULT NULL,
  `piezas_por_hora` int(255) DEFAULT NULL,
  `id_elemento` int(255) DEFAULT NULL,
  `id_maquina` int(255) DEFAULT NULL
) ENGINE=MyISAM DEFAULT CHARSET=latin1;

--
-- Volcado de datos para la tabla `estandares`
--

INSERT INTO `estandares` (`id_estandard`, `ajuste_standard`, `piezas_por_hora`, `id_elemento`, `id_maquina`) VALUES
(50, 1200, 420, 63, 10),
(49, 1200, 480, 62, 10),
(48, 1200, 420, 61, 10),
(47, 1200, 420, 60, 10),
(46, 1200, 420, 66, 10),
(45, 1200, 420, 59, 10),
(44, 1200, 420, 58, 10),
(43, 1200, 420, 57, 10),
(42, 1200, 420, 142, 10),
(41, 1200, 420, 56, 10),
(40, 1200, 420, 55, 10),
(39, 1200, 480, 94, 10),
(38, 1200, 480, 93, 10),
(37, 1200, 480, 88, 10),
(36, 1200, 480, 17, 10),
(35, 1200, 480, 11, 10),
(34, 1200, 480, 10, 10),
(33, 1200, 480, 9, 10),
(32, 1200, 480, 8, 10),
(31, 1200, 480, 4, 10),
(51, 1200, 420, 64, 10),
(52, 1200, 420, 65, 10),
(53, 1200, 420, 77, 10),
(54, 1200, 420, 123, 10),
(55, 1200, 420, 124, 10),
(56, 1200, 420, 125, 10),
(57, 1200, 420, 126, 10),
(58, 1200, 420, 127, 10),
(59, 1200, 420, 128, 10),
(60, 1200, 360, 114, 10),
(61, 1200, 360, 115, 10),
(62, 1200, 420, 84, 10),
(63, 1200, 300, 72, 10),
(64, 1200, 300, 73, 10);

-- --------------------------------------------------------

--
-- Estructura de tabla para la tabla `login`
--

CREATE TABLE `login` (
  `id` int(11) NOT NULL,
  `logged_in` varchar(250) NOT NULL,
  `password` varchar(250) NOT NULL,
  `usuario` varchar(250) NOT NULL,
  `pasadmin` varchar(250) NOT NULL,
  `sudopass` varchar(255) NOT NULL,
  `rol` int(3) NOT NULL,
  `qr` varchar(250) NOT NULL,
  `foto` varchar(255) NOT NULL,
  `area` varchar(50) NOT NULL
) ENGINE=InnoDB DEFAULT CHARSET=latin1;

--
-- Volcado de datos para la tabla `login`
--

INSERT INTO `login` (`id`, `logged_in`, `password`, `usuario`, `pasadmin`, `sudopass`, `rol`, `qr`, `foto`, `area`) VALUES
(1, 'Administrador', '', 'admin', '123456', '', 1, 'admin', '', ''),
(2, 'rick', '12345', 'developer', '123', '896', 2, 'rick', 'images/1.png', '2'),
(3, 'victor', '12345', 'victor', '', '', 2, 'victor', 'images/tester.png\n', '1'),
(4, 'Administrador 2', '', 'admin2', 'qwerty', '', 1, 'admin2', '', ''),
(5, 'Manuel', '12345', 'Manuel', '', '', 2, '', 'images/manuel.png', '3'),
(6, 'admin developer', '', 'developer2', '123456', '', 1, '', '', ''),
(7, 'Alejandro', '12345', 'alejandro', '', '', 2, '', 'images/alejandro.jpg\r\n', ''),
(8, 'Ramon', '12345', 'ramon', '', '', 2, '', 'images/5.jpg\r\n', ''),
(9, 'Omar', '12345', 'omar', '', '', 2, '', 'images/13.jpg\n', ''),
(10, 'Roberto', '12345', 'roberto', '', '', 2, '', 'images/6.jpg\r\n', ''),
(11, 'Alfonso', '12345', 'alfonso', '', '', 2, '', 'images/7.png\n', ''),
(12, 'Adrian', '12345', 'adrian', '', '', 2, '', 'images/8.jpg\r\n', ''),
(13, 'Jose Gabriel', '12345', 'gabo', '', '', 2, '', 'images/9.jpg\r\n', ''),
(14, 'Arturo', '12345', 'arturo', '', '', 2, '', 'images/10.jpg\r\n', ''),
(15, 'Gabriel', '12345', 'gabriel', '', '', 2, '', 'images/11.jpg\r\n', ''),
(16, 'Armando', '12345', 'armando', '', '', 2, '', 'images/12.jpg\r\n', ''),
(17, 'Ruben', '12345', 'ruben', '', '', 2, '', 'images/14.jpg\r\n', ''),
(18, 'Francisco', '12345', 'francisco', '', '', 2, '', 'images/4.jpg\r\n', ''),
(19, 'Eduardo', '12345', 'eduardo', '', '', 2, '', 'images/15.jpg\r\n', ''),
(20, 'jose', '12345', 'jose', '', '', 2, 'victor', 'images/tester2.png', '1'),
(21, 'Administrador', '', 'sudosu', '', '123', 3, '', '', '');

-- --------------------------------------------------------

--
-- Estructura de tabla para la tabla `maquina`
--

CREATE TABLE `maquina` (
  `idmaquina` int(255) NOT NULL,
  `nommaquina` varchar(50) NOT NULL,
  `mac` varchar(30) NOT NULL
) ENGINE=InnoDB DEFAULT CHARSET=latin1;

--
-- Volcado de datos para la tabla `maquina`
--

INSERT INTO `maquina` (`idmaquina`, `nommaquina`, `mac`) VALUES
(1, 'Corte', '5c:f5:da:2f:33:5e'),
(2, 'Positivo', ''),
(3, 'Placa', '2c:f0:ee:3d:53:99'),
(4, 'Placa_HS', ''),
(5, 'LaminaOff', ''),
(6, 'Original', ''),
(7, 'Revelado', '34:e2:fd:dd:d0:7b'),
(8, 'Laser', ''),
(9, 'Suaje', 'b0:34:95:01:ec:2b'),
(10, 'Serigrafia', 'f0:db:f8:11:97:bc'),
(11, 'Offset', ''),
(12, 'Digital', ''),
(13, 'LetterPress', ''),
(14, 'Plastificado', ''),
(15, 'Encuadernacion', ''),
(16, 'HotStamping', '90:b9:31:ed:0f:6b'),
(17, 'Grabado', ''),
(18, 'Pleca', ''),
(19, 'Acabado', '');

-- --------------------------------------------------------

--
-- Estructura de tabla para la tabla `ordenes`
--

CREATE TABLE `ordenes` (
  `idorden` int(255) NOT NULL,
  `numodt` varchar(50) NOT NULL,
  `cantpedido` varchar(30) NOT NULL,
  `producto` int(255) DEFAULT NULL,
  `cantrecibida` int(255) DEFAULT NULL,
  `buenos` int(20) DEFAULT NULL,
  `defectos` int(20) DEFAULT NULL,
  `merma_recibida` int(255) DEFAULT NULL,
  `merma_entregada` int(255) DEFAULT NULL,
  `entregados` int(20) DEFAULT NULL,
  `orden` int(255) DEFAULT NULL,
  `fechaprog` date DEFAULT NULL,
  `fechafin` date DEFAULT NULL,
  `fechareg` timestamp NOT NULL DEFAULT CURRENT_TIMESTAMP,
  `total` int(200) DEFAULT NULL,
  `entregado` varchar(30) DEFAULT NULL,
  `maquina` int(255) DEFAULT NULL
) ENGINE=InnoDB DEFAULT CHARSET=latin1;

--
-- Volcado de datos para la tabla `ordenes`
--

INSERT INTO `ordenes` (`idorden`, `numodt`, `cantpedido`, `producto`, `cantrecibida`, `buenos`, `defectos`, `merma_recibida`, `merma_entregada`, `entregados`, `orden`, `fechaprog`, `fechafin`, `fechareg`, `total`, `entregado`, `maquina`) VALUES
(1, '68071', '15', 58, 15, NULL, NULL, NULL, NULL, NULL, NULL, '2016-12-20', '2016-01-01', '2017-09-09 18:06:15', NULL, 'false', NULL),
(2, '68071', '15', 60, 15, NULL, NULL, NULL, NULL, NULL, NULL, '2016-12-20', '2016-01-01', '2017-09-09 18:06:15', NULL, 'false', NULL),
(3, '68071', '15', 84, 15, NULL, NULL, NULL, NULL, NULL, NULL, '2016-12-20', '2016-01-01', '2017-09-09 18:06:15', NULL, 'false', NULL),
(4, '68071', '15', 143, 15, NULL, NULL, NULL, NULL, NULL, NULL, '2016-12-20', '2016-01-01', '2017-09-09 18:06:15', NULL, 'false', NULL),
(5, '68071', '30', 17, 30, NULL, NULL, NULL, NULL, NULL, NULL, '2016-12-20', '2016-01-01', '2017-09-09 18:06:15', NULL, 'false', NULL),
(6, 'I3010', '135', 39, 135, NULL, NULL, NULL, NULL, NULL, NULL, '2017-01-14', '2017-09-07', '2017-09-09 18:06:15', NULL, 'false', NULL),
(7, 'I3010', '135', 40, 135, NULL, NULL, NULL, NULL, NULL, NULL, '2017-01-14', '2017-09-07', '2017-09-09 18:06:15', NULL, 'false', NULL),
(8, 'I3010', '135', 64, 135, NULL, NULL, NULL, NULL, NULL, NULL, '2017-01-14', '2017-09-07', '2017-09-09 18:06:15', NULL, 'false', NULL),
(9, 'I3010', '135', 84, 135, NULL, NULL, NULL, NULL, NULL, NULL, '2017-01-14', '2017-09-07', '2017-09-09 18:06:15', NULL, 'false', NULL),
(10, 'I3010', '135', 136, 135, NULL, NULL, NULL, NULL, NULL, NULL, '2017-01-14', '2017-09-07', '2017-09-09 18:06:15', NULL, 'false', NULL),
(11, 'I3010', '135', 111, 135, NULL, NULL, NULL, NULL, NULL, NULL, '2017-01-14', '2017-09-07', '2017-09-09 18:06:15', NULL, 'false', NULL),
(12, 'I3010', '405', 17, 405, NULL, NULL, NULL, NULL, NULL, NULL, '2017-01-14', '2017-09-07', '2017-09-09 18:06:15', NULL, 'false', NULL),
(13, 'I3015', '100', 58, 100, NULL, NULL, NULL, NULL, NULL, NULL, '2017-01-16', '2017-09-21', '2017-09-09 18:06:15', NULL, 'false', NULL),
(14, 'I3015', '100', 60, 100, NULL, NULL, NULL, NULL, NULL, NULL, '2017-01-16', '2017-09-21', '2017-09-09 18:06:15', NULL, 'false', NULL),
(15, 'I3015', '100', 84, 100, NULL, NULL, NULL, NULL, NULL, NULL, '2017-01-16', '2017-09-21', '2017-09-09 18:06:15', NULL, 'false', NULL),
(16, 'I3015', '100', 136, 100, NULL, NULL, NULL, NULL, NULL, NULL, '2017-01-16', '2017-09-21', '2017-09-09 18:06:15', NULL, 'false', NULL),
(17, 'I3015', '100', 111, 100, NULL, NULL, NULL, NULL, NULL, NULL, '2017-01-16', '2017-09-21', '2017-09-09 18:06:15', NULL, 'false', NULL),
(18, 'I3015', '300', 17, 300, NULL, NULL, NULL, NULL, NULL, NULL, '2017-01-16', '2017-09-21', '2017-09-09 18:06:15', NULL, 'false', NULL),
(19, 'G0804', '75', 62, 75, NULL, NULL, NULL, NULL, NULL, NULL, '2017-01-20', '2017-09-20', '2017-09-09 18:06:15', NULL, 'false', NULL),
(20, 'G0804', '75', 56, 75, NULL, NULL, NULL, NULL, NULL, NULL, '2017-01-20', '2017-09-20', '2017-09-09 18:06:15', NULL, 'false', NULL),
(21, 'G0804', '75', 143, 75, NULL, NULL, NULL, NULL, NULL, NULL, '2017-01-20', '2017-09-20', '2017-09-09 18:06:15', NULL, 'false', NULL),
(22, 'G0804', '75', 84, 75, NULL, NULL, NULL, NULL, NULL, NULL, '2017-01-20', '2017-09-20', '2017-09-09 18:06:15', NULL, 'false', NULL),
(23, 'G0804', '75', 136, 75, NULL, NULL, NULL, NULL, NULL, NULL, '2017-01-20', '2017-09-20', '2017-09-09 18:06:15', NULL, 'false', NULL),
(24, 'G0804', '75', 111, 75, NULL, NULL, NULL, NULL, NULL, NULL, '2017-01-20', '2017-09-20', '2017-09-09 18:06:15', NULL, 'false', NULL),
(25, 'G0804', '150', 17, 150, NULL, NULL, NULL, NULL, NULL, NULL, '2017-01-20', '2017-09-20', '2017-09-09 18:06:15', NULL, 'false', NULL),
(26, '68118', '15', 56, 15, NULL, NULL, NULL, NULL, NULL, NULL, '2017-03-01', '2016-01-01', '2017-09-09 18:06:15', NULL, 'false', NULL),
(27, '68118', '15', 84, 15, NULL, NULL, NULL, NULL, NULL, NULL, '2017-03-01', '2016-01-01', '2017-09-09 18:06:15', NULL, 'false', NULL),
(28, '68118', '15', 114, 15, NULL, NULL, NULL, NULL, NULL, NULL, '2017-03-01', '2016-01-01', '2017-09-09 18:06:15', NULL, 'false', NULL),
(29, '68118', '30', 17, 30, NULL, NULL, NULL, NULL, NULL, NULL, '2017-03-01', '2016-01-01', '2017-09-09 18:06:15', NULL, 'false', NULL),
(30, 'I3114V1', '131', 62, 131, NULL, NULL, NULL, NULL, NULL, NULL, '2017-08-12', '2017-09-14', '2017-09-09 18:06:15', NULL, 'false', NULL),
(31, 'I3114V1', '131', 84, 131, NULL, NULL, NULL, NULL, NULL, NULL, '2017-08-12', '2017-09-14', '2017-09-09 18:06:15', NULL, 'false', NULL),
(32, 'I3114V1', '131', 136, 131, NULL, NULL, NULL, NULL, NULL, NULL, '2017-08-12', '2017-09-14', '2017-09-09 18:06:15', NULL, 'false', NULL),
(33, 'I3114V1', '131', 111, 131, NULL, NULL, NULL, NULL, NULL, NULL, '2017-08-12', '2017-09-14', '2017-09-09 18:06:15', NULL, 'false', NULL),
(34, 'I3114V1', '131', 114, 131, NULL, NULL, NULL, NULL, NULL, NULL, '2017-08-12', '2017-09-14', '2017-09-09 18:06:15', NULL, 'false', NULL),
(35, 'I3114V1', '400', 17, 400, NULL, NULL, NULL, NULL, NULL, NULL, '2017-08-12', '2017-09-14', '2017-09-09 18:06:15', NULL, 'false', NULL),
(36, 'H3685', '90', 62, 90, NULL, NULL, NULL, NULL, NULL, NULL, '2017-04-11', '2017-09-11', '2017-09-09 18:06:15', NULL, 'false', NULL),
(37, 'H3685', '90', 84, 90, NULL, NULL, NULL, NULL, NULL, NULL, '2017-04-11', '2017-09-11', '2017-09-09 18:06:15', NULL, 'false', NULL),
(38, 'H3685', '90', 136, 90, NULL, NULL, NULL, NULL, NULL, NULL, '2017-04-11', '2017-09-11', '2017-09-09 18:06:15', NULL, 'false', NULL),
(39, 'H3685', '90', 111, 90, NULL, NULL, NULL, NULL, NULL, NULL, '2017-04-11', '2017-09-11', '2017-09-09 18:06:15', NULL, 'false', NULL),
(40, 'H3685', '90', 143, 90, NULL, NULL, NULL, NULL, NULL, NULL, '2017-04-11', '2017-09-11', '2017-09-09 18:06:15', NULL, 'false', NULL),
(41, 'H3685', '270', 17, 270, NULL, NULL, NULL, NULL, NULL, NULL, '2017-04-11', '2017-09-11', '2017-09-09 18:06:15', NULL, 'false', NULL),
(42, '68156', '500', 62, 500, NULL, NULL, NULL, NULL, NULL, NULL, '2017-04-21', '2016-01-01', '2017-09-09 18:06:15', NULL, 'false', NULL),
(43, '68156', '500', 143, 500, NULL, NULL, NULL, NULL, NULL, NULL, '2017-04-21', '2016-01-01', '2017-09-09 18:06:15', NULL, 'false', NULL),
(44, '68157', '500', 62, 500, NULL, NULL, NULL, NULL, NULL, NULL, '2017-04-21', '2016-01-01', '2017-09-09 18:06:15', NULL, 'false', NULL),
(45, '68157', '500', 143, 500, NULL, NULL, NULL, NULL, NULL, NULL, '2017-04-21', '2016-01-01', '2017-09-09 18:06:15', NULL, 'false', NULL),
(46, '68158', '500', 62, 500, NULL, NULL, NULL, NULL, NULL, NULL, '2017-04-21', '2016-01-01', '2017-09-09 18:06:15', NULL, 'false', NULL),
(47, '68158', '500', 143, 500, NULL, NULL, NULL, NULL, NULL, NULL, '2017-04-21', '2016-01-01', '2017-09-09 18:06:15', NULL, 'false', NULL),
(48, 'H3720', '160', 62, 160, NULL, NULL, NULL, NULL, NULL, NULL, '2017-04-22', '2017-09-11', '2017-09-09 18:06:15', NULL, 'false', NULL),
(49, 'H3720', '160', 63, 160, NULL, NULL, NULL, NULL, NULL, NULL, '2017-04-22', '2017-09-11', '2017-09-09 18:06:15', NULL, 'false', NULL),
(50, 'H3720', '160', 72, 160, NULL, NULL, NULL, NULL, NULL, NULL, '2017-04-22', '2017-09-11', '2017-09-09 18:06:15', NULL, 'false', NULL),
(51, 'H3720', '160', 84, 160, NULL, NULL, NULL, NULL, NULL, NULL, '2017-04-22', '2017-09-11', '2017-09-09 18:06:15', NULL, 'false', NULL),
(52, 'H3720', '160', 136, 160, NULL, NULL, NULL, NULL, NULL, NULL, '2017-04-22', '2017-09-11', '2017-09-09 18:06:15', NULL, 'false', NULL),
(53, 'H3720', '160', 111, 160, NULL, NULL, NULL, NULL, NULL, NULL, '2017-04-22', '2017-09-11', '2017-09-09 18:06:15', NULL, 'false', NULL),
(54, 'H3720', '160', 114, 160, NULL, NULL, NULL, NULL, NULL, NULL, '2017-04-22', '2017-09-11', '2017-09-09 18:06:15', NULL, 'false', NULL),
(55, 'H3720', '320', 17, 320, NULL, NULL, NULL, NULL, NULL, NULL, '2017-04-22', '2017-09-11', '2017-09-09 18:06:15', NULL, 'false', NULL),
(56, 'H3721', '160', 114, 160, NULL, NULL, NULL, NULL, NULL, NULL, '2017-04-22', '2017-09-11', '2017-09-09 18:06:15', NULL, 'false', NULL),
(57, 'B5719', '15', 93, 15, NULL, NULL, NULL, NULL, NULL, NULL, '2017-05-06', '2017-08-02', '2017-09-09 18:06:15', NULL, 'false', NULL),
(58, 'B5720', '20', 143, 20, NULL, NULL, NULL, NULL, NULL, NULL, '2017-05-06', '2017-08-02', '2017-09-09 18:06:15', NULL, 'false', NULL),
(59, 'B5720', '20', 62, 20, NULL, NULL, NULL, NULL, NULL, NULL, '2017-05-06', '2017-08-02', '2017-09-09 18:06:15', NULL, 'false', NULL),
(60, 'B5720', '20', 93, 20, NULL, NULL, NULL, NULL, NULL, NULL, '2017-05-06', '2017-08-02', '2017-09-09 18:06:15', NULL, 'false', NULL),
(61, 'B5720', '20', 101, 20, NULL, NULL, NULL, NULL, NULL, NULL, '2017-05-06', '2017-08-02', '2017-09-09 18:06:15', NULL, 'false', NULL),
(62, 'B5721', '50', 143, 50, NULL, NULL, NULL, NULL, NULL, NULL, '2017-05-06', '2017-09-05', '2017-09-09 18:06:15', NULL, 'false', NULL),
(63, 'B5721', '50', 25, 50, NULL, NULL, NULL, NULL, NULL, NULL, '2017-05-06', '2017-09-05', '2017-09-09 18:06:15', NULL, 'false', NULL),
(64, 'B5721', '50', 143, 50, NULL, NULL, NULL, NULL, NULL, NULL, '2017-05-06', '2017-09-05', '2017-09-09 18:06:15', NULL, 'false', NULL),
(65, 'B5721', '50', 143, 50, NULL, NULL, NULL, NULL, NULL, NULL, '2017-05-06', '2017-09-05', '2017-09-09 18:06:15', NULL, 'false', NULL),
(66, 'B5721', '50', 143, 50, NULL, NULL, NULL, NULL, NULL, NULL, '2017-05-06', '2017-09-05', '2017-09-09 18:06:15', NULL, 'false', NULL),
(67, 'B5722', '50', 58, 50, NULL, NULL, NULL, NULL, NULL, NULL, '2017-05-06', '2017-09-08', '2017-09-09 18:06:15', NULL, 'false', NULL),
(68, 'B5722', '50', 66, 50, NULL, NULL, NULL, NULL, NULL, NULL, '2017-05-06', '2017-09-08', '2017-09-09 18:06:15', NULL, 'false', NULL),
(69, 'I3233', '85', 62, 85, NULL, NULL, NULL, NULL, NULL, NULL, '2017-05-21', '2017-09-27', '2017-09-09 18:06:15', NULL, 'false', NULL),
(70, 'I3233', '85', 63, 85, NULL, NULL, NULL, NULL, NULL, NULL, '2017-05-21', '2017-09-27', '2017-09-09 18:06:15', NULL, 'false', NULL),
(71, 'I3233', '85', 84, 85, NULL, NULL, NULL, NULL, NULL, NULL, '2017-05-21', '2017-09-27', '2017-09-09 18:06:15', NULL, 'false', NULL),
(72, 'I3233', '85', 136, 85, NULL, NULL, NULL, NULL, NULL, NULL, '2017-05-21', '2017-09-27', '2017-09-09 18:06:15', NULL, 'false', NULL),
(73, 'I3233', '85', 111, 85, NULL, NULL, NULL, NULL, NULL, NULL, '2017-05-21', '2017-09-27', '2017-09-09 18:06:15', NULL, 'false', NULL),
(74, 'I3233', '85', 114, 85, NULL, NULL, NULL, NULL, NULL, NULL, '2017-05-21', '2017-09-27', '2017-09-09 18:06:15', NULL, 'false', NULL),
(75, 'I3233', '255', 17, 255, NULL, NULL, NULL, NULL, NULL, NULL, '2017-05-21', '2017-09-27', '2017-09-09 18:06:15', NULL, 'false', NULL),
(76, 'B5777', '125', 62, 125, NULL, NULL, NULL, NULL, NULL, NULL, '2017-05-25', '2017-08-31', '2017-09-09 18:06:15', NULL, 'false', NULL),
(77, 'B5777', '125', 84, 125, NULL, NULL, NULL, NULL, NULL, NULL, '2017-05-25', '2017-08-31', '2017-09-09 18:06:15', NULL, 'false', NULL),
(78, 'B5777', '125', 136, 125, NULL, NULL, NULL, NULL, NULL, NULL, '2017-05-25', '2017-08-31', '2017-09-09 18:06:15', NULL, 'false', NULL),
(79, 'B5777', '125', 111, 125, NULL, NULL, NULL, NULL, NULL, NULL, '2017-05-25', '2017-08-31', '2017-09-09 18:06:15', NULL, 'false', NULL),
(80, 'B5777', '125', 114, 125, NULL, NULL, NULL, NULL, NULL, NULL, '2017-05-25', '2017-08-31', '2017-09-09 18:06:15', NULL, 'false', NULL),
(81, 'B5777', '375', 17, 375, NULL, NULL, NULL, NULL, NULL, NULL, '2017-05-25', '2017-08-31', '2017-09-09 18:06:15', NULL, 'false', NULL),
(82, 'G0889V2', '100', 56, 100, NULL, NULL, NULL, NULL, NULL, NULL, '2017-08-09', '2017-09-18', '2017-09-09 18:06:15', NULL, 'false', NULL),
(83, 'G0889V2', '100', 84, 100, NULL, NULL, NULL, NULL, NULL, NULL, '2017-08-09', '2017-09-18', '2017-09-09 18:06:15', NULL, 'false', NULL),
(84, 'G0889V2', '100', 136, 100, NULL, NULL, NULL, NULL, NULL, NULL, '2017-08-09', '2017-09-18', '2017-09-09 18:06:15', NULL, 'false', NULL),
(85, 'G0889V2', '100', 111, 100, NULL, NULL, NULL, NULL, NULL, NULL, '2017-08-09', '2017-09-18', '2017-09-09 18:06:15', NULL, 'false', NULL),
(86, 'G0889V2', '100', 114, 100, NULL, NULL, NULL, NULL, NULL, NULL, '2017-08-09', '2017-09-18', '2017-09-09 18:06:15', NULL, 'false', NULL),
(87, 'G0889V2', '300', 17, 300, NULL, NULL, NULL, NULL, NULL, NULL, '2017-08-09', '2017-09-18', '2017-09-09 18:06:15', NULL, 'false', NULL),
(88, 'H3831', '150', 58, 150, NULL, NULL, NULL, NULL, NULL, NULL, '2017-05-27', '2017-08-30', '2017-09-09 18:06:15', NULL, 'false', NULL),
(89, 'H3831', '150', 60, 150, NULL, NULL, NULL, NULL, NULL, NULL, '2017-05-27', '2017-08-30', '2017-09-09 18:06:15', NULL, 'false', NULL),
(90, 'H3831', '150', 84, 150, NULL, NULL, NULL, NULL, NULL, NULL, '2017-05-27', '2017-08-30', '2017-09-09 18:06:15', NULL, 'false', NULL),
(91, 'H3831', '150', 136, 150, NULL, NULL, NULL, NULL, NULL, NULL, '2017-05-27', '2017-08-30', '2017-09-09 18:06:15', NULL, 'false', NULL),
(92, 'H3831', '150', 111, 150, NULL, NULL, NULL, NULL, NULL, NULL, '2017-05-27', '2017-08-30', '2017-09-09 18:06:15', NULL, 'false', NULL),
(93, 'H3831', '400', 17, 400, NULL, NULL, NULL, NULL, NULL, NULL, '2017-05-27', '2017-08-30', '2017-09-09 18:06:15', NULL, 'false', NULL),
(94, 'I3258', '100', 58, 100, NULL, NULL, NULL, NULL, NULL, NULL, '2017-05-28', '2017-09-25', '2017-09-09 18:06:15', NULL, 'false', NULL),
(95, 'I3258', '100', 84, 100, NULL, NULL, NULL, NULL, NULL, NULL, '2017-05-28', '2017-09-25', '2017-09-09 18:06:15', NULL, 'false', NULL),
(96, 'I3258', '100', 136, 100, NULL, NULL, NULL, NULL, NULL, NULL, '2017-05-28', '2017-09-25', '2017-09-09 18:06:15', NULL, 'false', NULL),
(97, 'I3258', '100', 111, 100, NULL, NULL, NULL, NULL, NULL, NULL, '2017-05-28', '2017-09-25', '2017-09-09 18:06:15', NULL, 'false', NULL),
(98, 'I3258', '300', 17, 300, NULL, NULL, NULL, NULL, NULL, NULL, '2017-05-28', '2017-09-25', '2017-09-09 18:06:15', NULL, 'false', NULL),
(99, 'D2292', '100', 58, 100, NULL, NULL, NULL, NULL, NULL, NULL, '2017-06-10', '2017-09-11', '2017-09-09 18:06:15', NULL, 'false', NULL),
(100, 'D2292', '100', 60, 100, NULL, NULL, NULL, NULL, NULL, NULL, '2017-06-10', '2017-09-11', '2017-09-09 18:06:15', NULL, 'false', NULL),
(101, 'D2292', '100', 84, 100, NULL, NULL, NULL, NULL, NULL, NULL, '2017-06-10', '2017-09-11', '2017-09-09 18:06:15', NULL, 'false', NULL),
(102, 'D2292', '100', 136, 100, NULL, NULL, NULL, NULL, NULL, NULL, '2017-06-10', '2017-09-11', '2017-09-09 18:06:15', NULL, 'false', NULL),
(103, 'D2292', '100', 111, 100, NULL, NULL, NULL, NULL, NULL, NULL, '2017-06-10', '2017-09-11', '2017-09-09 18:06:15', NULL, 'false', NULL),
(104, 'D2292', '300', 17, 300, NULL, NULL, NULL, NULL, NULL, NULL, '2017-06-10', '2017-09-11', '2017-09-09 18:06:15', NULL, 'false', NULL),
(105, 'I3284', '110', 58, 110, NULL, NULL, NULL, NULL, NULL, NULL, '2017-06-10', '2017-09-06', '2017-09-09 18:06:15', NULL, 'false', NULL),
(106, 'I3284', '110', 60, 110, NULL, NULL, NULL, NULL, NULL, NULL, '2017-06-10', '2017-09-06', '2017-09-09 18:06:15', NULL, 'false', NULL),
(107, 'I3284', '110', 84, 110, NULL, NULL, NULL, NULL, NULL, NULL, '2017-06-10', '2017-09-06', '2017-09-09 18:06:15', NULL, 'false', NULL),
(108, 'I3284', '110', 136, 110, NULL, NULL, NULL, NULL, NULL, NULL, '2017-06-10', '2017-09-06', '2017-09-09 18:06:15', NULL, 'false', NULL),
(109, 'I3284', '110', 111, 110, NULL, NULL, NULL, NULL, NULL, NULL, '2017-06-10', '2017-09-06', '2017-09-09 18:06:15', NULL, 'false', NULL),
(110, 'I3284', '330', 17, 330, NULL, NULL, NULL, NULL, NULL, NULL, '2017-06-10', '2017-09-06', '2017-09-09 18:06:15', NULL, 'false', NULL),
(111, 'B5833', '50', 58, 50, NULL, NULL, NULL, NULL, NULL, NULL, '2017-06-13', '2017-09-11', '2017-09-09 18:06:15', NULL, 'false', NULL),
(112, 'B5833', '50', 60, 50, NULL, NULL, NULL, NULL, NULL, NULL, '2017-06-13', '2017-09-11', '2017-09-09 18:06:15', NULL, 'false', NULL),
(113, 'B5833', '50', 84, 50, NULL, NULL, NULL, NULL, NULL, NULL, '2017-06-13', '2017-09-11', '2017-09-09 18:06:15', NULL, 'false', NULL),
(114, 'B5833', '50', 136, 50, NULL, NULL, NULL, NULL, NULL, NULL, '2017-06-13', '2017-09-11', '2017-09-09 18:06:15', NULL, 'false', NULL),
(115, 'B5833', '50', 111, 50, NULL, NULL, NULL, NULL, NULL, NULL, '2017-06-13', '2017-09-11', '2017-09-09 18:06:15', NULL, 'false', NULL),
(116, 'B5833', '150', 17, 150, NULL, NULL, NULL, NULL, NULL, NULL, '2017-06-13', '2017-09-11', '2017-09-09 18:06:15', NULL, 'false', NULL),
(117, 'H3908', '110', 62, 110, NULL, NULL, NULL, NULL, NULL, NULL, '2017-06-20', '2017-09-14', '2017-09-09 18:06:15', NULL, 'false', NULL),
(118, 'H3908', '110', 84, 110, NULL, NULL, NULL, NULL, NULL, NULL, '2017-06-20', '2017-09-14', '2017-09-09 18:06:15', NULL, 'false', NULL),
(119, 'H3908', '110', 136, 110, NULL, NULL, NULL, NULL, NULL, NULL, '2017-06-20', '2017-09-14', '2017-09-09 18:06:15', NULL, 'false', NULL),
(120, 'H3908', '110', 114, 110, NULL, NULL, NULL, NULL, NULL, NULL, '2017-06-20', '2017-09-14', '2017-09-09 18:06:15', NULL, 'false', NULL),
(121, 'H3908', '300', 17, 300, NULL, NULL, NULL, NULL, NULL, NULL, '2017-06-20', '2017-09-14', '2017-09-09 18:06:15', NULL, 'false', NULL),
(122, 'G0899', '150', 62, 150, NULL, NULL, NULL, NULL, NULL, NULL, '2017-06-21', '2017-09-29', '2017-09-09 18:06:15', NULL, 'false', NULL),
(123, 'G0899', '150', 84, 150, NULL, NULL, NULL, NULL, NULL, NULL, '2017-06-21', '2017-09-29', '2017-09-09 18:06:15', NULL, 'false', NULL),
(124, 'G0899', '150', 136, 150, NULL, NULL, NULL, NULL, NULL, NULL, '2017-06-21', '2017-09-29', '2017-09-09 18:06:15', NULL, 'false', NULL),
(125, 'G0899', '150', 111, 150, NULL, NULL, NULL, NULL, NULL, NULL, '2017-06-21', '2017-09-29', '2017-09-09 18:06:15', NULL, 'false', NULL),
(126, 'G0899', '150', 114, 150, NULL, NULL, NULL, NULL, NULL, NULL, '2017-06-21', '2017-09-29', '2017-09-09 18:06:15', NULL, 'false', NULL),
(127, 'G0899', '450', 17, 450, NULL, NULL, NULL, NULL, NULL, NULL, '2017-06-21', '2017-09-29', '2017-09-09 18:06:15', NULL, 'false', NULL),
(128, 'H3924', '100', 23, 100, NULL, NULL, NULL, NULL, NULL, NULL, '2017-06-23', '2017-09-20', '2017-09-09 18:06:15', NULL, 'false', NULL),
(129, 'H3924', '100', 141, 100, NULL, NULL, NULL, NULL, NULL, NULL, '2017-06-23', '2017-09-20', '2017-09-09 18:06:15', NULL, 'false', NULL),
(130, 'H3924', '100', 33, 100, NULL, NULL, NULL, NULL, NULL, NULL, '2017-06-23', '2017-09-20', '2017-09-09 18:06:15', NULL, 'false', NULL),
(131, 'H3924', '100', 137, 100, NULL, NULL, NULL, NULL, NULL, NULL, '2017-06-23', '2017-09-20', '2017-09-09 18:06:15', NULL, 'false', NULL),
(132, 'H3924', '100', 138, 100, NULL, NULL, NULL, NULL, NULL, NULL, '2017-06-23', '2017-09-20', '2017-09-09 18:06:15', NULL, 'false', NULL),
(133, 'H3924', '100', 139, 100, NULL, NULL, NULL, NULL, NULL, NULL, '2017-06-23', '2017-09-20', '2017-09-09 18:06:15', NULL, 'false', NULL),
(134, 'H3924', '100', 62, 100, NULL, NULL, NULL, NULL, NULL, NULL, '2017-06-23', '2017-09-20', '2017-09-09 18:06:15', NULL, 'false', NULL),
(135, 'H3924', '100', 84, 100, NULL, NULL, NULL, NULL, NULL, NULL, '2017-06-23', '2017-09-20', '2017-09-09 18:06:15', NULL, 'false', NULL),
(136, 'H3924', '100', 85, 100, NULL, NULL, NULL, NULL, NULL, NULL, '2017-06-23', '2017-09-20', '2017-09-09 18:06:15', NULL, 'false', NULL),
(137, 'H3924', '100', 136, 100, NULL, NULL, NULL, NULL, NULL, NULL, '2017-06-23', '2017-09-20', '2017-09-09 18:06:15', NULL, 'false', NULL),
(138, 'H3924', '100', 111, 100, NULL, NULL, NULL, NULL, NULL, NULL, '2017-06-23', '2017-09-20', '2017-09-09 18:06:15', NULL, 'false', NULL),
(139, 'H3924', '300', 17, 300, NULL, NULL, NULL, NULL, NULL, NULL, '2017-06-23', '2017-09-20', '2017-09-09 18:06:15', NULL, 'false', NULL),
(140, 'H3926', '180', 62, 180, NULL, NULL, NULL, NULL, NULL, NULL, '2017-06-24', '2018-01-02', '2017-09-09 18:06:15', NULL, 'false', NULL),
(141, 'H3926', '180', 84, 180, NULL, NULL, NULL, NULL, NULL, NULL, '2017-06-24', '2018-01-02', '2017-09-09 18:06:15', NULL, 'false', NULL),
(142, 'H3926', '180', 136, 180, NULL, NULL, NULL, NULL, NULL, NULL, '2017-06-24', '2018-01-02', '2017-09-09 18:06:15', NULL, 'false', NULL),
(143, 'H3926', '180', 111, 180, NULL, NULL, NULL, NULL, NULL, NULL, '2017-06-24', '2018-01-02', '2017-09-09 18:06:15', NULL, 'false', NULL),
(144, 'H3926', '180', 114, 180, NULL, NULL, NULL, NULL, NULL, NULL, '2017-06-24', '2018-01-02', '2017-09-09 18:06:15', NULL, 'false', NULL),
(145, 'H3926', '450', 17, 450, NULL, NULL, NULL, NULL, NULL, NULL, '2017-06-24', '2018-01-02', '2017-09-09 18:06:15', NULL, 'false', NULL),
(146, '68225', '20', 62, 20, NULL, NULL, NULL, NULL, NULL, NULL, '2017-06-24', '2016-01-01', '2017-09-09 18:06:15', NULL, 'false', NULL),
(147, '68225', '20', 84, 20, NULL, NULL, NULL, NULL, NULL, NULL, '2017-06-24', '2016-01-01', '2017-09-09 18:06:15', NULL, 'false', NULL),
(148, '68225', '20', 114, 20, NULL, NULL, NULL, NULL, NULL, NULL, '2017-06-24', '2016-01-01', '2017-09-09 18:06:15', NULL, 'false', NULL),
(149, '68225', '40', 17, 40, NULL, NULL, NULL, NULL, NULL, NULL, '2017-06-24', '2016-01-01', '2017-09-09 18:06:15', NULL, 'false', NULL),
(150, 'L1000V1', '115', 62, 115, NULL, NULL, NULL, NULL, NULL, NULL, '2017-08-10', '2017-09-07', '2017-09-09 18:06:15', NULL, 'false', NULL),
(151, 'L1000V1', '115', 63, 115, NULL, NULL, NULL, NULL, NULL, NULL, '2017-08-10', '2017-09-07', '2017-09-09 18:06:15', NULL, 'false', NULL),
(152, 'L1000V1', '115', 84, 115, NULL, NULL, NULL, NULL, NULL, NULL, '2017-08-10', '2017-09-07', '2017-09-09 18:06:15', NULL, 'false', NULL),
(153, 'L1000V1', '115', 136, 115, NULL, NULL, NULL, NULL, NULL, NULL, '2017-08-10', '2017-09-07', '2017-09-09 18:06:15', NULL, 'false', NULL),
(154, 'L1000V1', '115', 111, 115, NULL, NULL, NULL, NULL, NULL, NULL, '2017-08-10', '2017-09-07', '2017-09-09 18:06:15', NULL, 'false', NULL),
(155, 'L1000V1', '115', 114, 115, NULL, NULL, NULL, NULL, NULL, NULL, '2017-08-10', '2017-09-07', '2017-09-09 18:06:15', NULL, 'false', NULL),
(156, 'L1000V1', '345', 17, 345, NULL, NULL, NULL, NULL, NULL, NULL, '2017-08-10', '2017-09-07', '2017-09-09 18:06:15', NULL, 'false', NULL),
(157, '68227', '15', 143, 15, NULL, NULL, NULL, NULL, NULL, NULL, '2017-06-27', '2016-01-01', '2017-09-09 18:06:15', NULL, 'false', NULL),
(158, '68227', '15', 33, 15, NULL, NULL, NULL, NULL, NULL, NULL, '2017-06-27', '2016-01-01', '2017-09-09 18:06:15', NULL, 'false', NULL),
(159, '68227', '15', 138, 15, NULL, NULL, NULL, NULL, NULL, NULL, '2017-06-27', '2016-01-01', '2017-09-09 18:06:15', NULL, 'false', NULL),
(160, '68227', '15', 74, 15, NULL, NULL, NULL, NULL, NULL, NULL, '2017-06-27', '2016-01-01', '2017-09-09 18:06:15', NULL, 'false', NULL),
(161, '68227', '15', 140, 15, NULL, NULL, NULL, NULL, NULL, NULL, '2017-06-27', '2016-01-01', '2017-09-09 18:06:15', NULL, 'false', NULL),
(162, '68227', '15', 143, 15, NULL, NULL, NULL, NULL, NULL, NULL, '2017-06-27', '2016-01-01', '2017-09-09 18:06:15', NULL, 'false', NULL),
(163, 'L1006', '150', 65, 150, NULL, NULL, NULL, NULL, NULL, NULL, '2017-07-01', '2017-09-07', '2017-09-09 18:06:15', NULL, 'false', NULL),
(164, 'L1006', '150', 84, 150, NULL, NULL, NULL, NULL, NULL, NULL, '2017-07-01', '2017-09-07', '2017-09-09 18:06:15', NULL, 'false', NULL),
(165, 'L1006', '150', 136, 150, NULL, NULL, NULL, NULL, NULL, NULL, '2017-07-01', '2017-09-07', '2017-09-09 18:06:15', NULL, 'false', NULL),
(166, 'L1006', '150', 111, 150, NULL, NULL, NULL, NULL, NULL, NULL, '2017-07-01', '2017-09-07', '2017-09-09 18:06:15', NULL, 'false', NULL),
(167, 'L1006', '450', 17, 450, NULL, NULL, NULL, NULL, NULL, NULL, '2017-07-01', '2017-09-07', '2017-09-09 18:06:15', NULL, 'false', NULL),
(168, 'B5887', '50', 39, 50, NULL, NULL, NULL, NULL, NULL, NULL, '2017-07-01', '2017-10-27', '2017-09-09 18:06:15', NULL, 'false', NULL),
(169, 'B5887', '50', 62, 50, NULL, NULL, NULL, NULL, NULL, NULL, '2017-07-01', '2017-10-27', '2017-09-09 18:06:15', NULL, 'false', NULL),
(170, 'B5887', '50', 72, 50, NULL, NULL, NULL, NULL, NULL, NULL, '2017-07-01', '2017-10-27', '2017-09-09 18:06:15', NULL, 'false', NULL),
(171, 'B5887', '50', 84, 50, NULL, NULL, NULL, NULL, NULL, NULL, '2017-07-01', '2017-10-27', '2017-09-09 18:06:15', NULL, 'false', NULL),
(172, 'B5887', '50', 136, 50, NULL, NULL, NULL, NULL, NULL, NULL, '2017-07-01', '2017-10-27', '2017-09-09 18:06:15', NULL, 'false', NULL),
(173, 'B5887', '50', 111, 50, NULL, NULL, NULL, NULL, NULL, NULL, '2017-07-01', '2017-10-27', '2017-09-09 18:06:15', NULL, 'false', NULL),
(174, 'B5887', '50', 114, 50, NULL, NULL, NULL, NULL, NULL, NULL, '2017-07-01', '2017-10-27', '2017-09-09 18:06:15', NULL, 'false', NULL),
(175, 'B5887', '100', 17, 100, NULL, NULL, NULL, NULL, NULL, NULL, '2017-07-01', '2017-10-27', '2017-09-09 18:06:15', NULL, 'false', NULL),
(176, 'B5894', '60', 58, 60, NULL, NULL, NULL, NULL, NULL, NULL, '2017-07-03', '2017-09-26', '2017-09-09 18:06:15', NULL, 'false', NULL),
(177, 'B5894', '60', 62, 60, NULL, NULL, NULL, NULL, NULL, NULL, '2017-07-03', '2017-09-26', '2017-09-09 18:06:15', NULL, 'false', NULL),
(178, 'B5894', '60', 84, 60, NULL, NULL, NULL, NULL, NULL, NULL, '2017-07-03', '2017-09-26', '2017-09-09 18:06:15', NULL, 'false', NULL),
(179, 'B5894', '60', 136, 60, NULL, NULL, NULL, NULL, NULL, NULL, '2017-07-03', '2017-09-26', '2017-09-09 18:06:15', NULL, 'false', NULL),
(180, 'B5894', '60', 111, 60, NULL, NULL, NULL, NULL, NULL, NULL, '2017-07-03', '2017-09-26', '2017-09-09 18:06:15', NULL, 'false', NULL),
(181, 'B5894', '150', 17, 150, NULL, NULL, NULL, NULL, NULL, NULL, '2017-07-03', '2017-09-26', '2017-09-09 18:06:15', NULL, 'false', NULL),
(182, 'B5903', '0', 17, 0, NULL, NULL, NULL, NULL, NULL, NULL, '2017-07-04', '2017-09-22', '2017-09-09 18:06:15', NULL, 'false', NULL),
(183, 'B5903', '150', 62, 150, NULL, NULL, NULL, NULL, NULL, NULL, '2017-07-04', '2017-09-22', '2017-09-09 18:06:15', NULL, 'false', NULL),
(184, 'B5903', '150', 63, 150, NULL, NULL, NULL, NULL, NULL, NULL, '2017-07-04', '2017-09-22', '2017-09-09 18:06:15', NULL, 'false', NULL),
(185, 'B5903', '150', 72, 150, NULL, NULL, NULL, NULL, NULL, NULL, '2017-07-04', '2017-09-22', '2017-09-09 18:06:15', NULL, 'false', NULL),
(186, 'B5903', '150', 84, 150, NULL, NULL, NULL, NULL, NULL, NULL, '2017-07-04', '2017-09-22', '2017-09-09 18:06:15', NULL, 'false', NULL),
(187, 'B5903', '150', 136, 150, NULL, NULL, NULL, NULL, NULL, NULL, '2017-07-04', '2017-09-22', '2017-09-09 18:06:15', NULL, 'false', NULL),
(188, 'B5903', '150', 111, 150, NULL, NULL, NULL, NULL, NULL, NULL, '2017-07-04', '2017-09-22', '2017-09-09 18:06:15', NULL, 'false', NULL),
(189, 'B5903', '150', 114, 150, NULL, NULL, NULL, NULL, NULL, NULL, '2017-07-04', '2017-09-22', '2017-09-09 18:06:15', NULL, 'false', NULL),
(190, 'G0902', '220', 56, 220, NULL, NULL, NULL, NULL, NULL, NULL, '2017-07-05', '2017-10-03', '2017-09-09 18:06:15', NULL, 'false', NULL),
(191, 'G0902', '220', 84, 220, NULL, NULL, NULL, NULL, NULL, NULL, '2017-07-05', '2017-10-03', '2017-09-09 18:06:15', NULL, 'false', NULL),
(192, 'G0902', '220', 136, 220, NULL, NULL, NULL, NULL, NULL, NULL, '2017-07-05', '2017-10-03', '2017-09-09 18:06:15', NULL, 'false', NULL),
(193, 'G0902', '220', 111, 220, NULL, NULL, NULL, NULL, NULL, NULL, '2017-07-05', '2017-10-03', '2017-09-09 18:06:15', NULL, 'false', NULL),
(194, 'G0902', '220', 114, 220, NULL, NULL, NULL, NULL, NULL, NULL, '2017-07-05', '2017-10-03', '2017-09-09 18:06:15', NULL, 'false', NULL),
(195, 'G0902', '600', 17, 600, NULL, NULL, NULL, NULL, NULL, NULL, '2017-07-05', '2017-10-03', '2017-09-09 18:06:15', NULL, 'false', NULL),
(196, 'I3322', '80', 57, 80, NULL, NULL, NULL, NULL, NULL, NULL, '2017-07-07', '2017-09-06', '2017-09-09 18:06:15', NULL, 'false', NULL),
(197, 'I3322', '80', 63, 80, NULL, NULL, NULL, NULL, NULL, NULL, '2017-07-07', '2017-09-06', '2017-09-09 18:06:15', NULL, 'false', NULL),
(198, 'I3322', '80', 72, 80, NULL, NULL, NULL, NULL, NULL, NULL, '2017-07-07', '2017-09-06', '2017-09-09 18:06:15', NULL, 'false', NULL),
(199, 'I3322', '80', 84, 80, NULL, NULL, NULL, NULL, NULL, NULL, '2017-07-07', '2017-09-06', '2017-09-09 18:06:15', NULL, 'false', NULL),
(200, 'I3322', '80', 136, 80, NULL, NULL, NULL, NULL, NULL, NULL, '2017-07-07', '2017-09-06', '2017-09-09 18:06:15', NULL, 'false', NULL),
(201, 'I3322', '80', 111, 80, NULL, NULL, NULL, NULL, NULL, NULL, '2017-07-07', '2017-09-06', '2017-09-09 18:06:15', NULL, 'false', NULL),
(202, 'I3322', '80', 114, 80, NULL, NULL, NULL, NULL, NULL, NULL, '2017-07-07', '2017-09-06', '2017-09-09 18:06:15', NULL, 'false', NULL),
(203, 'I3322', '240', 17, 240, NULL, NULL, NULL, NULL, NULL, NULL, '2017-07-07', '2017-09-06', '2017-09-09 18:06:15', NULL, 'false', NULL),
(204, 'H3993', '100', 62, 100, NULL, NULL, NULL, NULL, NULL, NULL, '2017-07-11', '2017-09-06', '2017-09-09 18:06:15', NULL, 'false', NULL),
(205, 'H3993', '100', 84, 100, NULL, NULL, NULL, NULL, NULL, NULL, '2017-07-11', '2017-09-06', '2017-09-09 18:06:15', NULL, 'false', NULL),
(206, 'H3993', '100', 136, 100, NULL, NULL, NULL, NULL, NULL, NULL, '2017-07-11', '2017-09-06', '2017-09-09 18:06:15', NULL, 'false', NULL),
(207, 'H3993', '100', 111, 100, NULL, NULL, NULL, NULL, NULL, NULL, '2017-07-11', '2017-09-06', '2017-09-09 18:06:15', NULL, 'false', NULL),
(208, 'H3993', '100', 143, 100, NULL, NULL, NULL, NULL, NULL, NULL, '2017-07-11', '2017-09-06', '2017-09-09 18:06:15', NULL, 'false', NULL),
(209, 'H3993', '250', 17, 250, NULL, NULL, NULL, NULL, NULL, NULL, '2017-07-11', '2017-09-06', '2017-09-09 18:06:15', NULL, 'false', NULL),
(210, 'H3994', '80', 49, 80, NULL, NULL, NULL, NULL, NULL, NULL, '2017-07-11', '2017-09-17', '2017-09-09 18:06:15', NULL, 'false', NULL),
(211, 'H3994', '80', 62, 80, NULL, NULL, NULL, NULL, NULL, NULL, '2017-07-11', '2017-09-17', '2017-09-09 18:06:15', NULL, 'false', NULL),
(212, 'I3339', '100', 62, 100, NULL, NULL, NULL, NULL, NULL, NULL, '2017-07-14', '2017-09-13', '2017-09-09 18:06:15', NULL, 'false', NULL),
(213, 'I3339', '100', 84, 100, NULL, NULL, NULL, NULL, NULL, NULL, '2017-07-14', '2017-09-13', '2017-09-09 18:06:15', NULL, 'false', NULL),
(214, 'I3339', '100', 111, 100, NULL, NULL, NULL, NULL, NULL, NULL, '2017-07-14', '2017-09-13', '2017-09-09 18:06:15', NULL, 'false', NULL),
(215, 'I3339', '100', 143, 100, NULL, NULL, NULL, NULL, NULL, NULL, '2017-07-14', '2017-09-13', '2017-09-09 18:06:15', NULL, 'false', NULL),
(216, 'I3339', '300', 17, 300, NULL, NULL, NULL, NULL, NULL, NULL, '2017-07-14', '2017-09-13', '2017-09-09 18:06:15', NULL, 'false', NULL),
(217, '68247', '50', 143, 50, NULL, NULL, NULL, NULL, NULL, NULL, '2017-07-15', '2016-01-01', '2017-09-09 18:06:15', NULL, 'false', NULL),
(218, '68247', '50', 82, 50, NULL, NULL, NULL, NULL, NULL, NULL, '2017-07-15', '2016-01-01', '2017-09-09 18:06:15', NULL, 'false', NULL),
(219, '68247', '50', 93, 50, NULL, NULL, NULL, NULL, NULL, NULL, '2017-07-15', '2016-01-01', '2017-09-09 18:06:15', NULL, 'false', NULL),
(220, '68247', '50', 96, 50, NULL, NULL, NULL, NULL, NULL, NULL, '2017-07-15', '2016-01-01', '2017-09-09 18:06:15', NULL, 'false', NULL),
(221, 'H4003', '180', 114, 180, NULL, NULL, NULL, NULL, NULL, NULL, '2017-07-15', '2018-01-02', '2017-09-09 18:06:15', NULL, 'false', NULL),
(222, '68251', '2', 31, 2, NULL, NULL, NULL, NULL, NULL, NULL, '2017-07-15', '2016-01-01', '2017-09-09 18:06:15', NULL, 'false', NULL),
(223, '68251', '2', 143, 2, NULL, NULL, NULL, NULL, NULL, NULL, '2017-07-15', '2016-01-01', '2017-09-09 18:06:15', NULL, 'false', NULL),
(224, '68251', '2', 143, 2, NULL, NULL, NULL, NULL, NULL, NULL, '2017-07-15', '2016-01-01', '2017-09-09 18:06:15', NULL, 'false', NULL),
(225, 'B5939', '280', 58, 280, NULL, NULL, NULL, NULL, NULL, NULL, '2017-07-15', '2017-09-27', '2017-09-09 18:06:15', NULL, 'false', NULL),
(226, 'B5939', '280', 60, 280, NULL, NULL, NULL, NULL, NULL, NULL, '2017-07-15', '2017-09-27', '2017-09-09 18:06:15', NULL, 'false', NULL),
(227, 'B5939', '280', 84, 280, NULL, NULL, NULL, NULL, NULL, NULL, '2017-07-15', '2017-09-27', '2017-09-09 18:06:15', NULL, 'false', NULL),
(228, 'B5939', '280', 136, 280, NULL, NULL, NULL, NULL, NULL, NULL, '2017-07-15', '2017-09-27', '2017-09-09 18:06:15', NULL, 'false', NULL),
(229, 'B5939', '280', 111, 280, NULL, NULL, NULL, NULL, NULL, NULL, '2017-07-15', '2017-09-27', '2017-09-09 18:06:15', NULL, 'false', NULL),
(230, 'B5939', '560', 17, 560, NULL, NULL, NULL, NULL, NULL, NULL, '2017-07-15', '2017-09-27', '2017-09-09 18:06:15', NULL, 'false', NULL),
(231, 'H4016', '32', 143, 32, NULL, NULL, NULL, NULL, NULL, NULL, '2017-07-20', '2017-09-26', '2017-09-09 18:06:15', NULL, 'false', NULL),
(232, 'H4016', '32', 37, 32, NULL, NULL, NULL, NULL, NULL, NULL, '2017-07-20', '2017-09-26', '2017-09-09 18:06:15', NULL, 'false', NULL),
(233, 'H4016', '32', 62, 32, NULL, NULL, NULL, NULL, NULL, NULL, '2017-07-20', '2017-09-26', '2017-09-09 18:06:15', NULL, 'false', NULL),
(234, 'H4016', '32', 93, 32, NULL, NULL, NULL, NULL, NULL, NULL, '2017-07-20', '2017-09-26', '2017-09-09 18:06:15', NULL, 'false', NULL),
(235, 'H4016', '32', 101, 32, NULL, NULL, NULL, NULL, NULL, NULL, '2017-07-20', '2017-09-26', '2017-09-09 18:06:15', NULL, 'false', NULL),
(236, 'J1056', '120', 62, 120, NULL, NULL, NULL, NULL, NULL, NULL, '2017-07-21', '2017-09-13', '2017-09-09 18:06:15', NULL, 'false', NULL),
(237, 'J1056', '120', 63, 120, NULL, NULL, NULL, NULL, NULL, NULL, '2017-07-21', '2017-09-13', '2017-09-09 18:06:15', NULL, 'false', NULL),
(238, 'J1056', '120', 72, 120, NULL, NULL, NULL, NULL, NULL, NULL, '2017-07-21', '2017-09-13', '2017-09-09 18:06:15', NULL, 'false', NULL),
(239, 'J1056', '120', 84, 120, NULL, NULL, NULL, NULL, NULL, NULL, '2017-07-21', '2017-09-13', '2017-09-09 18:06:15', NULL, 'false', NULL),
(240, 'J1056', '120', 136, 120, NULL, NULL, NULL, NULL, NULL, NULL, '2017-07-21', '2017-09-13', '2017-09-09 18:06:15', NULL, 'false', NULL),
(241, 'J1056', '120', 111, 120, NULL, NULL, NULL, NULL, NULL, NULL, '2017-07-21', '2017-09-13', '2017-09-09 18:06:15', NULL, 'false', NULL),
(242, 'J1056', '120', 114, 120, NULL, NULL, NULL, NULL, NULL, NULL, '2017-07-21', '2017-09-13', '2017-09-09 18:06:15', NULL, 'false', NULL),
(243, 'J1056', '360', 17, 360, NULL, NULL, NULL, NULL, NULL, NULL, '2017-07-21', '2017-09-13', '2017-09-09 18:06:15', NULL, 'false', NULL),
(244, 'H4024', '70', 17, 70, NULL, NULL, NULL, NULL, NULL, NULL, '2017-07-22', '2017-09-20', '2017-09-09 18:06:15', NULL, 'false', NULL),
(245, 'H4024', '70', 62, 70, NULL, NULL, NULL, NULL, NULL, NULL, '2017-07-22', '2017-09-20', '2017-09-09 18:06:15', NULL, 'false', NULL),
(246, 'H4024', '70', 84, 70, NULL, NULL, NULL, NULL, NULL, NULL, '2017-07-22', '2017-09-20', '2017-09-09 18:06:15', NULL, 'false', NULL),
(247, 'H4024', '70', 85, 70, NULL, NULL, NULL, NULL, NULL, NULL, '2017-07-22', '2017-09-20', '2017-09-09 18:06:15', NULL, 'false', NULL),
(248, 'H4024', '70', 114, 70, NULL, NULL, NULL, NULL, NULL, NULL, '2017-07-22', '2017-09-20', '2017-09-09 18:06:15', NULL, 'false', NULL),
(249, 'D2342', '60', 57, 60, NULL, NULL, NULL, NULL, NULL, NULL, '2017-07-22', '2017-09-07', '2017-09-09 18:06:15', NULL, 'false', NULL),
(250, 'D2342', '60', 62, 60, NULL, NULL, NULL, NULL, NULL, NULL, '2017-07-22', '2017-09-07', '2017-09-09 18:06:15', NULL, 'false', NULL),
(251, 'D2342', '60', 72, 60, NULL, NULL, NULL, NULL, NULL, NULL, '2017-07-22', '2017-09-07', '2017-09-09 18:06:15', NULL, 'false', NULL),
(252, 'D2342', '60', 84, 60, NULL, NULL, NULL, NULL, NULL, NULL, '2017-07-22', '2017-09-07', '2017-09-09 18:06:15', NULL, 'false', NULL),
(253, 'D2342', '60', 136, 60, NULL, NULL, NULL, NULL, NULL, NULL, '2017-07-22', '2017-09-07', '2017-09-09 18:06:15', NULL, 'false', NULL),
(254, 'D2342', '60', 111, 60, NULL, NULL, NULL, NULL, NULL, NULL, '2017-07-22', '2017-09-07', '2017-09-09 18:06:15', NULL, 'false', NULL),
(255, 'D2342', '60', 114, 60, NULL, NULL, NULL, NULL, NULL, NULL, '2017-07-22', '2017-09-07', '2017-09-09 18:06:15', NULL, 'false', NULL),
(256, 'D2342', '180', 17, 180, NULL, NULL, NULL, NULL, NULL, NULL, '2017-07-22', '2017-09-07', '2017-09-09 18:06:15', NULL, 'false', NULL),
(257, 'B5991', '100', 58, 100, NULL, NULL, NULL, NULL, NULL, NULL, '2017-07-22', '2017-10-12', '2017-09-09 18:06:15', NULL, 'false', NULL),
(258, 'B5991', '100', 60, 100, NULL, NULL, NULL, NULL, NULL, NULL, '2017-07-22', '2017-10-12', '2017-09-09 18:06:15', NULL, 'false', NULL),
(259, 'B5991', '100', 84, 100, NULL, NULL, NULL, NULL, NULL, NULL, '2017-07-22', '2017-10-12', '2017-09-09 18:06:15', NULL, 'false', NULL),
(260, 'B5991', '100', 143, 100, NULL, NULL, NULL, NULL, NULL, NULL, '2017-07-22', '2017-10-12', '2017-09-09 18:06:15', NULL, 'false', NULL),
(261, 'B5991', '100', 136, 100, NULL, NULL, NULL, NULL, NULL, NULL, '2017-07-22', '2017-10-12', '2017-09-09 18:06:15', NULL, 'false', NULL),
(262, 'B5991', '270', 17, 270, NULL, NULL, NULL, NULL, NULL, NULL, '2017-07-22', '2017-10-12', '2017-09-09 18:06:15', NULL, 'false', NULL),
(263, 'I3350', '90', 62, 90, NULL, NULL, NULL, NULL, NULL, NULL, '2017-07-23', '2017-09-11', '2017-09-09 18:06:15', NULL, 'false', NULL),
(264, 'I3350', '90', 84, 90, NULL, NULL, NULL, NULL, NULL, NULL, '2017-07-23', '2017-09-11', '2017-09-09 18:06:15', NULL, 'false', NULL),
(265, 'I3350', '90', 111, 90, NULL, NULL, NULL, NULL, NULL, NULL, '2017-07-23', '2017-09-11', '2017-09-09 18:06:15', NULL, 'false', NULL),
(266, 'I3350', '90', 114, 90, NULL, NULL, NULL, NULL, NULL, NULL, '2017-07-23', '2017-09-11', '2017-09-09 18:06:15', NULL, 'false', NULL),
(267, 'I3350', '270', 17, 270, NULL, NULL, NULL, NULL, NULL, NULL, '2017-07-23', '2017-09-11', '2017-09-09 18:06:15', NULL, 'false', NULL),
(268, 'I3351', '15', 26, 15, NULL, NULL, NULL, NULL, NULL, NULL, '2017-07-23', '2017-09-11', '2017-09-09 18:06:15', NULL, 'false', NULL),
(269, 'I3351', '15', 143, 15, NULL, NULL, NULL, NULL, NULL, NULL, '2017-07-23', '2017-09-11', '2017-09-09 18:06:15', NULL, 'false', NULL),
(270, 'I3351', '15', 62, 15, NULL, NULL, NULL, NULL, NULL, NULL, '2017-07-23', '2017-09-11', '2017-09-09 18:06:15', NULL, 'false', NULL),
(271, 'J1058', '100', 62, 100, NULL, NULL, NULL, NULL, NULL, NULL, '2017-07-25', '2017-09-20', '2017-09-09 18:06:15', NULL, 'false', NULL),
(272, 'J1058', '100', 84, 100, NULL, NULL, NULL, NULL, NULL, NULL, '2017-07-25', '2017-09-20', '2017-09-09 18:06:15', NULL, 'false', NULL),
(273, 'J1058', '100', 136, 100, NULL, NULL, NULL, NULL, NULL, NULL, '2017-07-25', '2017-09-20', '2017-09-09 18:06:15', NULL, 'false', NULL),
(274, 'J1058', '100', 111, 100, NULL, NULL, NULL, NULL, NULL, NULL, '2017-07-25', '2017-09-20', '2017-09-09 18:06:15', NULL, 'false', NULL),
(275, 'J1058', '100', 114, 100, NULL, NULL, NULL, NULL, NULL, NULL, '2017-07-25', '2017-09-20', '2017-09-09 18:06:15', NULL, 'false', NULL),
(276, 'J1058', '250', 17, 250, NULL, NULL, NULL, NULL, NULL, NULL, '2017-07-25', '2017-09-20', '2017-09-09 18:06:15', NULL, 'false', NULL),
(277, 'J1059', '175', 58, 175, NULL, NULL, NULL, NULL, NULL, NULL, '2017-07-27', '2017-09-19', '2017-09-09 18:06:15', NULL, 'false', NULL),
(278, 'J1059', '175', 60, 175, NULL, NULL, NULL, NULL, NULL, NULL, '2017-07-27', '2017-09-19', '2017-09-09 18:06:15', NULL, 'false', NULL),
(279, 'J1059', '175', 84, 175, NULL, NULL, NULL, NULL, NULL, NULL, '2017-07-27', '2017-09-19', '2017-09-09 18:06:15', NULL, 'false', NULL),
(280, 'J1059', '175', 136, 175, NULL, NULL, NULL, NULL, NULL, NULL, '2017-07-27', '2017-09-19', '2017-09-09 18:06:15', NULL, 'false', NULL),
(281, 'J1059', '175', 111, 175, NULL, NULL, NULL, NULL, NULL, NULL, '2017-07-27', '2017-09-19', '2017-09-09 18:06:15', NULL, 'false', NULL),
(282, 'J1059', '400', 17, 400, NULL, NULL, NULL, NULL, NULL, NULL, '2017-07-27', '2017-09-19', '2017-09-09 18:06:15', NULL, 'false', NULL),
(283, '68258', '1', 143, 1, NULL, NULL, NULL, NULL, NULL, NULL, '2017-07-28', '2016-01-01', '2017-09-09 18:06:15', NULL, 'false', NULL),
(284, '68258', '1', 143, 1, NULL, NULL, NULL, NULL, NULL, NULL, '2017-07-28', '2016-01-01', '2017-09-09 18:06:15', NULL, 'false', NULL),
(285, '68259', '4', 13, 4, NULL, NULL, NULL, NULL, NULL, NULL, '2017-07-28', '2016-01-01', '2017-09-09 18:06:15', NULL, 'false', NULL),
(286, '68259', '4', 25, 4, NULL, NULL, NULL, NULL, NULL, NULL, '2017-07-28', '2016-01-01', '2017-09-09 18:06:15', NULL, 'false', NULL),
(287, 'H4052', '350', 56, 350, NULL, NULL, NULL, NULL, NULL, NULL, '2017-07-28', '2017-09-07', '2017-09-09 18:06:15', NULL, 'false', NULL),
(288, 'H4052', '350', 114, 350, NULL, NULL, NULL, NULL, NULL, NULL, '2017-07-28', '2017-09-07', '2017-09-09 18:06:15', NULL, 'false', NULL),
(289, 'H4059', '50', 58, 50, NULL, NULL, NULL, NULL, NULL, NULL, '2017-07-29', '2017-09-11', '2017-09-09 18:06:15', NULL, 'false', NULL),
(290, 'H4059', '50', 60, 50, NULL, NULL, NULL, NULL, NULL, NULL, '2017-07-29', '2017-09-11', '2017-09-09 18:06:15', NULL, 'false', NULL),
(291, 'H4061', '0', 17, 0, NULL, NULL, NULL, NULL, NULL, NULL, '2017-07-29', '2017-09-11', '2017-09-09 18:06:15', NULL, 'false', NULL),
(292, 'I3363', '70', 62, 70, NULL, NULL, NULL, NULL, NULL, NULL, '2017-07-30', '2017-09-08', '2017-09-09 18:06:15', NULL, 'false', NULL),
(293, 'I3363', '70', 84, 70, NULL, NULL, NULL, NULL, NULL, NULL, '2017-07-30', '2017-09-08', '2017-09-09 18:06:15', NULL, 'false', NULL),
(294, 'I3363', '70', 111, 70, NULL, NULL, NULL, NULL, NULL, NULL, '2017-07-30', '2017-09-08', '2017-09-09 18:06:15', NULL, 'false', NULL),
(295, 'I3363', '70', 114, 70, NULL, NULL, NULL, NULL, NULL, NULL, '2017-07-30', '2017-09-08', '2017-09-09 18:06:15', NULL, 'false', NULL),
(296, 'I3363', '210', 17, 210, NULL, NULL, NULL, NULL, NULL, NULL, '2017-07-30', '2017-09-08', '2017-09-09 18:06:15', NULL, 'false', NULL),
(297, 'J1062', '170', 58, 170, NULL, NULL, NULL, NULL, NULL, NULL, '2017-07-31', '2017-09-11', '2017-09-09 18:06:15', NULL, 'false', NULL),
(298, 'J1062', '170', 60, 170, NULL, NULL, NULL, NULL, NULL, NULL, '2017-07-31', '2017-09-11', '2017-09-09 18:06:15', NULL, 'false', NULL),
(299, 'J1062', '170', 84, 170, NULL, NULL, NULL, NULL, NULL, NULL, '2017-07-31', '2017-09-11', '2017-09-09 18:06:15', NULL, 'false', NULL),
(300, 'J1062', '170', 136, 170, NULL, NULL, NULL, NULL, NULL, NULL, '2017-07-31', '2017-09-11', '2017-09-09 18:06:15', NULL, 'false', NULL),
(301, 'J1062', '170', 111, 170, NULL, NULL, NULL, NULL, NULL, NULL, '2017-07-31', '2017-09-11', '2017-09-09 18:06:15', NULL, 'false', NULL),
(302, 'J1062', '300', 17, 300, NULL, NULL, NULL, NULL, NULL, NULL, '2017-07-31', '2017-09-11', '2017-09-09 18:06:15', NULL, 'false', NULL),
(303, 'I3365', '70', 62, 70, NULL, NULL, NULL, NULL, NULL, NULL, '2017-07-31', '2017-09-07', '2017-09-09 18:06:15', NULL, 'false', NULL),
(304, 'I3365', '70', 72, 70, NULL, NULL, NULL, NULL, NULL, NULL, '2017-07-31', '2017-09-07', '2017-09-09 18:06:15', NULL, 'false', NULL),
(305, 'I3365', '70', 84, 70, NULL, NULL, NULL, NULL, NULL, NULL, '2017-07-31', '2017-09-07', '2017-09-09 18:06:15', NULL, 'false', NULL),
(306, 'I3365', '70', 85, 70, NULL, NULL, NULL, NULL, NULL, NULL, '2017-07-31', '2017-09-07', '2017-09-09 18:06:15', NULL, 'false', NULL),
(307, 'I3365', '70', 136, 70, NULL, NULL, NULL, NULL, NULL, NULL, '2017-07-31', '2017-09-07', '2017-09-09 18:06:15', NULL, 'false', NULL),
(308, 'I3365', '70', 111, 70, NULL, NULL, NULL, NULL, NULL, NULL, '2017-07-31', '2017-09-07', '2017-09-09 18:06:15', NULL, 'false', NULL),
(309, 'I3365', '70', 114, 70, NULL, NULL, NULL, NULL, NULL, NULL, '2017-07-31', '2017-09-07', '2017-09-09 18:06:15', NULL, 'false', NULL),
(310, 'I3365', '210', 17, 210, NULL, NULL, NULL, NULL, NULL, NULL, '2017-07-31', '2017-09-07', '2017-09-09 18:06:15', NULL, 'false', NULL),
(311, 'B6013', '65', 62, 65, NULL, NULL, NULL, NULL, NULL, NULL, '2017-08-01', '2017-09-08', '2017-09-09 18:06:15', NULL, 'false', NULL),
(312, 'B6013', '65', 63, 65, NULL, NULL, NULL, NULL, NULL, NULL, '2017-08-01', '2017-09-08', '2017-09-09 18:06:15', NULL, 'false', NULL),
(313, 'B6013', '65', 84, 65, NULL, NULL, NULL, NULL, NULL, NULL, '2017-08-01', '2017-09-08', '2017-09-09 18:06:15', NULL, 'false', NULL),
(314, 'B6013', '65', 136, 65, NULL, NULL, NULL, NULL, NULL, NULL, '2017-08-01', '2017-09-08', '2017-09-09 18:06:15', NULL, 'false', NULL),
(315, 'B6013', '65', 111, 65, NULL, NULL, NULL, NULL, NULL, NULL, '2017-08-01', '2017-09-08', '2017-09-09 18:06:15', NULL, 'false', NULL),
(316, 'B6013', '65', 114, 65, NULL, NULL, NULL, NULL, NULL, NULL, '2017-08-01', '2017-09-08', '2017-09-09 18:06:15', NULL, 'false', NULL),
(317, 'B6013', '195', 17, 195, NULL, NULL, NULL, NULL, NULL, NULL, '2017-08-01', '2017-09-08', '2017-09-09 18:06:15', NULL, 'false', NULL),
(318, 'H4070', '50', 56, 50, NULL, NULL, NULL, NULL, NULL, NULL, '2017-08-01', '2017-09-13', '2017-09-09 18:06:15', NULL, 'false', NULL),
(319, 'H4070', '50', 58, 50, NULL, NULL, NULL, NULL, NULL, NULL, '2017-08-01', '2017-09-13', '2017-09-09 18:06:15', NULL, 'false', NULL),
(320, 'H4070', '50', 66, 50, NULL, NULL, NULL, NULL, NULL, NULL, '2017-08-01', '2017-09-13', '2017-09-09 18:06:15', NULL, 'false', NULL),
(321, 'H4070', '50', 84, 50, NULL, NULL, NULL, NULL, NULL, NULL, '2017-08-01', '2017-09-13', '2017-09-09 18:06:15', NULL, 'false', NULL),
(322, 'H4070', '50', 111, 50, NULL, NULL, NULL, NULL, NULL, NULL, '2017-08-01', '2017-09-13', '2017-09-09 18:06:15', NULL, 'false', NULL),
(323, 'H4070', '150', 17, 150, NULL, NULL, NULL, NULL, NULL, NULL, '2017-08-01', '2017-09-13', '2017-09-09 18:06:15', NULL, 'false', NULL),
(324, 'I3284OT', '110', 58, 110, NULL, NULL, NULL, NULL, NULL, NULL, '2017-08-02', '2017-09-06', '2017-09-09 18:06:15', NULL, 'false', NULL),
(325, '68267', '20', 58, 20, NULL, NULL, NULL, NULL, NULL, NULL, '2017-08-02', '2016-01-01', '2017-09-09 18:06:15', NULL, 'false', NULL),
(326, '68267', '20', 66, 20, NULL, NULL, NULL, NULL, NULL, NULL, '2017-08-02', '2016-01-01', '2017-09-09 18:06:15', NULL, 'false', NULL),
(327, 'J1066', '100', 65, 100, NULL, NULL, NULL, NULL, NULL, NULL, '2017-08-02', '2017-09-20', '2017-09-09 18:06:15', NULL, 'false', NULL),
(328, 'J1066', '100', 84, 100, NULL, NULL, NULL, NULL, NULL, NULL, '2017-08-02', '2017-09-20', '2017-09-09 18:06:15', NULL, 'false', NULL),
(329, 'J1066', '100', 136, 100, NULL, NULL, NULL, NULL, NULL, NULL, '2017-08-02', '2017-09-20', '2017-09-09 18:06:15', NULL, 'false', NULL),
(330, 'J1066', '100', 111, 100, NULL, NULL, NULL, NULL, NULL, NULL, '2017-08-02', '2017-09-20', '2017-09-09 18:06:15', NULL, 'false', NULL),
(331, 'J1066', '150', 17, 150, NULL, NULL, NULL, NULL, NULL, NULL, '2017-08-02', '2017-09-20', '2017-09-09 18:06:15', NULL, 'false', NULL),
(332, 'B6020', '40', 25, 40, NULL, NULL, NULL, NULL, NULL, NULL, '2017-08-02', '2017-09-11', '2017-09-09 18:06:15', NULL, 'false', NULL),
(333, 'B6022', '50', 62, 50, NULL, NULL, NULL, NULL, NULL, NULL, '2017-08-02', '2017-09-21', '2017-09-09 18:06:15', NULL, 'false', NULL),
(334, 'B6022', '50', 143, 50, NULL, NULL, NULL, NULL, NULL, NULL, '2017-08-02', '2017-09-21', '2017-09-09 18:06:15', NULL, 'false', NULL),
(335, 'B6022', '50', 89, 50, NULL, NULL, NULL, NULL, NULL, NULL, '2017-08-02', '2017-09-21', '2017-09-09 18:06:15', NULL, 'false', NULL),
(336, 'B6022', '50', 111, 50, NULL, NULL, NULL, NULL, NULL, NULL, '2017-08-02', '2017-09-21', '2017-09-09 18:06:15', NULL, 'false', NULL),
(337, 'B6022', '50', 114, 50, NULL, NULL, NULL, NULL, NULL, NULL, '2017-08-02', '2017-09-21', '2017-09-09 18:06:15', NULL, 'false', NULL),
(338, 'B6022', '150', 17, 150, NULL, NULL, NULL, NULL, NULL, NULL, '2017-08-02', '2017-09-21', '2017-09-09 18:06:15', NULL, 'false', NULL),
(339, 'H4073', '160', 23, 160, NULL, NULL, NULL, NULL, NULL, NULL, '2017-08-02', '2017-09-13', '2017-09-09 18:06:15', NULL, 'false', NULL),
(340, 'H4073', '160', 141, 160, NULL, NULL, NULL, NULL, NULL, NULL, '2017-08-02', '2017-09-13', '2017-09-09 18:06:15', NULL, 'false', NULL),
(341, 'H4073', '160', 58, 160, NULL, NULL, NULL, NULL, NULL, NULL, '2017-08-02', '2017-09-13', '2017-09-09 18:06:15', NULL, 'false', NULL),
(342, 'H4073', '160', 60, 160, NULL, NULL, NULL, NULL, NULL, NULL, '2017-08-02', '2017-09-13', '2017-09-09 18:06:15', NULL, 'false', NULL),
(343, 'H4073', '160', 84, 160, NULL, NULL, NULL, NULL, NULL, NULL, '2017-08-02', '2017-09-13', '2017-09-09 18:06:15', NULL, 'false', NULL),
(344, 'H4073', '160', 85, 160, NULL, NULL, NULL, NULL, NULL, NULL, '2017-08-02', '2017-09-13', '2017-09-09 18:06:15', NULL, 'false', NULL),
(345, 'H4073', '160', 136, 160, NULL, NULL, NULL, NULL, NULL, NULL, '2017-08-02', '2017-09-13', '2017-09-09 18:06:15', NULL, 'false', NULL),
(346, 'H4073', '160', 111, 160, NULL, NULL, NULL, NULL, NULL, NULL, '2017-08-02', '2017-09-13', '2017-09-09 18:06:15', NULL, 'false', NULL),
(347, 'H4073', '320', 17, 320, NULL, NULL, NULL, NULL, NULL, NULL, '2017-08-02', '2017-09-13', '2017-09-09 18:06:15', NULL, 'false', NULL),
(348, 'H4074V1', '85', 62, 85, NULL, NULL, NULL, NULL, NULL, NULL, '2017-08-02', '2017-09-12', '2017-09-09 18:06:15', NULL, 'false', NULL),
(349, 'H4074V1', '85', 63, 85, NULL, NULL, NULL, NULL, NULL, NULL, '2017-08-02', '2017-09-12', '2017-09-09 18:06:15', NULL, 'false', NULL),
(350, 'H4074V1', '85', 84, 85, NULL, NULL, NULL, NULL, NULL, NULL, '2017-08-02', '2017-09-12', '2017-09-09 18:06:15', NULL, 'false', NULL),
(351, 'H4074V1', '85', 136, 85, NULL, NULL, NULL, NULL, NULL, NULL, '2017-08-02', '2017-09-12', '2017-09-09 18:06:15', NULL, 'false', NULL),
(352, 'H4074V1', '85', 111, 85, NULL, NULL, NULL, NULL, NULL, NULL, '2017-08-02', '2017-09-12', '2017-09-09 18:06:15', NULL, 'false', NULL),
(353, 'H4074V1', '85', 114, 85, NULL, NULL, NULL, NULL, NULL, NULL, '2017-08-02', '2017-09-12', '2017-09-09 18:06:15', NULL, 'false', NULL),
(354, 'H4074V1', '255', 17, 255, NULL, NULL, NULL, NULL, NULL, NULL, '2017-08-02', '2017-09-12', '2017-09-09 18:06:15', NULL, 'false', NULL),
(355, 'D2357', '50', 62, 50, NULL, NULL, NULL, NULL, NULL, NULL, '2017-08-03', '2017-09-06', '2017-09-09 18:06:15', NULL, 'false', NULL),
(356, 'D2357', '50', 93, 50, NULL, NULL, NULL, NULL, NULL, NULL, '2017-08-03', '2017-09-06', '2017-09-09 18:06:15', NULL, 'false', NULL),
(357, 'D2358', '100', 19, 100, NULL, NULL, NULL, NULL, NULL, NULL, '2017-08-03', '2017-09-11', '2017-09-09 18:06:15', NULL, 'false', NULL),
(358, 'I3370', '80', 62, 80, NULL, NULL, NULL, NULL, NULL, NULL, '2017-08-03', '2017-09-13', '2017-09-09 18:06:15', NULL, 'false', NULL),
(359, 'I3370', '80', 111, 80, NULL, NULL, NULL, NULL, NULL, NULL, '2017-08-03', '2017-09-13', '2017-09-09 18:06:15', NULL, 'false', NULL),
(360, 'G0904', '150', 56, 150, NULL, NULL, NULL, NULL, NULL, NULL, '2017-08-04', '2017-09-18', '2017-09-09 18:06:15', NULL, 'false', NULL),
(361, 'G0904', '150', 72, 150, NULL, NULL, NULL, NULL, NULL, NULL, '2017-08-04', '2017-09-18', '2017-09-09 18:06:15', NULL, 'false', NULL),
(362, 'G0904', '150', 84, 150, NULL, NULL, NULL, NULL, NULL, NULL, '2017-08-04', '2017-09-18', '2017-09-09 18:06:15', NULL, 'false', NULL);
INSERT INTO `ordenes` (`idorden`, `numodt`, `cantpedido`, `producto`, `cantrecibida`, `buenos`, `defectos`, `merma_recibida`, `merma_entregada`, `entregados`, `orden`, `fechaprog`, `fechafin`, `fechareg`, `total`, `entregado`, `maquina`) VALUES
(363, 'G0904', '150', 136, 150, NULL, NULL, NULL, NULL, NULL, NULL, '2017-08-04', '2017-09-18', '2017-09-09 18:06:15', NULL, 'false', NULL),
(364, 'G0904', '150', 111, 150, NULL, NULL, NULL, NULL, NULL, NULL, '2017-08-04', '2017-09-18', '2017-09-09 18:06:15', NULL, 'false', NULL),
(365, 'G0904', '150', 114, 150, NULL, NULL, NULL, NULL, NULL, NULL, '2017-08-04', '2017-09-18', '2017-09-09 18:06:15', NULL, 'false', NULL),
(366, 'G0904', '450', 17, 450, NULL, NULL, NULL, NULL, NULL, NULL, '2017-08-04', '2017-09-18', '2017-09-09 18:06:15', NULL, 'false', NULL),
(367, 'J1068', '100', 58, 100, NULL, NULL, NULL, NULL, NULL, NULL, '2017-08-04', '2017-09-26', '2017-09-09 18:06:15', NULL, 'false', NULL),
(368, 'J1068', '100', 60, 100, NULL, NULL, NULL, NULL, NULL, NULL, '2017-08-04', '2017-09-26', '2017-09-09 18:06:15', NULL, 'false', NULL),
(369, 'J1068', '100', 84, 100, NULL, NULL, NULL, NULL, NULL, NULL, '2017-08-04', '2017-09-26', '2017-09-09 18:06:15', NULL, 'false', NULL),
(370, 'J1068', '100', 136, 100, NULL, NULL, NULL, NULL, NULL, NULL, '2017-08-04', '2017-09-26', '2017-09-09 18:06:15', NULL, 'false', NULL),
(371, 'J1068', '100', 111, 100, NULL, NULL, NULL, NULL, NULL, NULL, '2017-08-04', '2017-09-26', '2017-09-09 18:06:15', NULL, 'false', NULL),
(372, 'J1068', '300', 17, 300, NULL, NULL, NULL, NULL, NULL, NULL, '2017-08-04', '2017-09-26', '2017-09-09 18:06:15', NULL, 'false', NULL),
(373, 'J1069', '230', 62, 230, NULL, NULL, NULL, NULL, NULL, NULL, '2017-08-04', '2017-09-21', '2017-09-09 18:06:15', NULL, 'false', NULL),
(374, 'J1069', '230', 72, 230, NULL, NULL, NULL, NULL, NULL, NULL, '2017-08-04', '2017-09-21', '2017-09-09 18:06:15', NULL, 'false', NULL),
(375, 'J1069', '230', 84, 230, NULL, NULL, NULL, NULL, NULL, NULL, '2017-08-04', '2017-09-21', '2017-09-09 18:06:15', NULL, 'false', NULL),
(376, 'J1069', '230', 136, 230, NULL, NULL, NULL, NULL, NULL, NULL, '2017-08-04', '2017-09-21', '2017-09-09 18:06:15', NULL, 'false', NULL),
(377, 'J1069', '230', 111, 230, NULL, NULL, NULL, NULL, NULL, NULL, '2017-08-04', '2017-09-21', '2017-09-09 18:06:15', NULL, 'false', NULL),
(378, 'J1069', '230', 114, 230, NULL, NULL, NULL, NULL, NULL, NULL, '2017-08-04', '2017-09-21', '2017-09-09 18:06:15', NULL, 'false', NULL),
(379, 'J1069', '650', 17, 650, NULL, NULL, NULL, NULL, NULL, NULL, '2017-08-04', '2017-09-21', '2017-09-09 18:06:15', NULL, 'false', NULL),
(380, 'H4087', '50', 10, 50, NULL, NULL, NULL, NULL, NULL, NULL, '2017-08-05', '2017-09-13', '2017-09-09 18:06:15', NULL, 'false', NULL),
(381, 'H4088', '50', 10, 50, NULL, NULL, NULL, NULL, NULL, NULL, '2017-08-05', '2017-09-13', '2017-09-09 18:06:15', NULL, 'false', NULL),
(382, 'I3371', '100', 58, 100, NULL, NULL, NULL, NULL, NULL, NULL, '2017-08-05', '2017-09-14', '2017-09-09 18:06:15', NULL, 'false', NULL),
(383, 'I3371', '100', 143, 100, NULL, NULL, NULL, NULL, NULL, NULL, '2017-08-05', '2017-09-14', '2017-09-09 18:06:15', NULL, 'false', NULL),
(384, 'I3371', '100', 140, 100, NULL, NULL, NULL, NULL, NULL, NULL, '2017-08-05', '2017-09-14', '2017-09-09 18:06:15', NULL, 'false', NULL),
(385, 'I3371', '100', 136, 100, NULL, NULL, NULL, NULL, NULL, NULL, '2017-08-05', '2017-09-14', '2017-09-09 18:06:15', NULL, 'false', NULL),
(386, 'I3371', '100', 111, 100, NULL, NULL, NULL, NULL, NULL, NULL, '2017-08-05', '2017-09-14', '2017-09-09 18:06:15', NULL, 'false', NULL),
(387, 'I3371', '100', 114, 100, NULL, NULL, NULL, NULL, NULL, NULL, '2017-08-05', '2017-09-14', '2017-09-09 18:06:15', NULL, 'false', NULL),
(388, 'I3371', '300', 17, 300, NULL, NULL, NULL, NULL, NULL, NULL, '2017-08-05', '2017-09-14', '2017-09-09 18:06:15', NULL, 'false', NULL),
(389, 'B6036', '40', 143, 40, NULL, NULL, NULL, NULL, NULL, NULL, '2017-08-05', '2017-09-20', '2017-09-09 18:06:15', NULL, 'false', NULL),
(390, 'I3372', '100', 58, 100, NULL, NULL, NULL, NULL, NULL, NULL, '2017-08-05', '2017-09-14', '2017-09-09 18:06:15', NULL, 'false', NULL),
(391, 'I3372', '100', 60, 100, NULL, NULL, NULL, NULL, NULL, NULL, '2017-08-05', '2017-09-14', '2017-09-09 18:06:15', NULL, 'false', NULL),
(392, 'I3372', '100', 84, 100, NULL, NULL, NULL, NULL, NULL, NULL, '2017-08-05', '2017-09-14', '2017-09-09 18:06:15', NULL, 'false', NULL),
(393, 'I3372', '100', 136, 100, NULL, NULL, NULL, NULL, NULL, NULL, '2017-08-05', '2017-09-14', '2017-09-09 18:06:15', NULL, 'false', NULL),
(394, 'I3372', '100', 111, 100, NULL, NULL, NULL, NULL, NULL, NULL, '2017-08-05', '2017-09-14', '2017-09-09 18:06:15', NULL, 'false', NULL),
(395, 'I3372', '100', 143, 100, NULL, NULL, NULL, NULL, NULL, NULL, '2017-08-05', '2017-09-14', '2017-09-09 18:06:15', NULL, 'false', NULL),
(396, 'I3372', '300', 17, 300, NULL, NULL, NULL, NULL, NULL, NULL, '2017-08-05', '2017-09-14', '2017-09-09 18:06:15', NULL, 'false', NULL),
(397, 'B6040', '120', 58, 120, NULL, NULL, NULL, NULL, NULL, NULL, '2017-08-07', '2017-10-02', '2017-09-09 18:06:15', NULL, 'false', NULL),
(398, 'B6040', '120', 84, 120, NULL, NULL, NULL, NULL, NULL, NULL, '2017-08-07', '2017-10-02', '2017-09-09 18:06:15', NULL, 'false', NULL),
(399, 'B6040', '120', 136, 120, NULL, NULL, NULL, NULL, NULL, NULL, '2017-08-07', '2017-10-02', '2017-09-09 18:06:15', NULL, 'false', NULL),
(400, 'B6040', '120', 111, 120, NULL, NULL, NULL, NULL, NULL, NULL, '2017-08-07', '2017-10-02', '2017-09-09 18:06:15', NULL, 'false', NULL),
(401, 'B6040', '360', 17, 360, NULL, NULL, NULL, NULL, NULL, NULL, '2017-08-07', '2017-10-02', '2017-09-09 18:06:15', NULL, 'false', NULL),
(402, 'H4100', '150', 56, 150, NULL, NULL, NULL, NULL, NULL, NULL, '2017-08-07', '2017-09-20', '2017-09-09 18:06:15', NULL, 'false', NULL),
(403, 'H4100', '150', 72, 150, NULL, NULL, NULL, NULL, NULL, NULL, '2017-08-07', '2017-09-20', '2017-09-09 18:06:15', NULL, 'false', NULL),
(404, 'H4100', '150', 84, 150, NULL, NULL, NULL, NULL, NULL, NULL, '2017-08-07', '2017-09-20', '2017-09-09 18:06:15', NULL, 'false', NULL),
(405, 'H4100', '150', 136, 150, NULL, NULL, NULL, NULL, NULL, NULL, '2017-08-07', '2017-09-20', '2017-09-09 18:06:15', NULL, 'false', NULL),
(406, 'H4100', '150', 111, 150, NULL, NULL, NULL, NULL, NULL, NULL, '2017-08-07', '2017-09-20', '2017-09-09 18:06:15', NULL, 'false', NULL),
(407, 'H4100', '150', 114, 150, NULL, NULL, NULL, NULL, NULL, NULL, '2017-08-07', '2017-09-20', '2017-09-09 18:06:15', NULL, 'false', NULL),
(408, 'H4100', '450', 17, 450, NULL, NULL, NULL, NULL, NULL, NULL, '2017-08-07', '2017-09-20', '2017-09-09 18:06:15', NULL, 'false', NULL),
(409, 'H4101', '200', 123, 200, NULL, NULL, NULL, NULL, NULL, NULL, '2017-08-07', '2017-09-11', '2017-09-09 18:06:15', NULL, 'false', NULL),
(410, 'D2366', '120', 58, 120, NULL, NULL, NULL, NULL, NULL, NULL, '2017-08-08', '2017-09-14', '2017-09-09 18:06:15', NULL, 'false', NULL),
(411, 'D2366', '120', 60, 120, NULL, NULL, NULL, NULL, NULL, NULL, '2017-08-08', '2017-09-14', '2017-09-09 18:06:15', NULL, 'false', NULL),
(412, 'D2366', '120', 84, 120, NULL, NULL, NULL, NULL, NULL, NULL, '2017-08-08', '2017-09-14', '2017-09-09 18:06:15', NULL, 'false', NULL),
(413, 'D2366', '120', 85, 120, NULL, NULL, NULL, NULL, NULL, NULL, '2017-08-08', '2017-09-14', '2017-09-09 18:06:15', NULL, 'false', NULL),
(414, 'D2366', '120', 136, 120, NULL, NULL, NULL, NULL, NULL, NULL, '2017-08-08', '2017-09-14', '2017-09-09 18:06:15', NULL, 'false', NULL),
(415, 'D2366', '120', 111, 120, NULL, NULL, NULL, NULL, NULL, NULL, '2017-08-08', '2017-09-14', '2017-09-09 18:06:15', NULL, 'false', NULL),
(416, 'D2366', '360', 17, 360, NULL, NULL, NULL, NULL, NULL, NULL, '2017-08-08', '2017-09-14', '2017-09-09 18:06:15', NULL, 'false', NULL),
(417, 'F1612', '200', 58, 200, NULL, NULL, NULL, NULL, NULL, NULL, '2017-08-08', '2017-09-21', '2017-09-09 18:06:15', NULL, 'false', NULL),
(418, 'F1612', '200', 60, 200, NULL, NULL, NULL, NULL, NULL, NULL, '2017-08-08', '2017-09-21', '2017-09-09 18:06:15', NULL, 'false', NULL),
(419, 'F1612', '200', 84, 200, NULL, NULL, NULL, NULL, NULL, NULL, '2017-08-08', '2017-09-21', '2017-09-09 18:06:15', NULL, 'false', NULL),
(420, 'F1612', '200', 136, 200, NULL, NULL, NULL, NULL, NULL, NULL, '2017-08-08', '2017-09-21', '2017-09-09 18:06:15', NULL, 'false', NULL),
(421, 'F1612', '200', 111, 200, NULL, NULL, NULL, NULL, NULL, NULL, '2017-08-08', '2017-09-21', '2017-09-09 18:06:15', NULL, 'false', NULL),
(422, 'F1612', '400', 17, 400, NULL, NULL, NULL, NULL, NULL, NULL, '2017-08-08', '2017-09-21', '2017-09-09 18:06:15', NULL, 'false', NULL),
(423, 'J1070', '250', 62, 250, NULL, NULL, NULL, NULL, NULL, NULL, '2017-08-09', '2017-09-18', '2017-09-09 18:06:15', NULL, 'false', NULL),
(424, 'J1070', '250', 56, 250, NULL, NULL, NULL, NULL, NULL, NULL, '2017-08-09', '2017-09-18', '2017-09-09 18:06:15', NULL, 'false', NULL),
(425, 'J1070', '250', 72, 250, NULL, NULL, NULL, NULL, NULL, NULL, '2017-08-09', '2017-09-18', '2017-09-09 18:06:15', NULL, 'false', NULL),
(426, 'J1070', '250', 84, 250, NULL, NULL, NULL, NULL, NULL, NULL, '2017-08-09', '2017-09-18', '2017-09-09 18:06:15', NULL, 'false', NULL),
(427, 'J1070', '250', 136, 250, NULL, NULL, NULL, NULL, NULL, NULL, '2017-08-09', '2017-09-18', '2017-09-09 18:06:15', NULL, 'false', NULL),
(428, 'J1070', '250', 143, 250, NULL, NULL, NULL, NULL, NULL, NULL, '2017-08-09', '2017-09-18', '2017-09-09 18:06:15', NULL, 'false', NULL),
(429, 'J1070', '250', 111, 250, NULL, NULL, NULL, NULL, NULL, NULL, '2017-08-09', '2017-09-18', '2017-09-09 18:06:15', NULL, 'false', NULL),
(430, 'J1070', '250', 114, 250, NULL, NULL, NULL, NULL, NULL, NULL, '2017-08-09', '2017-09-18', '2017-09-09 18:06:15', NULL, 'false', NULL),
(431, 'J1070', '700', 17, 700, NULL, NULL, NULL, NULL, NULL, NULL, '2017-08-09', '2017-09-18', '2017-09-09 18:06:15', NULL, 'false', NULL),
(432, 'H4109', '55', 41, 55, NULL, NULL, NULL, NULL, NULL, NULL, '2017-08-09', '2017-09-18', '2017-09-09 18:06:15', NULL, 'false', NULL),
(433, 'H4109', '55', 56, 55, NULL, NULL, NULL, NULL, NULL, NULL, '2017-08-09', '2017-09-18', '2017-09-09 18:06:15', NULL, 'false', NULL),
(434, 'H4109', '55', 84, 55, NULL, NULL, NULL, NULL, NULL, NULL, '2017-08-09', '2017-09-18', '2017-09-09 18:06:15', NULL, 'false', NULL),
(435, 'H4109', '55', 136, 55, NULL, NULL, NULL, NULL, NULL, NULL, '2017-08-09', '2017-09-18', '2017-09-09 18:06:15', NULL, 'false', NULL),
(436, 'H4109', '55', 111, 55, NULL, NULL, NULL, NULL, NULL, NULL, '2017-08-09', '2017-09-18', '2017-09-09 18:06:15', NULL, 'false', NULL),
(437, 'H4109', '55', 114, 55, NULL, NULL, NULL, NULL, NULL, NULL, '2017-08-09', '2017-09-18', '2017-09-09 18:06:15', NULL, 'false', NULL),
(438, 'H4109', '110', 17, 110, NULL, NULL, NULL, NULL, NULL, NULL, '2017-08-09', '2017-09-18', '2017-09-09 18:06:15', NULL, 'false', NULL),
(439, 'I3380', '100', 62, 100, NULL, NULL, NULL, NULL, NULL, NULL, '2017-08-09', '2017-09-07', '2017-09-09 18:06:15', NULL, 'false', NULL),
(440, 'I3380', '100', 63, 100, NULL, NULL, NULL, NULL, NULL, NULL, '2017-08-09', '2017-09-07', '2017-09-09 18:06:15', NULL, 'false', NULL),
(441, 'I3380', '100', 84, 100, NULL, NULL, NULL, NULL, NULL, NULL, '2017-08-09', '2017-09-07', '2017-09-09 18:06:15', NULL, 'false', NULL),
(442, 'I3380', '100', 136, 100, NULL, NULL, NULL, NULL, NULL, NULL, '2017-08-09', '2017-09-07', '2017-09-09 18:06:15', NULL, 'false', NULL),
(443, 'I3380', '100', 111, 100, NULL, NULL, NULL, NULL, NULL, NULL, '2017-08-09', '2017-09-07', '2017-09-09 18:06:15', NULL, 'false', NULL),
(444, 'I3380', '100', 114, 100, NULL, NULL, NULL, NULL, NULL, NULL, '2017-08-09', '2017-09-07', '2017-09-09 18:06:15', NULL, 'false', NULL),
(445, 'I3380', '300', 17, 300, NULL, NULL, NULL, NULL, NULL, NULL, '2017-08-09', '2017-09-07', '2017-09-09 18:06:15', NULL, 'false', NULL),
(446, '68273', '200', 33, 200, NULL, NULL, NULL, NULL, NULL, NULL, '2017-08-11', '2017-09-20', '2017-09-09 18:06:15', NULL, 'false', NULL),
(447, '68273', '200', 114, 200, NULL, NULL, NULL, NULL, NULL, NULL, '2017-08-11', '2017-09-20', '2017-09-09 18:06:15', NULL, 'false', NULL),
(448, '68273', '200', 123, 200, NULL, NULL, NULL, NULL, NULL, NULL, '2017-08-11', '2017-09-20', '2017-09-09 18:06:15', NULL, 'false', NULL),
(449, 'H4119', '150', 62, 150, NULL, NULL, NULL, NULL, NULL, NULL, '2017-08-11', '2017-09-13', '2017-09-09 18:06:15', NULL, 'false', NULL),
(450, 'H4119', '150', 84, 150, NULL, NULL, NULL, NULL, NULL, NULL, '2017-08-11', '2017-09-13', '2017-09-09 18:06:15', NULL, 'false', NULL),
(451, 'H4119', '150', 136, 150, NULL, NULL, NULL, NULL, NULL, NULL, '2017-08-11', '2017-09-13', '2017-09-09 18:06:15', NULL, 'false', NULL),
(452, 'H4119', '150', 111, 150, NULL, NULL, NULL, NULL, NULL, NULL, '2017-08-11', '2017-09-13', '2017-09-09 18:06:15', NULL, 'false', NULL),
(453, 'H4119', '150', 114, 150, NULL, NULL, NULL, NULL, NULL, NULL, '2017-08-11', '2017-09-13', '2017-09-09 18:06:15', NULL, 'false', NULL),
(454, 'H4119', '450', 17, 450, NULL, NULL, NULL, NULL, NULL, NULL, '2017-08-11', '2017-09-13', '2017-09-09 18:06:15', NULL, 'false', NULL),
(455, 'B6058', '1', 123, 1, NULL, NULL, NULL, NULL, NULL, NULL, '2017-08-11', '2017-09-13', '2017-09-09 18:06:15', NULL, 'false', NULL),
(456, 'L1029', '220', 114, 220, NULL, NULL, NULL, NULL, NULL, NULL, '2017-08-11', '2017-09-11', '2017-09-09 18:06:15', NULL, 'false', NULL),
(457, 'I3386', '100', 65, 100, NULL, NULL, NULL, NULL, NULL, NULL, '2017-08-12', '2017-09-28', '2017-09-09 18:06:15', NULL, 'false', NULL),
(458, 'I3386', '100', 84, 100, NULL, NULL, NULL, NULL, NULL, NULL, '2017-08-12', '2017-09-28', '2017-09-09 18:06:15', NULL, 'false', NULL),
(459, 'I3386', '100', 111, 100, NULL, NULL, NULL, NULL, NULL, NULL, '2017-08-12', '2017-09-28', '2017-09-09 18:06:15', NULL, 'false', NULL),
(460, 'I3386', '300', 17, 300, NULL, NULL, NULL, NULL, NULL, NULL, '2017-08-12', '2017-09-28', '2017-09-09 18:06:15', NULL, 'false', NULL),
(461, 'L1032', '160', 65, 160, NULL, NULL, NULL, NULL, NULL, NULL, '2017-08-13', '2017-10-11', '2017-09-09 18:06:15', NULL, 'false', NULL),
(462, 'L1032', '160', 84, 160, NULL, NULL, NULL, NULL, NULL, NULL, '2017-08-13', '2017-10-11', '2017-09-09 18:06:15', NULL, 'false', NULL),
(463, 'L1032', '160', 136, 160, NULL, NULL, NULL, NULL, NULL, NULL, '2017-08-13', '2017-10-11', '2017-09-09 18:06:15', NULL, 'false', NULL),
(464, 'L1032', '160', 111, 160, NULL, NULL, NULL, NULL, NULL, NULL, '2017-08-13', '2017-10-11', '2017-09-09 18:06:15', NULL, 'false', NULL),
(465, 'L1032', '480', 17, 480, NULL, NULL, NULL, NULL, NULL, NULL, '2017-08-13', '2017-10-11', '2017-09-09 18:06:15', NULL, 'false', NULL),
(466, 'G0904E1', '20', 56, 20, NULL, NULL, NULL, NULL, NULL, NULL, '2017-08-14', '2017-09-18', '2017-09-09 18:06:15', NULL, 'false', NULL),
(467, 'G0904E1', '20', 72, 20, NULL, NULL, NULL, NULL, NULL, NULL, '2017-08-14', '2017-09-18', '2017-09-09 18:06:15', NULL, 'false', NULL),
(468, 'G0904E1', '20', 84, 20, NULL, NULL, NULL, NULL, NULL, NULL, '2017-08-14', '2017-09-18', '2017-09-09 18:06:15', NULL, 'false', NULL),
(469, 'G0904E1', '20', 136, 20, NULL, NULL, NULL, NULL, NULL, NULL, '2017-08-14', '2017-09-18', '2017-09-09 18:06:15', NULL, 'false', NULL),
(470, 'G0904E1', '20', 111, 20, NULL, NULL, NULL, NULL, NULL, NULL, '2017-08-14', '2017-09-18', '2017-09-09 18:06:15', NULL, 'false', NULL),
(471, 'G0904E1', '20', 114, 20, NULL, NULL, NULL, NULL, NULL, NULL, '2017-08-14', '2017-09-18', '2017-09-09 18:06:15', NULL, 'false', NULL),
(472, 'G0904E1', '40', 17, 40, NULL, NULL, NULL, NULL, NULL, NULL, '2017-08-14', '2017-09-18', '2017-09-09 18:06:15', NULL, 'false', NULL),
(473, 'L1006OT', '150', 65, 150, NULL, NULL, NULL, NULL, NULL, NULL, '2017-08-14', '2017-09-08', '2017-09-09 18:06:15', NULL, 'false', NULL),
(474, 'H4131', '80', 56, 80, NULL, NULL, NULL, NULL, NULL, NULL, '2017-08-15', '2017-09-25', '2017-09-09 18:06:15', NULL, 'false', NULL),
(475, 'H4131', '80', 84, 80, NULL, NULL, NULL, NULL, NULL, NULL, '2017-08-15', '2017-09-25', '2017-09-09 18:06:15', NULL, 'false', NULL),
(476, 'H4131', '80', 136, 80, NULL, NULL, NULL, NULL, NULL, NULL, '2017-08-15', '2017-09-25', '2017-09-09 18:06:15', NULL, 'false', NULL),
(477, 'H4131', '80', 111, 80, NULL, NULL, NULL, NULL, NULL, NULL, '2017-08-15', '2017-09-25', '2017-09-09 18:06:15', NULL, 'false', NULL),
(478, 'H4131', '80', 114, 80, NULL, NULL, NULL, NULL, NULL, NULL, '2017-08-15', '2017-09-25', '2017-09-09 18:06:15', NULL, 'false', NULL),
(479, 'H4131', '240', 17, 240, NULL, NULL, NULL, NULL, NULL, NULL, '2017-08-15', '2017-09-25', '2017-09-09 18:06:15', NULL, 'false', NULL),
(480, 'D2372', '170', 88, 170, NULL, NULL, NULL, NULL, NULL, NULL, '2017-08-15', '2017-09-18', '2017-09-09 18:06:15', NULL, 'false', NULL),
(481, 'H4134', '94', 26, 94, NULL, NULL, NULL, NULL, NULL, NULL, '2017-08-15', '2017-09-20', '2017-09-09 18:06:15', NULL, 'false', NULL),
(482, 'H4134', '94', 143, 94, NULL, NULL, NULL, NULL, NULL, NULL, '2017-08-15', '2017-09-20', '2017-09-09 18:06:15', NULL, 'false', NULL),
(483, 'H4134', '94', 62, 94, NULL, NULL, NULL, NULL, NULL, NULL, '2017-08-15', '2017-09-20', '2017-09-09 18:06:15', NULL, 'false', NULL),
(484, 'I3392', '50', 62, 50, NULL, NULL, NULL, NULL, NULL, NULL, '2017-08-16', '2017-09-17', '2017-09-09 18:06:15', NULL, 'false', NULL),
(485, 'I3392', '50', 84, 50, NULL, NULL, NULL, NULL, NULL, NULL, '2017-08-16', '2017-09-17', '2017-09-09 18:06:15', NULL, 'false', NULL),
(486, 'I3392', '50', 111, 50, NULL, NULL, NULL, NULL, NULL, NULL, '2017-08-16', '2017-09-17', '2017-09-09 18:06:15', NULL, 'false', NULL),
(487, 'I3392', '50', 114, 50, NULL, NULL, NULL, NULL, NULL, NULL, '2017-08-16', '2017-09-17', '2017-09-09 18:06:15', NULL, 'false', NULL),
(488, 'I3392', '150', 17, 150, NULL, NULL, NULL, NULL, NULL, NULL, '2017-08-16', '2017-09-17', '2017-09-09 18:06:15', NULL, 'false', NULL),
(489, 'B6064', '250', 56, 250, NULL, NULL, NULL, NULL, NULL, NULL, '2017-08-16', '2017-09-26', '2017-09-09 18:06:15', NULL, 'false', NULL),
(490, 'B6064', '250', 72, 250, NULL, NULL, NULL, NULL, NULL, NULL, '2017-08-16', '2017-09-26', '2017-09-09 18:06:15', NULL, 'false', NULL),
(491, 'B6064', '250', 84, 250, NULL, NULL, NULL, NULL, NULL, NULL, '2017-08-16', '2017-09-26', '2017-09-09 18:06:15', NULL, 'false', NULL),
(492, 'B6064', '250', 136, 250, NULL, NULL, NULL, NULL, NULL, NULL, '2017-08-16', '2017-09-26', '2017-09-09 18:06:15', NULL, 'false', NULL),
(493, 'B6064', '250', 143, 250, NULL, NULL, NULL, NULL, NULL, NULL, '2017-08-16', '2017-09-26', '2017-09-09 18:06:15', NULL, 'false', NULL),
(494, 'B6064', '250', 111, 250, NULL, NULL, NULL, NULL, NULL, NULL, '2017-08-16', '2017-09-26', '2017-09-09 18:06:15', NULL, 'false', NULL),
(495, 'B6064', '250', 114, 250, NULL, NULL, NULL, NULL, NULL, NULL, '2017-08-16', '2017-09-26', '2017-09-09 18:06:15', NULL, 'false', NULL),
(496, 'B6064', '750', 17, 750, NULL, NULL, NULL, NULL, NULL, NULL, '2017-08-16', '2017-09-26', '2017-09-09 18:06:15', NULL, 'false', NULL),
(497, 'H4135', '350', 65, 350, NULL, NULL, NULL, NULL, NULL, NULL, '2017-08-16', '2017-09-15', '2017-09-09 18:06:15', NULL, 'false', NULL),
(498, 'H4135', '350', 111, 350, NULL, NULL, NULL, NULL, NULL, NULL, '2017-08-16', '2017-09-15', '2017-09-09 18:06:15', NULL, 'false', NULL),
(499, 'F1622', '20', 88, 20, NULL, NULL, NULL, NULL, NULL, NULL, '2017-08-16', '2017-10-02', '2017-09-09 18:06:15', NULL, 'false', NULL),
(500, 'H4136', '160', 10, 160, NULL, NULL, NULL, NULL, NULL, NULL, '2017-08-16', '2017-09-18', '2017-09-09 18:06:15', NULL, 'false', NULL),
(501, 'H4137', '160', 56, 160, NULL, NULL, NULL, NULL, NULL, NULL, '2017-08-16', '2017-09-18', '2017-09-09 18:06:15', NULL, 'false', NULL),
(502, 'H4137', '160', 58, 160, NULL, NULL, NULL, NULL, NULL, NULL, '2017-08-16', '2017-09-18', '2017-09-09 18:06:15', NULL, 'false', NULL),
(503, 'H4137', '160', 111, 160, NULL, NULL, NULL, NULL, NULL, NULL, '2017-08-16', '2017-09-18', '2017-09-09 18:06:15', NULL, 'false', NULL),
(504, 'H4137', '480', 17, 480, NULL, NULL, NULL, NULL, NULL, NULL, '2017-08-16', '2017-09-18', '2017-09-09 18:06:15', NULL, 'false', NULL),
(505, 'B6065', '240', 62, 240, NULL, NULL, NULL, NULL, NULL, NULL, '2017-08-16', '2017-09-12', '2017-09-09 18:06:15', NULL, 'false', NULL),
(506, 'B6065', '240', 84, 240, NULL, NULL, NULL, NULL, NULL, NULL, '2017-08-16', '2017-09-12', '2017-09-09 18:06:15', NULL, 'false', NULL),
(507, 'B6065', '240', 136, 240, NULL, NULL, NULL, NULL, NULL, NULL, '2017-08-16', '2017-09-12', '2017-09-09 18:06:15', NULL, 'false', NULL),
(508, 'B6065', '240', 111, 240, NULL, NULL, NULL, NULL, NULL, NULL, '2017-08-16', '2017-09-12', '2017-09-09 18:06:15', NULL, 'false', NULL),
(509, 'B6065', '240', 114, 240, NULL, NULL, NULL, NULL, NULL, NULL, '2017-08-16', '2017-09-12', '2017-09-09 18:06:15', NULL, 'false', NULL),
(510, 'B6065', '480', 17, 480, NULL, NULL, NULL, NULL, NULL, NULL, '2017-08-16', '2017-09-12', '2017-09-09 18:06:15', NULL, 'false', NULL),
(511, 'H4140', '300', 62, 300, NULL, NULL, NULL, NULL, NULL, NULL, '2017-08-16', '2017-09-08', '2017-09-09 18:06:15', NULL, 'false', NULL),
(512, 'H4140', '300', 57, 300, NULL, NULL, NULL, NULL, NULL, NULL, '2017-08-16', '2017-09-08', '2017-09-09 18:06:15', NULL, 'false', NULL),
(513, 'H4140', '300', 72, 300, NULL, NULL, NULL, NULL, NULL, NULL, '2017-08-16', '2017-09-08', '2017-09-09 18:06:15', NULL, 'false', NULL),
(514, 'H4140', '300', 84, 300, NULL, NULL, NULL, NULL, NULL, NULL, '2017-08-16', '2017-09-08', '2017-09-09 18:06:15', NULL, 'false', NULL),
(515, 'H4140', '300', 111, 300, NULL, NULL, NULL, NULL, NULL, NULL, '2017-08-16', '2017-09-08', '2017-09-09 18:06:15', NULL, 'false', NULL),
(516, 'H4140', '300', 114, 300, NULL, NULL, NULL, NULL, NULL, NULL, '2017-08-16', '2017-09-08', '2017-09-09 18:06:15', NULL, 'false', NULL),
(517, 'H4140', '900', 17, 900, NULL, NULL, NULL, NULL, NULL, NULL, '2017-08-16', '2017-09-08', '2017-09-09 18:06:15', NULL, 'false', NULL),
(518, 'H4142', '300', 143, 300, NULL, NULL, NULL, NULL, NULL, NULL, '2017-08-16', '2017-09-08', '2017-09-09 18:06:15', NULL, 'false', NULL),
(519, 'L1000V1E1', '20', 62, 20, NULL, NULL, NULL, NULL, NULL, NULL, '2017-08-16', '2017-09-07', '2017-09-09 18:06:15', NULL, 'false', NULL),
(520, 'L1000V1E1', '20', 63, 20, NULL, NULL, NULL, NULL, NULL, NULL, '2017-08-16', '2017-09-07', '2017-09-09 18:06:15', NULL, 'false', NULL),
(521, 'L1000V1E1', '20', 84, 20, NULL, NULL, NULL, NULL, NULL, NULL, '2017-08-16', '2017-09-07', '2017-09-09 18:06:15', NULL, 'false', NULL),
(522, 'L1000V1E1', '20', 136, 20, NULL, NULL, NULL, NULL, NULL, NULL, '2017-08-16', '2017-09-07', '2017-09-09 18:06:15', NULL, 'false', NULL),
(523, 'L1000V1E1', '20', 111, 20, NULL, NULL, NULL, NULL, NULL, NULL, '2017-08-16', '2017-09-07', '2017-09-09 18:06:15', NULL, 'false', NULL),
(524, 'L1000V1E1', '20', 114, 20, NULL, NULL, NULL, NULL, NULL, NULL, '2017-08-16', '2017-09-07', '2017-09-09 18:06:15', NULL, 'false', NULL),
(525, 'L1000V1E1', '40', 17, 40, NULL, NULL, NULL, NULL, NULL, NULL, '2017-08-16', '2017-09-07', '2017-09-09 18:06:15', NULL, 'false', NULL),
(526, 'I3395', '3', 111, 3, NULL, NULL, NULL, NULL, NULL, NULL, '2017-08-17', '2017-08-29', '2017-09-09 18:06:15', NULL, 'false', NULL),
(527, 'H4148', '265', 114, 265, NULL, NULL, NULL, NULL, NULL, NULL, '2017-08-18', '2017-09-27', '2017-09-09 18:06:15', NULL, 'false', NULL),
(528, 'I3401', '100', 62, 100, NULL, NULL, NULL, NULL, NULL, NULL, '2017-08-21', '2017-10-13', '2017-09-09 18:06:15', NULL, 'false', NULL),
(529, 'I3401', '100', 84, 100, NULL, NULL, NULL, NULL, NULL, NULL, '2017-08-21', '2017-10-13', '2017-09-09 18:06:15', NULL, 'false', NULL),
(530, 'I3401', '100', 111, 100, NULL, NULL, NULL, NULL, NULL, NULL, '2017-08-21', '2017-10-13', '2017-09-09 18:06:15', NULL, 'false', NULL),
(531, 'I3401', '100', 114, 100, NULL, NULL, NULL, NULL, NULL, NULL, '2017-08-21', '2017-10-13', '2017-09-09 18:06:15', NULL, 'false', NULL),
(532, 'I3401', '300', 17, 300, NULL, NULL, NULL, NULL, NULL, NULL, '2017-08-21', '2017-10-13', '2017-09-09 18:06:15', NULL, 'false', NULL),
(533, 'F1627', '120', 64, 120, NULL, NULL, NULL, NULL, NULL, NULL, '2017-08-22', '2017-10-03', '2017-09-09 18:06:15', NULL, 'false', NULL),
(534, 'F1627', '120', 84, 120, NULL, NULL, NULL, NULL, NULL, NULL, '2017-08-22', '2017-10-03', '2017-09-09 18:06:15', NULL, 'false', NULL),
(535, 'F1627', '120', 136, 120, NULL, NULL, NULL, NULL, NULL, NULL, '2017-08-22', '2017-10-03', '2017-09-09 18:06:15', NULL, 'false', NULL),
(536, 'F1627', '120', 111, 120, NULL, NULL, NULL, NULL, NULL, NULL, '2017-08-22', '2017-10-03', '2017-09-09 18:06:15', NULL, 'false', NULL),
(537, 'F1627', '280', 17, 280, NULL, NULL, NULL, NULL, NULL, NULL, '2017-08-22', '2017-10-03', '2017-09-09 18:06:15', NULL, 'false', NULL),
(538, 'B6079', '70', 56, 70, NULL, NULL, NULL, NULL, NULL, NULL, '2017-08-23', '2017-10-02', '2017-09-09 18:06:15', NULL, 'false', NULL),
(539, 'B6079', '70', 72, 70, NULL, NULL, NULL, NULL, NULL, NULL, '2017-08-23', '2017-10-02', '2017-09-09 18:06:15', NULL, 'false', NULL),
(540, 'B6079', '70', 84, 70, NULL, NULL, NULL, NULL, NULL, NULL, '2017-08-23', '2017-10-02', '2017-09-09 18:06:15', NULL, 'false', NULL),
(541, 'B6079', '70', 136, 70, NULL, NULL, NULL, NULL, NULL, NULL, '2017-08-23', '2017-10-02', '2017-09-09 18:06:15', NULL, 'false', NULL),
(542, 'B6079', '70', 111, 70, NULL, NULL, NULL, NULL, NULL, NULL, '2017-08-23', '2017-10-02', '2017-09-09 18:06:15', NULL, 'false', NULL),
(543, 'B6079', '70', 114, 70, NULL, NULL, NULL, NULL, NULL, NULL, '2017-08-23', '2017-10-02', '2017-09-09 18:06:15', NULL, 'false', NULL),
(544, 'B6079', '210', 17, 210, NULL, NULL, NULL, NULL, NULL, NULL, '2017-08-23', '2017-10-02', '2017-09-09 18:06:15', NULL, 'false', NULL),
(545, 'B6082', '100', 62, 100, NULL, NULL, NULL, NULL, NULL, NULL, '2017-08-23', '2017-10-02', '2017-09-09 18:06:15', NULL, 'false', NULL),
(546, 'B6082', '100', 84, 100, NULL, NULL, NULL, NULL, NULL, NULL, '2017-08-23', '2017-10-02', '2017-09-09 18:06:15', NULL, 'false', NULL),
(547, 'B6082', '100', 136, 100, NULL, NULL, NULL, NULL, NULL, NULL, '2017-08-23', '2017-10-02', '2017-09-09 18:06:15', NULL, 'false', NULL),
(548, 'B6082', '100', 111, 100, NULL, NULL, NULL, NULL, NULL, NULL, '2017-08-23', '2017-10-02', '2017-09-09 18:06:15', NULL, 'false', NULL),
(549, 'B6082', '100', 143, 100, NULL, NULL, NULL, NULL, NULL, NULL, '2017-08-23', '2017-10-02', '2017-09-09 18:06:15', NULL, 'false', NULL),
(550, 'B6082', '200', 17, 200, NULL, NULL, NULL, NULL, NULL, NULL, '2017-08-23', '2017-10-02', '2017-09-09 18:06:15', NULL, 'false', NULL),
(551, 'H4160', '50', 84, 50, NULL, NULL, NULL, NULL, NULL, NULL, '2017-08-23', '2017-09-11', '2017-09-09 18:06:15', NULL, 'false', NULL),
(552, 'G0910', '80', 143, 80, NULL, NULL, NULL, NULL, NULL, NULL, '2017-08-23', '2017-09-06', '2017-09-09 18:06:15', NULL, 'false', NULL),
(553, 'B6083', '2', 123, 2, NULL, NULL, NULL, NULL, NULL, NULL, '2017-08-23', '2017-09-12', '2017-09-09 18:06:15', NULL, 'false', NULL),
(554, 'H4161', '2', 123, 2, NULL, NULL, NULL, NULL, NULL, NULL, '2017-08-23', '2017-09-11', '2017-09-09 18:06:15', NULL, 'false', NULL),
(555, 'G0913', '120', 56, 120, NULL, NULL, NULL, NULL, NULL, NULL, '2017-08-23', '2017-10-04', '2017-09-09 18:06:15', NULL, 'false', NULL),
(556, 'G0913', '120', 72, 120, NULL, NULL, NULL, NULL, NULL, NULL, '2017-08-23', '2017-10-04', '2017-09-09 18:06:15', NULL, 'false', NULL),
(557, 'G0913', '120', 84, 120, NULL, NULL, NULL, NULL, NULL, NULL, '2017-08-23', '2017-10-04', '2017-09-09 18:06:15', NULL, 'false', NULL),
(558, 'G0913', '120', 136, 120, NULL, NULL, NULL, NULL, NULL, NULL, '2017-08-23', '2017-10-04', '2017-09-09 18:06:15', NULL, 'false', NULL),
(559, 'G0913', '120', 111, 120, NULL, NULL, NULL, NULL, NULL, NULL, '2017-08-23', '2017-10-04', '2017-09-09 18:06:15', NULL, 'false', NULL),
(560, 'G0913', '120', 114, 120, NULL, NULL, NULL, NULL, NULL, NULL, '2017-08-23', '2017-10-04', '2017-09-09 18:06:15', NULL, 'false', NULL),
(561, 'G0913', '250', 17, 250, NULL, NULL, NULL, NULL, NULL, NULL, '2017-08-23', '2017-10-04', '2017-09-09 18:06:15', NULL, 'false', NULL),
(562, '68280', '100', 84, 100, NULL, NULL, NULL, NULL, NULL, NULL, '2017-08-23', '2017-08-30', '2017-09-09 18:06:15', NULL, 'false', NULL),
(563, 'I3405', '180', 57, 180, NULL, NULL, NULL, NULL, NULL, NULL, '2017-08-23', '2017-09-28', '2017-09-09 18:06:15', NULL, 'false', NULL),
(564, 'I3405', '180', 63, 180, NULL, NULL, NULL, NULL, NULL, NULL, '2017-08-23', '2017-09-28', '2017-09-09 18:06:15', NULL, 'false', NULL),
(565, 'I3405', '180', 72, 180, NULL, NULL, NULL, NULL, NULL, NULL, '2017-08-23', '2017-09-28', '2017-09-09 18:06:15', NULL, 'false', NULL),
(566, 'I3405', '180', 84, 180, NULL, NULL, NULL, NULL, NULL, NULL, '2017-08-23', '2017-09-28', '2017-09-09 18:06:15', NULL, 'false', NULL),
(567, 'I3405', '180', 136, 180, NULL, NULL, NULL, NULL, NULL, NULL, '2017-08-23', '2017-09-28', '2017-09-09 18:06:15', NULL, 'false', NULL),
(568, 'I3405', '180', 111, 180, NULL, NULL, NULL, NULL, NULL, NULL, '2017-08-23', '2017-09-28', '2017-09-09 18:06:15', NULL, 'false', NULL),
(569, 'I3405', '180', 114, 180, NULL, NULL, NULL, NULL, NULL, NULL, '2017-08-23', '2017-09-28', '2017-09-09 18:06:15', NULL, 'false', NULL),
(570, 'I3405', '540', 17, 540, NULL, NULL, NULL, NULL, NULL, NULL, '2017-08-23', '2017-09-28', '2017-09-09 18:06:15', NULL, 'false', NULL),
(571, 'I3406', '120', 1, 120, NULL, NULL, NULL, NULL, NULL, NULL, '2017-08-23', '2017-09-12', '2017-09-09 18:06:15', NULL, 'false', NULL),
(572, 'I3406', '120', 93, 120, NULL, NULL, NULL, NULL, NULL, NULL, '2017-08-23', '2017-09-12', '2017-09-09 18:06:15', NULL, 'false', NULL),
(573, 'I3406', '120', 97, 120, NULL, NULL, NULL, NULL, NULL, NULL, '2017-08-23', '2017-09-12', '2017-09-09 18:06:15', NULL, 'false', NULL),
(574, 'I3406', '120', 101, 120, NULL, NULL, NULL, NULL, NULL, NULL, '2017-08-23', '2017-09-12', '2017-09-09 18:06:15', NULL, 'false', NULL),
(575, 'I3407', '180', 114, 180, NULL, NULL, NULL, NULL, NULL, NULL, '2017-08-23', '2017-09-28', '2017-09-09 18:06:15', NULL, 'false', NULL),
(576, 'D2382', '50', 64, 50, NULL, NULL, NULL, NULL, NULL, NULL, '2017-08-24', '2017-09-09', '2017-09-09 18:06:15', NULL, 'false', NULL),
(577, 'D2383', '100', 93, 100, NULL, NULL, NULL, NULL, NULL, NULL, '2017-08-24', '2017-09-09', '2017-09-09 18:06:15', NULL, 'false', NULL),
(578, 'D2384', '100', 123, 100, NULL, NULL, NULL, NULL, NULL, NULL, '2017-08-24', '2017-09-09', '2017-09-09 18:06:15', NULL, 'false', NULL),
(579, 'G0860E1', '20', 142, 20, NULL, NULL, NULL, NULL, NULL, NULL, '2017-08-24', '2017-09-07', '2017-09-09 18:06:15', NULL, 'false', NULL),
(580, 'G0860E1', '20', 62, 20, NULL, NULL, NULL, NULL, NULL, NULL, '2017-08-24', '2017-09-07', '2017-09-09 18:06:15', NULL, 'false', NULL),
(581, 'G0860E1', '20', 84, 20, NULL, NULL, NULL, NULL, NULL, NULL, '2017-08-24', '2017-09-07', '2017-09-09 18:06:15', NULL, 'false', NULL),
(582, 'G0860E1', '20', 136, 20, NULL, NULL, NULL, NULL, NULL, NULL, '2017-08-24', '2017-09-07', '2017-09-09 18:06:15', NULL, 'false', NULL),
(583, 'G0860E1', '20', 111, 20, NULL, NULL, NULL, NULL, NULL, NULL, '2017-08-24', '2017-09-07', '2017-09-09 18:06:15', NULL, 'false', NULL),
(584, 'G0860E1', '20', 114, 20, NULL, NULL, NULL, NULL, NULL, NULL, '2017-08-24', '2017-09-07', '2017-09-09 18:06:15', NULL, 'false', NULL),
(585, 'G0860E1', '40', 17, 40, NULL, NULL, NULL, NULL, NULL, NULL, '2017-08-24', '2017-09-07', '2017-09-09 18:06:15', NULL, 'false', NULL),
(586, 'K2706', '50', 58, 50, NULL, NULL, NULL, NULL, NULL, NULL, '2017-08-24', '2017-09-13', '2017-09-09 18:06:15', NULL, 'false', NULL),
(587, 'K2706', '50', 66, 50, NULL, NULL, NULL, NULL, NULL, NULL, '2017-08-24', '2017-09-13', '2017-09-09 18:06:15', NULL, 'false', NULL),
(588, 'K2707', '0', 17, 0, NULL, NULL, NULL, NULL, NULL, NULL, '2017-08-24', '2017-09-13', '2017-09-09 18:06:15', NULL, 'false', NULL),
(589, 'B6086', '100', 56, 100, NULL, NULL, NULL, NULL, NULL, NULL, '2017-08-24', '2017-09-11', '2017-09-09 18:06:15', NULL, 'false', NULL),
(590, 'G0915', '1', 31, 1, NULL, NULL, NULL, NULL, NULL, NULL, '2017-08-25', '2017-09-06', '2017-09-09 18:06:15', NULL, 'false', NULL),
(591, 'G0915', '1', 143, 1, NULL, NULL, NULL, NULL, NULL, NULL, '2017-08-25', '2017-09-06', '2017-09-09 18:06:15', NULL, 'false', NULL),
(592, 'G0915', '1', 143, 1, NULL, NULL, NULL, NULL, NULL, NULL, '2017-08-25', '2017-09-06', '2017-09-09 18:06:15', NULL, 'false', NULL),
(593, 'B6090', '2', 31, 2, NULL, NULL, NULL, NULL, NULL, NULL, '2017-08-25', '2017-09-06', '2017-09-09 18:06:15', NULL, 'false', NULL),
(594, 'B6091', '80', 58, 80, NULL, NULL, NULL, NULL, NULL, NULL, '2017-08-25', '2017-10-06', '2017-09-09 18:06:15', NULL, 'false', NULL),
(595, 'B6091', '80', 60, 80, NULL, NULL, NULL, NULL, NULL, NULL, '2017-08-25', '2017-10-06', '2017-09-09 18:06:15', NULL, 'false', NULL),
(596, 'B6091', '80', 84, 80, NULL, NULL, NULL, NULL, NULL, NULL, '2017-08-25', '2017-10-06', '2017-09-09 18:06:15', NULL, 'false', NULL),
(597, 'B6091', '80', 136, 80, NULL, NULL, NULL, NULL, NULL, NULL, '2017-08-25', '2017-10-06', '2017-09-09 18:06:15', NULL, 'false', NULL),
(598, 'B6091', '160', 17, 160, NULL, NULL, NULL, NULL, NULL, NULL, '2017-08-25', '2017-10-06', '2017-09-09 18:06:15', NULL, 'false', NULL),
(599, 'H4167', '115', 41, 115, NULL, NULL, NULL, NULL, NULL, NULL, '2017-08-25', '2017-10-04', '2017-09-09 18:06:15', NULL, 'false', NULL),
(600, 'H4167', '115', 58, 115, NULL, NULL, NULL, NULL, NULL, NULL, '2017-08-25', '2017-10-04', '2017-09-09 18:06:15', NULL, 'false', NULL),
(601, 'H4167', '115', 60, 115, NULL, NULL, NULL, NULL, NULL, NULL, '2017-08-25', '2017-10-04', '2017-09-09 18:06:15', NULL, 'false', NULL),
(602, 'H4167', '115', 84, 115, NULL, NULL, NULL, NULL, NULL, NULL, '2017-08-25', '2017-10-04', '2017-09-09 18:06:15', NULL, 'false', NULL),
(603, 'H4167', '115', 85, 115, NULL, NULL, NULL, NULL, NULL, NULL, '2017-08-25', '2017-10-04', '2017-09-09 18:06:15', NULL, 'false', NULL),
(604, 'H4167', '115', 136, 115, NULL, NULL, NULL, NULL, NULL, NULL, '2017-08-25', '2017-10-04', '2017-09-09 18:06:15', NULL, 'false', NULL),
(605, 'H4167', '115', 111, 115, NULL, NULL, NULL, NULL, NULL, NULL, '2017-08-25', '2017-10-04', '2017-09-09 18:06:15', NULL, 'false', NULL),
(606, 'H4167', '330', 17, 330, NULL, NULL, NULL, NULL, NULL, NULL, '2017-08-25', '2017-10-04', '2017-09-09 18:06:15', NULL, 'false', NULL),
(607, 'D2385', '0', 17, 0, NULL, NULL, NULL, NULL, NULL, NULL, '2017-08-26', '2017-09-09', '2017-09-09 18:06:15', NULL, 'false', NULL),
(608, 'H4174', '120', 65, 120, NULL, NULL, NULL, NULL, NULL, NULL, '2017-08-26', '2017-09-25', '2017-09-09 18:06:15', NULL, 'false', NULL),
(609, 'H4174', '120', 84, 120, NULL, NULL, NULL, NULL, NULL, NULL, '2017-08-26', '2017-09-25', '2017-09-09 18:06:15', NULL, 'false', NULL),
(610, 'H4174', '120', 111, 120, NULL, NULL, NULL, NULL, NULL, NULL, '2017-08-26', '2017-09-25', '2017-09-09 18:06:15', NULL, 'false', NULL),
(611, 'H4174', '360', 17, 360, NULL, NULL, NULL, NULL, NULL, NULL, '2017-08-26', '2017-09-25', '2017-09-09 18:06:15', NULL, 'false', NULL),
(612, 'H4175', '120', 89, 120, NULL, NULL, NULL, NULL, NULL, NULL, '2017-08-26', '2017-09-24', '2017-09-09 18:06:15', NULL, 'false', NULL),
(613, 'H4176', '1', 62, 1, NULL, NULL, NULL, NULL, NULL, NULL, '2017-08-26', '2017-09-15', '2017-09-09 18:06:15', NULL, 'false', NULL),
(614, 'H4176', '1', 58, 1, NULL, NULL, NULL, NULL, NULL, NULL, '2017-08-26', '2017-09-15', '2017-09-09 18:06:15', NULL, 'false', NULL),
(615, 'H4176', '1', 143, 1, NULL, NULL, NULL, NULL, NULL, NULL, '2017-08-26', '2017-09-15', '2017-09-09 18:06:15', NULL, 'false', NULL),
(616, 'H4176', '1', 102, 1, NULL, NULL, NULL, NULL, NULL, NULL, '2017-08-26', '2017-09-15', '2017-09-09 18:06:15', NULL, 'false', NULL),
(617, 'I3412', '100', 62, 100, NULL, NULL, NULL, NULL, NULL, NULL, '2017-08-27', '2017-09-20', '2017-09-09 18:06:15', NULL, 'false', NULL),
(618, 'I3412', '100', 84, 100, NULL, NULL, NULL, NULL, NULL, NULL, '2017-08-27', '2017-09-20', '2017-09-09 18:06:15', NULL, 'false', NULL),
(619, 'I3412', '100', 136, 100, NULL, NULL, NULL, NULL, NULL, NULL, '2017-08-27', '2017-09-20', '2017-09-09 18:06:15', NULL, 'false', NULL),
(620, 'I3412', '100', 111, 100, NULL, NULL, NULL, NULL, NULL, NULL, '2017-08-27', '2017-09-20', '2017-09-09 18:06:15', NULL, 'false', NULL),
(621, 'I3412', '100', 114, 100, NULL, NULL, NULL, NULL, NULL, NULL, '2017-08-27', '2017-09-20', '2017-09-09 18:06:15', NULL, 'false', NULL),
(622, 'I3412', '350', 17, 350, NULL, NULL, NULL, NULL, NULL, NULL, '2017-08-27', '2017-09-20', '2017-09-09 18:06:15', NULL, 'false', NULL),
(623, 'B5887OT', '50', 17, 50, NULL, NULL, NULL, NULL, NULL, NULL, '2017-08-28', '2017-10-27', '2017-09-09 18:06:15', NULL, 'false', NULL),
(624, 'H4177', '80', 62, 80, NULL, NULL, NULL, NULL, NULL, NULL, '2017-08-28', '2017-09-09', '2017-09-09 18:06:15', NULL, 'false', NULL),
(625, 'H4177', '80', 85, 80, NULL, NULL, NULL, NULL, NULL, NULL, '2017-08-28', '2017-09-09', '2017-09-09 18:06:15', NULL, 'false', NULL),
(626, 'H4177', '80', 111, 80, NULL, NULL, NULL, NULL, NULL, NULL, '2017-08-28', '2017-09-09', '2017-09-09 18:06:15', NULL, 'false', NULL),
(627, 'H4177', '80', 114, 80, NULL, NULL, NULL, NULL, NULL, NULL, '2017-08-28', '2017-09-09', '2017-09-09 18:06:15', NULL, 'false', NULL),
(628, 'F1641', '75', 62, 75, NULL, NULL, NULL, NULL, NULL, NULL, '2017-08-29', '2017-09-05', '2017-09-09 18:06:15', NULL, 'false', NULL),
(629, 'F1641', '75', 65, 75, NULL, NULL, NULL, NULL, NULL, NULL, '2017-08-29', '2017-09-05', '2017-09-09 18:06:15', NULL, 'false', NULL),
(630, 'F1641', '75', 84, 75, NULL, NULL, NULL, NULL, NULL, NULL, '2017-08-29', '2017-09-05', '2017-09-09 18:06:15', NULL, 'false', NULL),
(631, 'F1641', '75', 143, 75, NULL, NULL, NULL, NULL, NULL, NULL, '2017-08-29', '2017-09-05', '2017-09-09 18:06:15', NULL, 'false', NULL),
(632, 'F1641', '150', 17, 150, NULL, NULL, NULL, NULL, NULL, NULL, '2017-08-29', '2017-09-05', '2017-09-09 18:06:15', NULL, 'false', NULL),
(633, 'M0676', '100', 115, 100, NULL, NULL, NULL, NULL, NULL, NULL, '2017-08-29', '2017-09-04', '2017-09-09 18:06:15', NULL, 'false', NULL),
(634, 'M0677', '100', 71, 100, NULL, NULL, NULL, NULL, NULL, NULL, '2017-08-29', '2017-09-04', '2017-09-09 18:06:15', NULL, 'false', NULL),
(635, 'M0678', '168', 68, 168, NULL, NULL, NULL, NULL, NULL, NULL, '2017-08-29', '2017-09-18', '2017-09-09 18:06:15', NULL, 'false', NULL),
(636, 'I3413', '58', 37, 58, NULL, NULL, NULL, NULL, NULL, NULL, '2017-08-29', '2017-09-12', '2017-09-09 18:06:15', NULL, 'false', NULL),
(637, 'I3413', '58', 53, 58, NULL, NULL, NULL, NULL, NULL, NULL, '2017-08-29', '2017-09-12', '2017-09-09 18:06:15', NULL, 'false', NULL),
(638, 'I3413', '58', 82, 58, NULL, NULL, NULL, NULL, NULL, NULL, '2017-08-29', '2017-09-12', '2017-09-09 18:06:15', NULL, 'false', NULL),
(639, 'I3413', '58', 101, 58, NULL, NULL, NULL, NULL, NULL, NULL, '2017-08-29', '2017-09-12', '2017-09-09 18:06:15', NULL, 'false', NULL),
(640, 'H4178', '2', 143, 2, NULL, NULL, NULL, NULL, NULL, NULL, '2017-08-29', '2017-09-05', '2017-09-09 18:06:15', NULL, 'false', NULL),
(641, 'H4178', '2', 93, 2, NULL, NULL, NULL, NULL, NULL, NULL, '2017-08-29', '2017-09-05', '2017-09-09 18:06:15', NULL, 'false', NULL),
(642, 'H4178', '2', 101, 2, NULL, NULL, NULL, NULL, NULL, NULL, '2017-08-29', '2017-09-05', '2017-09-09 18:06:15', NULL, 'false', NULL),
(643, 'B6101', '2', 123, 2, NULL, NULL, NULL, NULL, NULL, NULL, '2017-08-30', '2017-09-11', '2017-09-09 18:06:15', NULL, 'false', NULL),
(644, 'B6102', '50', 65, 50, NULL, NULL, NULL, NULL, NULL, NULL, '2017-08-30', '2017-09-12', '2017-09-09 18:06:15', NULL, 'false', NULL),
(645, 'B6102', '50', 84, 50, NULL, NULL, NULL, NULL, NULL, NULL, '2017-08-30', '2017-09-12', '2017-09-09 18:06:15', NULL, 'false', NULL),
(646, 'B6102', '50', 111, 50, NULL, NULL, NULL, NULL, NULL, NULL, '2017-08-30', '2017-09-12', '2017-09-09 18:06:15', NULL, 'false', NULL),
(647, 'B6102', '120', 17, 120, NULL, NULL, NULL, NULL, NULL, NULL, '2017-08-30', '2017-09-12', '2017-09-09 18:06:15', NULL, 'false', NULL),
(648, 'H4180', '2', 31, 2, NULL, NULL, NULL, NULL, NULL, NULL, '2017-08-30', '2017-09-07', '2017-09-09 18:06:15', NULL, 'false', NULL),
(649, 'H4180', '2', 143, 2, NULL, NULL, NULL, NULL, NULL, NULL, '2017-08-30', '2017-09-07', '2017-09-09 18:06:15', NULL, 'false', NULL),
(650, 'H4180', '2', 143, 2, NULL, NULL, NULL, NULL, NULL, NULL, '2017-08-30', '2017-09-07', '2017-09-09 18:06:15', NULL, 'false', NULL),
(651, 'I3415', '100', 56, 100, NULL, NULL, NULL, NULL, NULL, NULL, '2017-08-30', '2017-09-29', '2017-09-09 18:06:15', NULL, 'false', NULL),
(652, 'I3415', '100', 84, 100, NULL, NULL, NULL, NULL, NULL, NULL, '2017-08-30', '2017-09-29', '2017-09-09 18:06:15', NULL, 'false', NULL),
(653, 'I3415', '100', 136, 100, NULL, NULL, NULL, NULL, NULL, NULL, '2017-08-30', '2017-09-29', '2017-09-09 18:06:15', NULL, 'false', NULL),
(654, 'I3415', '100', 111, 100, NULL, NULL, NULL, NULL, NULL, NULL, '2017-08-30', '2017-09-29', '2017-09-09 18:06:15', NULL, 'false', NULL),
(655, 'I3415', '300', 17, 300, NULL, NULL, NULL, NULL, NULL, NULL, '2017-08-30', '2017-09-29', '2017-09-09 18:06:15', NULL, 'false', NULL),
(656, 'H4182', '65', 82, 65, NULL, NULL, NULL, NULL, NULL, NULL, '2017-08-30', '2017-09-07', '2017-09-09 18:06:15', NULL, 'false', NULL),
(657, 'H4182', '65', 93, 65, NULL, NULL, NULL, NULL, NULL, NULL, '2017-08-30', '2017-09-07', '2017-09-09 18:06:15', NULL, 'false', NULL),
(658, 'H4182', '65', 143, 65, NULL, NULL, NULL, NULL, NULL, NULL, '2017-08-30', '2017-09-07', '2017-09-09 18:06:15', NULL, 'false', NULL),
(659, 'H4182', '65', 129, 65, NULL, NULL, NULL, NULL, NULL, NULL, '2017-08-30', '2017-09-07', '2017-09-09 18:06:15', NULL, 'false', NULL),
(660, 'H4184', '65', 143, 65, NULL, NULL, NULL, NULL, NULL, NULL, '2017-08-30', '2017-09-07', '2017-09-09 18:06:15', NULL, 'false', NULL),
(661, 'H4184', '65', 62, 65, NULL, NULL, NULL, NULL, NULL, NULL, '2017-08-30', '2017-09-07', '2017-09-09 18:06:15', NULL, 'false', NULL),
(662, 'H4184', '65', 75, 65, NULL, NULL, NULL, NULL, NULL, NULL, '2017-08-30', '2017-09-07', '2017-09-09 18:06:15', NULL, 'false', NULL),
(663, 'H4184', '65', 82, 65, NULL, NULL, NULL, NULL, NULL, NULL, '2017-08-30', '2017-09-07', '2017-09-09 18:06:15', NULL, 'false', NULL),
(664, 'H4184', '65', 93, 65, NULL, NULL, NULL, NULL, NULL, NULL, '2017-08-30', '2017-09-07', '2017-09-09 18:06:15', NULL, 'false', NULL),
(665, 'H4185', '65', 68, 65, NULL, NULL, NULL, NULL, NULL, NULL, '2017-08-30', '2017-09-07', '2017-09-09 18:06:15', NULL, 'false', NULL),
(666, 'H4185', '65', 101, 65, NULL, NULL, NULL, NULL, NULL, NULL, '2017-08-30', '2017-09-07', '2017-09-09 18:06:15', NULL, 'false', NULL),
(667, 'H4186', '4', 25, 4, NULL, NULL, NULL, NULL, NULL, NULL, '2017-08-30', '2017-09-07', '2017-09-09 18:06:15', NULL, 'false', NULL),
(668, 'H4186', '4', 26, 4, NULL, NULL, NULL, NULL, NULL, NULL, '2017-08-30', '2017-09-07', '2017-09-09 18:06:15', NULL, 'false', NULL),
(669, 'H4186', '4', 27, 4, NULL, NULL, NULL, NULL, NULL, NULL, '2017-08-30', '2017-09-07', '2017-09-09 18:06:15', NULL, 'false', NULL),
(670, 'H4186', '4', 28, 4, NULL, NULL, NULL, NULL, NULL, NULL, '2017-08-30', '2017-09-07', '2017-09-09 18:06:15', NULL, 'false', NULL),
(671, 'H4186', '4', 33, 4, NULL, NULL, NULL, NULL, NULL, NULL, '2017-08-30', '2017-09-07', '2017-09-09 18:06:15', NULL, 'false', NULL),
(672, 'H4186', '4', 119, 4, NULL, NULL, NULL, NULL, NULL, NULL, '2017-08-30', '2017-09-07', '2017-09-09 18:06:15', NULL, 'false', NULL),
(673, 'H4186', '4', 121, 4, NULL, NULL, NULL, NULL, NULL, NULL, '2017-08-30', '2017-09-07', '2017-09-09 18:06:15', NULL, 'false', NULL),
(674, 'H4186', '4', 122, 4, NULL, NULL, NULL, NULL, NULL, NULL, '2017-08-30', '2017-09-07', '2017-09-09 18:06:15', NULL, 'false', NULL),
(675, 'H4188', '65', 25, 65, NULL, NULL, NULL, NULL, NULL, NULL, '2017-08-30', '2017-09-07', '2017-09-09 18:06:15', NULL, 'false', NULL),
(676, 'H4188', '65', 62, 65, NULL, NULL, NULL, NULL, NULL, NULL, '2017-08-30', '2017-09-07', '2017-09-09 18:06:15', NULL, 'false', NULL),
(677, 'H4188', '65', 93, 65, NULL, NULL, NULL, NULL, NULL, NULL, '2017-08-30', '2017-09-07', '2017-09-09 18:06:15', NULL, 'false', NULL),
(678, 'H4189', '65', 62, 65, NULL, NULL, NULL, NULL, NULL, NULL, '2017-08-30', '2017-09-07', '2017-09-09 18:06:15', NULL, 'false', NULL),
(679, 'H4189', '65', 82, 65, NULL, NULL, NULL, NULL, NULL, NULL, '2017-08-30', '2017-09-07', '2017-09-09 18:06:15', NULL, 'false', NULL),
(680, 'H4189', '65', 93, 65, NULL, NULL, NULL, NULL, NULL, NULL, '2017-08-30', '2017-09-07', '2017-09-09 18:06:15', NULL, 'false', NULL),
(681, 'H4191', '255', 82, 255, NULL, NULL, NULL, NULL, NULL, NULL, '2017-08-30', '2017-09-07', '2017-09-09 18:06:15', NULL, 'false', NULL),
(682, 'H4191', '255', 93, 255, NULL, NULL, NULL, NULL, NULL, NULL, '2017-08-30', '2017-09-07', '2017-09-09 18:06:15', NULL, 'false', NULL),
(683, 'H4191', '255', 143, 255, NULL, NULL, NULL, NULL, NULL, NULL, '2017-08-30', '2017-09-07', '2017-09-09 18:06:15', NULL, 'false', NULL),
(684, 'H4191', '255', 129, 255, NULL, NULL, NULL, NULL, NULL, NULL, '2017-08-30', '2017-09-07', '2017-09-09 18:06:15', NULL, 'false', NULL),
(685, 'H4194', '56', 41, 56, NULL, NULL, NULL, NULL, NULL, NULL, '2017-08-30', '2017-09-07', '2017-09-09 18:06:15', NULL, 'false', NULL),
(686, 'H4196', '65', 25, 65, NULL, NULL, NULL, NULL, NULL, NULL, '2017-08-30', '2017-09-07', '2017-09-09 18:06:15', NULL, 'false', NULL),
(687, 'H4196', '65', 119, 65, NULL, NULL, NULL, NULL, NULL, NULL, '2017-08-30', '2017-09-07', '2017-09-09 18:06:15', NULL, 'false', NULL),
(688, 'B6106', '38', 111, 38, NULL, NULL, NULL, NULL, NULL, NULL, '2017-08-30', '2017-09-14', '2017-09-09 18:06:15', NULL, 'false', NULL),
(689, 'B5926RT', '150', 58, 150, NULL, NULL, NULL, NULL, NULL, NULL, '2017-08-31', '2017-09-06', '2017-09-09 18:06:15', NULL, 'false', NULL),
(690, 'B6108', '60', 89, 60, NULL, NULL, NULL, NULL, NULL, NULL, '2017-08-31', '2017-09-07', '2017-09-09 18:06:15', NULL, 'false', NULL),
(691, 'B6109', '120', 140, 120, NULL, NULL, NULL, NULL, NULL, NULL, '2017-08-31', '2017-09-07', '2017-09-09 18:06:15', NULL, 'false', NULL),
(692, 'B6109', '120', 88, 120, NULL, NULL, NULL, NULL, NULL, NULL, '2017-08-31', '2017-09-07', '2017-09-09 18:06:15', NULL, 'false', NULL),
(693, 'B6110', '250', 114, 250, NULL, NULL, NULL, NULL, NULL, NULL, '2017-08-31', '2017-09-12', '2017-09-09 18:06:15', NULL, 'false', NULL),
(694, 'G0924', '90', 89, 90, NULL, NULL, NULL, NULL, NULL, NULL, '2017-08-31', '2017-09-14', '2017-09-09 18:06:15', NULL, 'false', NULL),
(695, 'B6111', '100', 62, 100, NULL, NULL, NULL, NULL, NULL, NULL, '2017-08-31', '2017-09-12', '2017-09-09 18:06:15', NULL, 'false', NULL),
(696, 'B6111', '100', 114, 100, NULL, NULL, NULL, NULL, NULL, NULL, '2017-08-31', '2017-09-12', '2017-09-09 18:06:15', NULL, 'false', NULL),
(697, 'B6113', '100', 62, 100, NULL, NULL, NULL, NULL, NULL, NULL, '2017-08-31', '2017-10-10', '2017-09-09 18:06:15', NULL, 'false', NULL),
(698, 'B6113', '100', 72, 100, NULL, NULL, NULL, NULL, NULL, NULL, '2017-08-31', '2017-10-10', '2017-09-09 18:06:15', NULL, 'false', NULL),
(699, 'B6113', '100', 84, 100, NULL, NULL, NULL, NULL, NULL, NULL, '2017-08-31', '2017-10-10', '2017-09-09 18:06:15', NULL, 'false', NULL),
(700, 'B6113', '100', 136, 100, NULL, NULL, NULL, NULL, NULL, NULL, '2017-08-31', '2017-10-10', '2017-09-09 18:06:15', NULL, 'false', NULL),
(701, 'B6113', '100', 111, 100, NULL, NULL, NULL, NULL, NULL, NULL, '2017-08-31', '2017-10-10', '2017-09-09 18:06:15', NULL, 'false', NULL),
(702, 'B6113', '100', 114, 100, NULL, NULL, NULL, NULL, NULL, NULL, '2017-08-31', '2017-10-10', '2017-09-09 18:06:15', NULL, 'false', NULL),
(703, 'B6113', '300', 17, 300, NULL, NULL, NULL, NULL, NULL, NULL, '2017-08-31', '2017-10-10', '2017-09-09 18:06:15', NULL, 'false', NULL),
(704, 'B6115', '9', 111, 9, NULL, NULL, NULL, NULL, NULL, NULL, '2017-08-31', '2017-09-12', '2017-09-09 18:06:15', NULL, 'false', NULL),
(705, 'B6116', '6', 111, 6, NULL, NULL, NULL, NULL, NULL, NULL, '2017-08-31', '2017-09-12', '2017-09-09 18:06:15', NULL, 'false', NULL),
(706, 'H4197', '1', 143, 1, NULL, NULL, NULL, NULL, NULL, NULL, '2017-08-31', '2017-09-15', '2017-09-09 18:06:15', NULL, 'false', NULL),
(707, 'H4197', '1', 143, 1, NULL, NULL, NULL, NULL, NULL, NULL, '2017-08-31', '2017-09-15', '2017-09-09 18:06:15', NULL, 'false', NULL),
(708, 'H4202', '100', 56, 100, NULL, NULL, NULL, NULL, NULL, NULL, '2017-09-01', '2017-09-13', '2017-09-09 18:06:15', NULL, 'false', NULL),
(709, 'H4202', '100', 114, 100, NULL, NULL, NULL, NULL, NULL, NULL, '2017-09-01', '2017-09-13', '2017-09-09 18:06:15', NULL, 'false', NULL),
(710, 'I3417', '100', 62, 100, NULL, NULL, NULL, NULL, NULL, NULL, '2017-09-01', '2017-09-14', '2017-09-09 18:06:15', NULL, 'false', NULL),
(711, 'I3417', '100', 84, 100, NULL, NULL, NULL, NULL, NULL, NULL, '2017-09-01', '2017-09-14', '2017-09-09 18:06:15', NULL, 'false', NULL),
(712, 'I3417', '100', 111, 100, NULL, NULL, NULL, NULL, NULL, NULL, '2017-09-01', '2017-09-14', '2017-09-09 18:06:15', NULL, 'false', NULL),
(713, 'I3417', '100', 143, 100, NULL, NULL, NULL, NULL, NULL, NULL, '2017-09-01', '2017-09-14', '2017-09-09 18:06:15', NULL, 'false', NULL),
(714, 'I3417', '300', 17, 300, NULL, NULL, NULL, NULL, NULL, NULL, '2017-09-01', '2017-09-14', '2017-09-09 18:06:15', NULL, 'false', NULL),
(715, 'H4204', '80', 114, 80, NULL, NULL, NULL, NULL, NULL, NULL, '2017-09-01', '2017-09-08', '2017-09-09 18:06:15', NULL, 'false', NULL),
(716, 'K2711', '0', 17, 0, NULL, NULL, NULL, NULL, NULL, NULL, '2017-09-01', '2017-09-13', '2017-09-09 18:06:15', NULL, 'false', NULL),
(717, 'G0925', '78', 111, 78, NULL, NULL, NULL, NULL, NULL, NULL, '2017-09-02', '2017-09-14', '2017-09-09 18:06:15', NULL, 'false', NULL),
(718, 'H4208', '1', 123, 1, NULL, NULL, NULL, NULL, NULL, NULL, '2017-09-02', '2017-09-13', '2017-09-09 18:06:15', NULL, 'false', NULL),
(719, 'B6119', '140', 57, 140, NULL, NULL, NULL, NULL, NULL, NULL, '2017-09-02', '2017-09-29', '2017-09-09 18:06:15', NULL, 'false', NULL),
(720, 'B6119', '140', 63, 140, NULL, NULL, NULL, NULL, NULL, NULL, '2017-09-02', '2017-09-29', '2017-09-09 18:06:15', NULL, 'false', NULL),
(721, 'B6119', '140', 72, 140, NULL, NULL, NULL, NULL, NULL, NULL, '2017-09-02', '2017-09-29', '2017-09-09 18:06:15', NULL, 'false', NULL),
(722, 'B6119', '140', 84, 140, NULL, NULL, NULL, NULL, NULL, NULL, '2017-09-02', '2017-09-29', '2017-09-09 18:06:15', NULL, 'false', NULL),
(723, 'B6119', '140', 136, 140, NULL, NULL, NULL, NULL, NULL, NULL, '2017-09-02', '2017-09-29', '2017-09-09 18:06:15', NULL, 'false', NULL);
INSERT INTO `ordenes` (`idorden`, `numodt`, `cantpedido`, `producto`, `cantrecibida`, `buenos`, `defectos`, `merma_recibida`, `merma_entregada`, `entregados`, `orden`, `fechaprog`, `fechafin`, `fechareg`, `total`, `entregado`, `maquina`) VALUES
(724, 'B6119', '140', 111, 140, NULL, NULL, NULL, NULL, NULL, NULL, '2017-09-02', '2017-09-29', '2017-09-09 18:06:15', NULL, 'false', NULL),
(725, 'B6119', '140', 114, 140, NULL, NULL, NULL, NULL, NULL, NULL, '2017-09-02', '2017-09-29', '2017-09-09 18:06:15', NULL, 'false', NULL),
(726, 'B6119', '280', 17, 280, NULL, NULL, NULL, NULL, NULL, NULL, '2017-09-02', '2017-09-29', '2017-09-09 18:06:15', NULL, 'false', NULL),
(727, 'H4117D', '100', 123, 100, NULL, NULL, NULL, NULL, NULL, NULL, '2017-09-02', '2017-09-08', '2017-09-09 18:06:15', NULL, 'false', NULL),
(728, 'G0926', '0', 17, 0, NULL, NULL, NULL, NULL, NULL, NULL, '2017-09-04', '2017-09-14', '2017-09-09 18:06:15', NULL, 'false', NULL),
(729, 'B6123', '100', 62, 100, NULL, NULL, NULL, NULL, NULL, NULL, '2017-09-04', '2017-09-13', '2017-09-09 18:06:15', NULL, 'false', NULL),
(730, 'B6123', '100', 85, 100, NULL, NULL, NULL, NULL, NULL, NULL, '2017-09-04', '2017-09-13', '2017-09-09 18:06:15', NULL, 'false', NULL),
(731, 'B6123', '100', 114, 100, NULL, NULL, NULL, NULL, NULL, NULL, '2017-09-04', '2017-09-13', '2017-09-09 18:06:15', NULL, 'false', NULL),
(732, 'I3363D', '70', 62, 70, NULL, NULL, NULL, NULL, NULL, NULL, '2017-09-04', '2017-09-08', '2017-09-09 18:06:15', NULL, 'false', NULL),
(733, 'F1650', '5', 76, 5, NULL, NULL, NULL, NULL, NULL, NULL, '2017-09-04', '2017-09-18', '2017-09-09 18:06:15', NULL, 'false', NULL),
(734, 'F1650', '5', 77, 5, NULL, NULL, NULL, NULL, NULL, NULL, '2017-09-04', '2017-09-18', '2017-09-09 18:06:15', NULL, 'false', NULL),
(735, 'H4216', '1', 123, 1, NULL, NULL, NULL, NULL, NULL, NULL, '2017-09-05', '2017-09-15', '2017-09-09 18:06:15', NULL, 'false', NULL),
(736, 'H4217', '3', 114, 3, NULL, NULL, NULL, NULL, NULL, NULL, '2017-09-05', '2017-09-15', '2017-09-09 18:06:15', NULL, 'false', NULL),
(737, 'J1083', '100', 62, 100, NULL, NULL, NULL, NULL, NULL, NULL, '2017-09-05', '2017-09-26', '2017-09-09 18:06:15', NULL, 'false', NULL),
(738, 'J1083', '100', 72, 100, NULL, NULL, NULL, NULL, NULL, NULL, '2017-09-05', '2017-09-26', '2017-09-09 18:06:15', NULL, 'false', NULL),
(739, 'J1083', '100', 84, 100, NULL, NULL, NULL, NULL, NULL, NULL, '2017-09-05', '2017-09-26', '2017-09-09 18:06:15', NULL, 'false', NULL),
(740, 'J1083', '100', 136, 100, NULL, NULL, NULL, NULL, NULL, NULL, '2017-09-05', '2017-09-26', '2017-09-09 18:06:15', NULL, 'false', NULL),
(741, 'J1083', '100', 111, 100, NULL, NULL, NULL, NULL, NULL, NULL, '2017-09-05', '2017-09-26', '2017-09-09 18:06:15', NULL, 'false', NULL),
(742, 'J1083', '100', 114, 100, NULL, NULL, NULL, NULL, NULL, NULL, '2017-09-05', '2017-09-26', '2017-09-09 18:06:15', NULL, 'false', NULL),
(743, 'J1083', '300', 17, 300, NULL, NULL, NULL, NULL, NULL, NULL, '2017-09-05', '2017-09-26', '2017-09-09 18:06:15', NULL, 'false', NULL),
(744, 'M0691', '6', 62, 6, NULL, NULL, NULL, NULL, NULL, NULL, '2017-09-05', '2017-09-06', '2017-09-09 18:06:15', NULL, 'false', NULL),
(745, '68117D', '30', 17, 30, NULL, NULL, NULL, NULL, NULL, NULL, '2017-09-05', '2016-01-01', '2017-09-09 18:06:15', NULL, 'false', NULL),
(746, 'I3413E1', '20', 37, 20, NULL, NULL, NULL, NULL, NULL, NULL, '2017-09-06', '2017-09-18', '2017-09-09 18:06:15', NULL, 'false', NULL),
(747, 'I3413E1', '20', 53, 20, NULL, NULL, NULL, NULL, NULL, NULL, '2017-09-06', '2017-09-18', '2017-09-09 18:06:15', NULL, 'false', NULL),
(748, 'I3413E1', '20', 82, 20, NULL, NULL, NULL, NULL, NULL, NULL, '2017-09-06', '2017-09-18', '2017-09-09 18:06:15', NULL, 'false', NULL),
(749, 'I3413E1', '20', 101, 20, NULL, NULL, NULL, NULL, NULL, NULL, '2017-09-06', '2017-09-18', '2017-09-09 18:06:15', NULL, 'false', NULL),
(750, 'H4222', '200', 93, 200, NULL, NULL, NULL, NULL, NULL, NULL, '2017-09-06', '2017-09-07', '2017-09-09 18:06:15', NULL, 'false', NULL),
(751, 'H4222', '200', 93, 200, NULL, NULL, NULL, NULL, NULL, NULL, '2017-09-06', '2017-09-07', '2017-09-09 18:06:15', NULL, 'false', NULL),
(752, 'G0927', '100', 93, 100, NULL, NULL, NULL, NULL, NULL, NULL, '2017-09-06', '2017-09-14', '2017-09-09 18:06:15', NULL, 'false', NULL);

-- --------------------------------------------------------

--
-- Estructura de tabla para la tabla `orden_estatus`
--

CREATE TABLE `orden_estatus` (
  `id_orden_status` int(255) NOT NULL,
  `id_orden` int(255) DEFAULT NULL,
  `proceso_actual` varchar(255) DEFAULT NULL,
  `id_proceso` int(255) DEFAULT NULL,
  `status` varchar(255) DEFAULT NULL,
  `orden_display` int(255) DEFAULT NULL
) ENGINE=MyISAM DEFAULT CHARSET=latin1;

--
-- Volcado de datos para la tabla `orden_estatus`
--

INSERT INTO `orden_estatus` (`id_orden_status`, `id_orden`, `proceso_actual`, `id_proceso`, `status`, `orden_display`) VALUES
(10336, 3, 'Serigrafia', 11718, 'actual', 1),
(10337, 2, 'Serigrafia', 11293, 'siguiente', 2),
(10338, 5, 'Serigrafia', 10789, 'preparacion', 3),
(10339, 10, 'Serigrafia', 11929, 'programado1', 4),
(10340, 12, 'Serigrafia', 10790, 'programado2', 5),
(10341, 8, 'Serigrafia', 11479, 'programado3', 6),
(10342, 9, 'Serigrafia', 11719, 'programado4', 7),
(10343, 14, 'Serigrafia', 11294, 'programado5', 8),
(10344, 15, 'Serigrafia', 11720, 'programado6', 9),
(10345, 16, 'Serigrafia', 11930, 'programado7', 10),
(10346, 13, 'Serigrafia', 11213, 'programado8', 11),
(10347, 18, 'Serigrafia', 10791, 'programado9', 12),
(10348, 21, 'Serigrafia', 11028, 'programado10', 13),
(10349, 22, 'Serigrafia', 11721, 'programado11', 14),
(10350, 23, 'Serigrafia', 11931, 'programado12', 15),
(10351, 25, 'Serigrafia', 10792, 'programado13', 16),
(10352, 26, 'Serigrafia', 11089, 'programado14', 17),
(10353, 29, 'Serigrafia', 10793, 'programado15', 18),
(10354, 27, 'Serigrafia', 11722, 'programado16', 19),
(10355, 41, 'Serigrafia', 10794, 'programado17', 20),
(10356, 37, 'Serigrafia', 11724, 'programado18', 21),
(10357, 36, 'Serigrafia', 11407, 'programado19', 22),
(10358, 38, 'Serigrafia', 11933, 'programado20', 23),
(10359, 51, 'Serigrafia', 11725, 'programado21', 24),
(10360, 48, 'Serigrafia', 11408, 'programado22', 25),
(10361, 52, 'Serigrafia', 11934, 'programado23', 26),
(10362, 50, 'Serigrafia', 11578, 'programado24', 27),
(10363, 55, 'Serigrafia', 10795, 'programado25', 28),
(10364, 63, 'Serigrafia', 10902, 'programado26', 29),
(10365, 71, 'Serigrafia', 11726, 'programado27', 30),
(10366, 76, 'Serigrafia', 11409, 'programado28', 31),
(10367, 78, 'Serigrafia', 11935, 'programado29', 32),
(10368, 80, 'Serigrafia', 12188, 'programado30', 33),
(10369, 77, 'Serigrafia', 11727, 'programado31', 34),
(10370, 81, 'Serigrafia', 10796, 'programado32', 35),
(10371, 93, 'Serigrafia', 10798, 'programado33', 36),
(10372, 89, 'Serigrafia', 11295, 'programado34', 37),
(10373, 88, 'Serigrafia', 11214, 'programado35', 38),
(10374, 91, 'Serigrafia', 11937, 'programado36', 39),
(10375, 90, 'Serigrafia', 11729, 'programado37', 40),
(10376, 94, 'Serigrafia', 11215, 'programado38', 41),
(10377, 96, 'Serigrafia', 11938, 'programado39', 42),
(10378, 95, 'Serigrafia', 11730, 'programado40', 43),
(10379, 94, 'Serigrafia', 11231, 'programado41', 44),
(10380, 98, 'Serigrafia', 10799, 'programado42', 45),
(10381, 107, 'Serigrafia', 11732, 'programado43', 46),
(10382, 110, 'Serigrafia', 10801, 'programado44', 47),
(10383, 102, 'Serigrafia', 11939, 'programado45', 48),
(10384, 101, 'Serigrafia', 11731, 'programado46', 49),
(10385, 104, 'Serigrafia', 10800, 'programado47', 50),
(10386, 106, 'Serigrafia', 11297, 'programado48', 51),
(10387, 100, 'Serigrafia', 11296, 'programado49', 52),
(10388, 105, 'Serigrafia', 11216, 'programado50', 53),
(10389, 108, 'Serigrafia', 11940, 'programado51', 54),
(10390, 112, 'Serigrafia', 11298, 'programado52', 55),
(10391, 114, 'Serigrafia', 11941, 'programado53', 56),
(10392, 113, 'Serigrafia', 11733, 'programado54', 57),
(10393, 118, 'Serigrafia', 11734, 'programado55', 58),
(10394, 119, 'Serigrafia', 11991, 'programado56', 59),
(10395, 117, 'Serigrafia', 11410, 'programado57', 60),
(10396, 121, 'Serigrafia', 10802, 'programado58', 61),
(10397, 123, 'Serigrafia', 11735, 'programado59', 62),
(10398, 124, 'Serigrafia', 11942, 'programado60', 63),
(10399, 122, 'Serigrafia', 11411, 'programado61', 64),
(10400, 127, 'Serigrafia', 10803, 'programado62', 65),
(10401, 126, 'Serigrafia', 12190, 'programado63', 66),
(10402, 137, 'Serigrafia', 11943, 'programado64', 67),
(10403, 134, 'Serigrafia', 11412, 'programado65', 68),
(10404, 139, 'Serigrafia', 10804, 'programado66', 69),
(10405, 132, 'Serigrafia', 10953, 'programado67', 70),
(10406, 131, 'Serigrafia', 10948, 'programado68', 71),
(10407, 128, 'Serigrafia', 10880, 'programado69', 72),
(10408, 135, 'Serigrafia', 11736, 'programado70', 73),
(10409, 145, 'Serigrafia', 10805, 'programado71', 74),
(10410, 147, 'Serigrafia', 11738, 'programado72', 75),
(10411, 141, 'Serigrafia', 11737, 'programado73', 76),
(10412, 142, 'Serigrafia', 11944, 'programado74', 77),
(10413, 159, 'Serigrafia', 10954, 'programado75', 78),
(10414, 163, 'Serigrafia', 11527, 'programado76', 79),
(10415, 165, 'Serigrafia', 11946, 'programado77', 80),
(10416, 163, 'Serigrafia', 11519, 'programado78', 81),
(10417, 170, 'Serigrafia', 11579, 'programado79', 82),
(10418, 167, 'Serigrafia', 10807, 'programado80', 83),
(10419, 171, 'Serigrafia', 11741, 'programado81', 84),
(10420, 164, 'Serigrafia', 11740, 'programado82', 85),
(10421, 168, 'Serigrafia', 10960, 'programado83', 86),
(10422, 172, 'Serigrafia', 11947, 'programado84', 87),
(10423, 181, 'Serigrafia', 10808, 'programado85', 88),
(10424, 178, 'Serigrafia', 11742, 'programado86', 89),
(10425, 177, 'Serigrafia', 11443, 'programado87', 90),
(10426, 179, 'Serigrafia', 11948, 'programado88', 91),
(10427, 177, 'Serigrafia', 11414, 'programado89', 92),
(10428, 177, 'Serigrafia', 11442, 'programado90', 93),
(10429, 186, 'Serigrafia', 11743, 'programado91', 94),
(10430, 185, 'Serigrafia', 11580, 'programado92', 95),
(10431, 187, 'Serigrafia', 11949, 'programado93', 96),
(10432, 183, 'Serigrafia', 11415, 'programado94', 97),
(10433, 182, 'Serigrafia', 10809, 'programado95', 98),
(10434, 192, 'Serigrafia', 11950, 'programado96', 99),
(10435, 194, 'Serigrafia', 12191, 'programado97', 100),
(10436, 195, 'Serigrafia', 10810, 'programado98', 101),
(10437, 190, 'Serigrafia', 11091, 'programado99', 102),
(10438, 191, 'Serigrafia', 11744, 'programado100', 103),
(10439, 197, 'Serigrafia', 11464, 'programado101', 104),
(10440, 203, 'Serigrafia', 10811, 'programado102', 105),
(10441, 199, 'Serigrafia', 11745, 'programado103', 106),
(10442, 198, 'Serigrafia', 11581, 'programado104', 107),
(10443, 200, 'Serigrafia', 11951, 'programado105', 108),
(10444, 209, 'Serigrafia', 10812, 'programado106', 109),
(10445, 204, 'Serigrafia', 11416, 'programado107', 110),
(10446, 205, 'Serigrafia', 11746, 'programado108', 111),
(10447, 206, 'Serigrafia', 11952, 'programado109', 112),
(10448, 216, 'Serigrafia', 10813, 'programado110', 113),
(10449, 212, 'Serigrafia', 11417, 'programado111', 114),
(10450, 213, 'Serigrafia', 11747, 'programado112', 115),
(10451, 228, 'Serigrafia', 11992, 'programado113', 116),
(10452, 225, 'Serigrafia', 11232, 'programado114', 117),
(10453, 230, 'Serigrafia', 10814, 'programado115', 118),
(10454, 227, 'Serigrafia', 11748, 'programado116', 119),
(10455, 225, 'Serigrafia', 11217, 'programado117', 120),
(10456, 226, 'Serigrafia', 11299, 'programado118', 121),
(10457, 243, 'Serigrafia', 10815, 'programado119', 122),
(10458, 240, 'Serigrafia', 11953, 'programado120', 123),
(10459, 239, 'Serigrafia', 11749, 'programado121', 124),
(10460, 238, 'Serigrafia', 11582, 'programado122', 125),
(10461, 236, 'Serigrafia', 11418, 'programado123', 126),
(10462, 250, 'Serigrafia', 11420, 'programado124', 127),
(10463, 246, 'Serigrafia', 11750, 'programado125', 128),
(10464, 255, 'Serigrafia', 12192, 'programado126', 129),
(10465, 245, 'Serigrafia', 11419, 'programado127', 130),
(10466, 257, 'Serigrafia', 11218, 'programado128', 131),
(10467, 262, 'Serigrafia', 10818, 'programado129', 132),
(10468, 259, 'Serigrafia', 11752, 'programado130', 133),
(10469, 262, 'Serigrafia', 10867, 'programado131', 134),
(10470, 258, 'Serigrafia', 11300, 'programado132', 135),
(10471, 256, 'Serigrafia', 10817, 'programado133', 136),
(10472, 261, 'Serigrafia', 11955, 'programado134', 137),
(10473, 252, 'Serigrafia', 11751, 'programado135', 138),
(10474, 258, 'Serigrafia', 11310, 'programado136', 139),
(10475, 244, 'Serigrafia', 10816, 'programado137', 140),
(10476, 253, 'Serigrafia', 11954, 'programado138', 141),
(10477, 266, 'Serigrafia', 12193, 'programado139', 142),
(10478, 267, 'Serigrafia', 10819, 'programado140', 143),
(10479, 264, 'Serigrafia', 11753, 'programado141', 144),
(10480, 263, 'Serigrafia', 11421, 'programado142', 145),
(10481, 271, 'Serigrafia', 11440, 'programado143', 146),
(10482, 273, 'Serigrafia', 11956, 'programado144', 147),
(10483, 271, 'Serigrafia', 11422, 'programado145', 148),
(10484, 275, 'Serigrafia', 12194, 'programado146', 149),
(10485, 276, 'Serigrafia', 10820, 'programado147', 150),
(10486, 272, 'Serigrafia', 11754, 'programado148', 151),
(10487, 277, 'Serigrafia', 11219, 'programado149', 152),
(10488, 280, 'Serigrafia', 11957, 'programado150', 153),
(10489, 278, 'Serigrafia', 11301, 'programado151', 154),
(10490, 282, 'Serigrafia', 10821, 'programado152', 155),
(10491, 279, 'Serigrafia', 11755, 'programado153', 156),
(10492, 292, 'Serigrafia', 11423, 'programado154', 157),
(10493, 296, 'Serigrafia', 10822, 'programado155', 158),
(10494, 293, 'Serigrafia', 11756, 'programado156', 159),
(10495, 295, 'Serigrafia', 12195, 'programado157', 160),
(10496, 299, 'Serigrafia', 11757, 'programado158', 161),
(10497, 298, 'Serigrafia', 11302, 'programado159', 162),
(10498, 297, 'Serigrafia', 11220, 'programado160', 163),
(10499, 300, 'Serigrafia', 11958, 'programado161', 164),
(10500, 302, 'Serigrafia', 10823, 'programado162', 165),
(10501, 320, 'Serigrafia', 11249, 'programado163', 166),
(10502, 321, 'Serigrafia', 11759, 'programado164', 167),
(10503, 323, 'Serigrafia', 10824, 'programado165', 168),
(10504, 313, 'Serigrafia', 11758, 'programado166', 169),
(10505, 327, 'Serigrafia', 11520, 'programado167', 170),
(10506, 338, 'Serigrafia', 10826, 'programado168', 171),
(10507, 324, 'Serigrafia', 11233, 'programado169', 172),
(10508, 326, 'Serigrafia', 11252, 'programado170', 173),
(10509, 337, 'Serigrafia', 12196, 'programado171', 174),
(10510, 328, 'Serigrafia', 11760, 'programado172', 175),
(10511, 341, 'Serigrafia', 11222, 'programado173', 176),
(10512, 345, 'Serigrafia', 11960, 'programado174', 177),
(10513, 331, 'Serigrafia', 10825, 'programado175', 178),
(10514, 324, 'Serigrafia', 11221, 'programado176', 179),
(10515, 329, 'Serigrafia', 11959, 'programado177', 180),
(10516, 339, 'Serigrafia', 10881, 'programado178', 181),
(10517, 326, 'Serigrafia', 11250, 'programado179', 182),
(10518, 342, 'Serigrafia', 11303, 'programado180', 183),
(10519, 347, 'Serigrafia', 10827, 'programado181', 184),
(10520, 335, 'Serigrafia', 11826, 'programado182', 185),
(10521, 334, 'Serigrafia', 11610, 'programado183', 186),
(10522, 333, 'Serigrafia', 11424, 'programado184', 187),
(10523, 343, 'Serigrafia', 11761, 'programado185', 188),
(10524, 358, 'Serigrafia', 11425, 'programado186', 189),
(10525, 379, 'Serigrafia', 10830, 'programado187', 190),
(10526, 363, 'Serigrafia', 11961, 'programado188', 191),
(10527, 375, 'Serigrafia', 11764, 'programado189', 192),
(10528, 361, 'Serigrafia', 11583, 'programado190', 193),
(10529, 372, 'Serigrafia', 10829, 'programado191', 194),
(10530, 373, 'Serigrafia', 11426, 'programado192', 195),
(10531, 369, 'Serigrafia', 11763, 'programado193', 196),
(10532, 360, 'Serigrafia', 11092, 'programado194', 197),
(10533, 376, 'Serigrafia', 11963, 'programado195', 198),
(10534, 368, 'Serigrafia', 11304, 'programado196', 199),
(10535, 366, 'Serigrafia', 10828, 'programado197', 200),
(10536, 362, 'Serigrafia', 11762, 'programado198', 201),
(10537, 370, 'Serigrafia', 11962, 'programado199', 202),
(10538, 365, 'Serigrafia', 12197, 'programado200', 203),
(10539, 367, 'Serigrafia', 11223, 'programado201', 204),
(10540, 395, 'Serigrafia', 12267, 'programado202', 205),
(10541, 381, 'Serigrafia', 10643, 'programado203', 206),
(10542, 385, 'Serigrafia', 11964, 'programado204', 207),
(10543, 391, 'Serigrafia', 11305, 'programado205', 208),
(10544, 396, 'Serigrafia', 10868, 'programado206', 209),
(10545, 380, 'Serigrafia', 10642, 'programado207', 210),
(10546, 390, 'Serigrafia', 11225, 'programado208', 211),
(10547, 391, 'Serigrafia', 11311, 'programado209', 212),
(10548, 387, 'Serigrafia', 12198, 'programado210', 213),
(10549, 382, 'Serigrafia', 11224, 'programado211', 214),
(10550, 396, 'Serigrafia', 10831, 'programado212', 215),
(10551, 392, 'Serigrafia', 11765, 'programado213', 216),
(10552, 393, 'Serigrafia', 11965, 'programado214', 217),
(10553, 408, 'Serigrafia', 10869, 'programado215', 218),
(10554, 397, 'Serigrafia', 11226, 'programado216', 219),
(10555, 402, 'Serigrafia', 11093, 'programado217', 220),
(10556, 404, 'Serigrafia', 11767, 'programado218', 221),
(10557, 405, 'Serigrafia', 11967, 'programado219', 222),
(10558, 401, 'Serigrafia', 10832, 'programado220', 223),
(10559, 398, 'Serigrafia', 11766, 'programado221', 224),
(10560, 399, 'Serigrafia', 11966, 'programado222', 225),
(10561, 397, 'Serigrafia', 11234, 'programado223', 226),
(10562, 414, 'Serigrafia', 11968, 'programado224', 227),
(10563, 416, 'Serigrafia', 10833, 'programado225', 228),
(10564, 411, 'Serigrafia', 11312, 'programado226', 229),
(10565, 417, 'Serigrafia', 11228, 'programado227', 230),
(10566, 417, 'Serigrafia', 11235, 'programado228', 231),
(10567, 418, 'Serigrafia', 11307, 'programado229', 232),
(10568, 419, 'Serigrafia', 11769, 'programado230', 233),
(10569, 420, 'Serigrafia', 11969, 'programado231', 234),
(10570, 416, 'Serigrafia', 10870, 'programado232', 235),
(10571, 410, 'Serigrafia', 11227, 'programado233', 236),
(10572, 422, 'Serigrafia', 10834, 'programado234', 237),
(10573, 418, 'Serigrafia', 11274, 'programado235', 238),
(10574, 411, 'Serigrafia', 11306, 'programado236', 239),
(10575, 412, 'Serigrafia', 11768, 'programado237', 240),
(10576, 84, 'Serigrafia', 11936, 'programado238', 241),
(10577, 439, 'Serigrafia', 11427, 'programado239', 242),
(10578, 437, 'Serigrafia', 12200, 'programado240', 243),
(10579, 434, 'Serigrafia', 11771, 'programado241', 244),
(10580, 86, 'Serigrafia', 12189, 'programado242', 245),
(10581, 435, 'Serigrafia', 11971, 'programado243', 246),
(10582, 83, 'Serigrafia', 11728, 'programado244', 247),
(10583, 87, 'Serigrafia', 10797, 'programado245', 248),
(10584, 438, 'Serigrafia', 10836, 'programado246', 249),
(10585, 430, 'Serigrafia', 12199, 'programado247', 250),
(10586, 426, 'Serigrafia', 11770, 'programado248', 251),
(10587, 427, 'Serigrafia', 11970, 'programado249', 252),
(10588, 433, 'Serigrafia', 11095, 'programado250', 253),
(10589, 431, 'Serigrafia', 10835, 'programado251', 254),
(10590, 424, 'Serigrafia', 11094, 'programado252', 255),
(10591, 441, 'Serigrafia', 11772, 'programado253', 256),
(10592, 442, 'Serigrafia', 11972, 'programado254', 257),
(10593, 82, 'Serigrafia', 11090, 'programado255', 258),
(10594, 425, 'Serigrafia', 11584, 'programado256', 259),
(10595, 150, 'Serigrafia', 11413, 'programado257', 260),
(10596, 152, 'Serigrafia', 11739, 'programado258', 261),
(10597, 153, 'Serigrafia', 11945, 'programado259', 262),
(10598, 156, 'Serigrafia', 10806, 'programado260', 263),
(10599, 454, 'Serigrafia', 10837, 'programado261', 264),
(10600, 455, 'Serigrafia', 12262, 'programado262', 265),
(10601, 450, 'Serigrafia', 11773, 'programado263', 266),
(10602, 451, 'Serigrafia', 11973, 'programado264', 267),
(10603, 455, 'Serigrafia', 12253, 'programado265', 268),
(10604, 455, 'Serigrafia', 12260, 'programado266', 269),
(10605, 449, 'Serigrafia', 11428, 'programado267', 270),
(10606, 32, 'Serigrafia', 11932, 'programado268', 271),
(10607, 458, 'Serigrafia', 11774, 'programado269', 272),
(10608, 31, 'Serigrafia', 11723, 'programado270', 273),
(10609, 34, 'Serigrafia', 12187, 'programado271', 274),
(10610, 457, 'Serigrafia', 11521, 'programado272', 275),
(10611, 460, 'Serigrafia', 10838, 'programado273', 276),
(10612, 457, 'Serigrafia', 11528, 'programado274', 277),
(10613, 462, 'Serigrafia', 11775, 'programado275', 278),
(10614, 463, 'Serigrafia', 11974, 'programado276', 279),
(10615, 461, 'Serigrafia', 11522, 'programado277', 280),
(10616, 465, 'Serigrafia', 10839, 'programado278', 281),
(10617, 469, 'Serigrafia', 11975, 'programado279', 282),
(10618, 473, 'Serigrafia', 11523, 'programado280', 283),
(10619, 472, 'Serigrafia', 10840, 'programado281', 284),
(10620, 466, 'Serigrafia', 11096, 'programado282', 285),
(10621, 473, 'Serigrafia', 11529, 'programado283', 286),
(10622, 467, 'Serigrafia', 11585, 'programado284', 287),
(10623, 468, 'Serigrafia', 11776, 'programado285', 288),
(10624, 471, 'Serigrafia', 12201, 'programado286', 289),
(10625, 474, 'Serigrafia', 11097, 'programado287', 290),
(10626, 480, 'Serigrafia', 11820, 'programado288', 291),
(10627, 478, 'Serigrafia', 12210, 'programado289', 292),
(10628, 475, 'Serigrafia', 11777, 'programado290', 293),
(10629, 478, 'Serigrafia', 12202, 'programado291', 294),
(10630, 480, 'Serigrafia', 11818, 'programado292', 295),
(10631, 476, 'Serigrafia', 11976, 'programado293', 296),
(10632, 479, 'Serigrafia', 10841, 'programado294', 297),
(10633, 521, 'Serigrafia', 11782, 'programado295', 298),
(10634, 504, 'Serigrafia', 10844, 'programado296', 299),
(10635, 485, 'Serigrafia', 11778, 'programado297', 300),
(10636, 519, 'Serigrafia', 11430, 'programado298', 301),
(10637, 507, 'Serigrafia', 11978, 'programado299', 302),
(10638, 495, 'Serigrafia', 12203, 'programado300', 303),
(10639, 525, 'Serigrafia', 10847, 'programado301', 304),
(10640, 514, 'Serigrafia', 11781, 'programado302', 305),
(10641, 496, 'Serigrafia', 10843, 'programado303', 306),
(10642, 490, 'Serigrafia', 11586, 'programado304', 307),
(10643, 501, 'Serigrafia', 11099, 'programado305', 308),
(10644, 484, 'Serigrafia', 11429, 'programado306', 309),
(10645, 492, 'Serigrafia', 11977, 'programado307', 310),
(10646, 517, 'Serigrafia', 10846, 'programado308', 311),
(10647, 489, 'Serigrafia', 11084, 'programado309', 312),
(10648, 506, 'Serigrafia', 11780, 'programado310', 313),
(10649, 488, 'Serigrafia', 10842, 'programado311', 314),
(10650, 516, 'Serigrafia', 12205, 'programado312', 315),
(10651, 484, 'Serigrafia', 11439, 'programado313', 316),
(10652, 489, 'Serigrafia', 11098, 'programado314', 317),
(10653, 510, 'Serigrafia', 10845, 'programado315', 318),
(10654, 500, 'Serigrafia', 10644, 'programado316', 319),
(10655, 491, 'Serigrafia', 11779, 'programado317', 320),
(10656, 497, 'Serigrafia', 11524, 'programado318', 321),
(10657, 522, 'Serigrafia', 11979, 'programado319', 322),
(10658, 509, 'Serigrafia', 12204, 'programado320', 323),
(10659, 531, 'Serigrafia', 12206, 'programado321', 324),
(10660, 529, 'Serigrafia', 11783, 'programado322', 325),
(10661, 532, 'Serigrafia', 10848, 'programado323', 326),
(10662, 531, 'Serigrafia', 12211, 'programado324', 327),
(10663, 533, 'Serigrafia', 11480, 'programado325', 328),
(10664, 534, 'Serigrafia', 11784, 'programado326', 329),
(10665, 533, 'Serigrafia', 11482, 'programado327', 330),
(10666, 535, 'Serigrafia', 11980, 'programado328', 331),
(10667, 537, 'Serigrafia', 10849, 'programado329', 332),
(10668, 564, 'Serigrafia', 11465, 'programado330', 333),
(10669, 554, 'Serigrafia', 12259, 'programado331', 334),
(10670, 566, 'Serigrafia', 11789, 'programado332', 335),
(10671, 547, 'Serigrafia', 11982, 'programado333', 336),
(10672, 543, 'Serigrafia', 12207, 'programado334', 337),
(10673, 550, 'Serigrafia', 10851, 'programado335', 338),
(10674, 539, 'Serigrafia', 11587, 'programado336', 339),
(10675, 538, 'Serigrafia', 11100, 'programado337', 340),
(10676, 540, 'Serigrafia', 11785, 'programado338', 341),
(10677, 553, 'Serigrafia', 12258, 'programado339', 342),
(10678, 554, 'Serigrafia', 12265, 'programado340', 343),
(10679, 562, 'Serigrafia', 11788, 'programado341', 344),
(10680, 541, 'Serigrafia', 11981, 'programado342', 345),
(10681, 544, 'Serigrafia', 10850, 'programado343', 346),
(10682, 553, 'Serigrafia', 12261, 'programado344', 347),
(10683, 567, 'Serigrafia', 11984, 'programado345', 348),
(10684, 570, 'Serigrafia', 10853, 'programado346', 349),
(10685, 565, 'Serigrafia', 11589, 'programado347', 350),
(10686, 553, 'Serigrafia', 12264, 'programado348', 351),
(10687, 557, 'Serigrafia', 11787, 'programado349', 352),
(10688, 558, 'Serigrafia', 11983, 'programado350', 353),
(10689, 560, 'Serigrafia', 12208, 'programado351', 354),
(10690, 561, 'Serigrafia', 10852, 'programado352', 355),
(10691, 556, 'Serigrafia', 11588, 'programado353', 356),
(10692, 555, 'Serigrafia', 11101, 'programado354', 357),
(10693, 546, 'Serigrafia', 11786, 'programado355', 358),
(10694, 545, 'Serigrafia', 11431, 'programado356', 359),
(10695, 582, 'Serigrafia', 11993, 'programado357', 360),
(10696, 589, 'Serigrafia', 11104, 'programado358', 361),
(10697, 588, 'Serigrafia', 10854, 'programado359', 362),
(10698, 587, 'Serigrafia', 11251, 'programado360', 363),
(10699, 584, 'Serigrafia', 12209, 'programado361', 364),
(10700, 589, 'Serigrafia', 11102, 'programado362', 365),
(10701, 580, 'Serigrafia', 11432, 'programado363', 366),
(10702, 581, 'Serigrafia', 11790, 'programado364', 367),
(10703, 576, 'Serigrafia', 11481, 'programado365', 368),
(10704, 601, 'Serigrafia', 11309, 'programado366', 369),
(10705, 602, 'Serigrafia', 11792, 'programado367', 370),
(10706, 597, 'Serigrafia', 11985, 'programado368', 371),
(10707, 594, 'Serigrafia', 11229, 'programado369', 372),
(10708, 594, 'Serigrafia', 11236, 'programado370', 373),
(10709, 595, 'Serigrafia', 11308, 'programado371', 374),
(10710, 598, 'Serigrafia', 10871, 'programado372', 375),
(10711, 596, 'Serigrafia', 11791, 'programado373', 376),
(10712, 606, 'Serigrafia', 10856, 'programado374', 377),
(10713, 604, 'Serigrafia', 11986, 'programado375', 378),
(10714, 598, 'Serigrafia', 10855, 'programado376', 379),
(10715, 595, 'Serigrafia', 11313, 'programado377', 380),
(10716, 611, 'Serigrafia', 10858, 'programado378', 381),
(10717, 607, 'Serigrafia', 10857, 'programado379', 382),
(10718, 612, 'Serigrafia', 11827, 'programado380', 383),
(10719, 608, 'Serigrafia', 11525, 'programado381', 384),
(10720, 609, 'Serigrafia', 11793, 'programado382', 385),
(10721, 617, 'Serigrafia', 11433, 'programado383', 386),
(10722, 618, 'Serigrafia', 11794, 'programado384', 387),
(10723, 619, 'Serigrafia', 11987, 'programado385', 388),
(10724, 622, 'Serigrafia', 10859, 'programado386', 389),
(10725, 635, 'Serigrafia', 11533, 'programado387', 390),
(10726, 640, 'Serigrafia', 10971, 'programado388', 391),
(10727, 634, 'Serigrafia', 11539, 'programado389', 392),
(10728, 686, 'Serigrafia', 10903, 'programado390', 393),
(10729, 652, 'Serigrafia', 11796, 'programado391', 394),
(10730, 644, 'Serigrafia', 11526, 'programado392', 395),
(10731, 645, 'Serigrafia', 11795, 'programado393', 396),
(10732, 643, 'Serigrafia', 12254, 'programado394', 397),
(10733, 684, 'Serigrafia', 12281, 'programado395', 398),
(10734, 647, 'Serigrafia', 10860, 'programado396', 399),
(10735, 685, 'Serigrafia', 10965, 'programado397', 400),
(10736, 659, 'Serigrafia', 12280, 'programado398', 401),
(10737, 660, 'Serigrafia', 11032, 'programado399', 402),
(10738, 695, 'Serigrafia', 11434, 'programado400', 403),
(10739, 697, 'Serigrafia', 11441, 'programado401', 404),
(10740, 691, 'Serigrafia', 11608, 'programado402', 405),
(10741, 703, 'Serigrafia', 10872, 'programado403', 406),
(10742, 698, 'Serigrafia', 11590, 'programado404', 407),
(10743, 694, 'Serigrafia', 11828, 'programado405', 408),
(10744, 703, 'Serigrafia', 10861, 'programado406', 409),
(10745, 700, 'Serigrafia', 11988, 'programado407', 410),
(10746, 692, 'Serigrafia', 11819, 'programado408', 411),
(10747, 706, 'Serigrafia', 11597, 'programado409', 412),
(10748, 697, 'Serigrafia', 11435, 'programado410', 413),
(10749, 699, 'Serigrafia', 11797, 'programado411', 414),
(10750, 689, 'Serigrafia', 11230, 'programado412', 415),
(10751, 714, 'Serigrafia', 10862, 'programado413', 416),
(10752, 708, 'Serigrafia', 11103, 'programado414', 417),
(10753, 710, 'Serigrafia', 11436, 'programado415', 418),
(10754, 711, 'Serigrafia', 11798, 'programado416', 419),
(10755, 721, 'Serigrafia', 11591, 'programado417', 420),
(10756, 723, 'Serigrafia', 11989, 'programado418', 421),
(10757, 727, 'Serigrafia', 12255, 'programado419', 422),
(10758, 722, 'Serigrafia', 11799, 'programado420', 423),
(10759, 720, 'Serigrafia', 11466, 'programado421', 424),
(10760, 726, 'Serigrafia', 10863, 'programado422', 425),
(10761, 718, 'Serigrafia', 12256, 'programado423', 426),
(10762, 727, 'Serigrafia', 12263, 'programado424', 427),
(10763, 732, 'Serigrafia', 11437, 'programado425', 428),
(10764, 734, 'Serigrafia', 11612, 'programado426', 429),
(10765, 728, 'Serigrafia', 10864, 'programado427', 430),
(10766, 734, 'Serigrafia', 11611, 'programado428', 431),
(10767, 743, 'Serigrafia', 10865, 'programado429', 432),
(10768, 735, 'Serigrafia', 12257, 'programado430', 433),
(10769, 738, 'Serigrafia', 11592, 'programado431', 434),
(10770, 740, 'Serigrafia', 11990, 'programado432', 435),
(10771, 745, 'Serigrafia', 10866, 'programado433', 436),
(10772, 737, 'Serigrafia', 11438, 'programado434', 437),
(10773, 739, 'Serigrafia', 11800, 'programado435', 438);

-- --------------------------------------------------------

--
-- Estructura de tabla para la tabla `procesos`
--

CREATE TABLE `procesos` (
  `id_proceso` int(255) UNSIGNED NOT NULL,
  `id_orden` int(255) DEFAULT NULL,
  `numodt` varchar(50) DEFAULT NULL,
  `fecha_inicio` date DEFAULT NULL,
  `fecha_fin` date DEFAULT NULL,
  `proceso` varchar(255) DEFAULT NULL,
  `nombre_proceso` varchar(255) DEFAULT NULL,
  `estatus` enum('En Tiempo','Tarde','No se ha Realizado','Programado','No Aplica') DEFAULT 'Programado',
  `avance` enum('inicio','en pausa','retomado','completado') DEFAULT 'inicio',
  `tiempo_pausa` time(6) DEFAULT NULL,
  `fecha_pausa` varchar(60) DEFAULT NULL
) ENGINE=MyISAM DEFAULT CHARSET=latin1;

--
-- Volcado de datos para la tabla `procesos`
--

INSERT INTO `procesos` (`id_proceso`, `id_orden`, `numodt`, `fecha_inicio`, `fecha_fin`, `proceso`, `nombre_proceso`, `estatus`, `avance`, `tiempo_pausa`, `fecha_pausa`) VALUES
(10627, 269, 'I3351', NULL, NULL, NULL, 'Grabado', 'Programado', 'inicio', NULL, NULL),
(10628, NULL, 'G0899', NULL, NULL, NULL, 'HotStamping', 'Programado', 'inicio', NULL, NULL),
(10629, NULL, 'J1068', NULL, NULL, NULL, 'HotStamping', 'Programado', 'inicio', NULL, NULL),
(10630, NULL, 'H4196', NULL, NULL, NULL, 'Digital', 'Programado', 'inicio', NULL, NULL),
(10631, NULL, 'L1032', NULL, NULL, NULL, 'Acabado', 'Programado', 'inicio', NULL, NULL),
(10632, 231, 'H4016', NULL, NULL, NULL, 'Acabado', 'Programado', 'inicio', NULL, NULL),
(10633, NULL, 'H4192', NULL, NULL, NULL, 'Acabado', 'Programado', 'inicio', NULL, NULL),
(10634, NULL, 'H4192', NULL, NULL, NULL, 'Acabado', 'Programado', 'inicio', NULL, NULL),
(10635, NULL, 'H4192', NULL, NULL, NULL, 'Acabado', 'Programado', 'inicio', NULL, NULL),
(10636, 482, 'H4134', NULL, NULL, NULL, 'Encuadernacion', 'Programado', 'inicio', NULL, NULL),
(10637, NULL, 'H4136', NULL, NULL, NULL, 'Acabado', 'Programado', 'inicio', NULL, NULL),
(10638, 571, 'I3406', NULL, NULL, NULL, 'Acabado', 'Programado', 'inicio', NULL, NULL),
(10639, 380, 'H4087', NULL, NULL, NULL, 'Corte', 'Programado', 'inicio', NULL, NULL),
(10640, 381, 'H4088', NULL, NULL, NULL, 'Corte', 'Programado', 'inicio', NULL, NULL),
(10641, 500, 'H4136', NULL, NULL, NULL, 'Corte', 'Programado', 'inicio', NULL, NULL),
(10642, 380, 'H4087', NULL, NULL, NULL, 'Serigrafia', 'Programado', 'inicio', NULL, NULL),
(10643, 381, 'H4088', NULL, NULL, NULL, 'Serigrafia', 'Programado', 'inicio', NULL, NULL),
(10644, 500, 'H4136', NULL, NULL, NULL, 'Serigrafia', 'Programado', 'inicio', NULL, NULL),
(10645, 157, '68227', NULL, NULL, NULL, 'Encuadernacion', 'Programado', 'inicio', NULL, NULL),
(10646, 5, '68071', NULL, NULL, NULL, 'Corte', 'Programado', 'inicio', NULL, NULL),
(10647, 12, 'I3010', NULL, NULL, NULL, 'Corte', 'Programado', 'inicio', NULL, NULL),
(10648, 18, 'I3015', NULL, NULL, NULL, 'Corte', 'Programado', 'inicio', NULL, NULL),
(10649, 25, 'G0804', NULL, NULL, NULL, 'Corte', 'Programado', 'inicio', NULL, NULL),
(10650, 29, '68118', NULL, NULL, NULL, 'Corte', 'Programado', 'inicio', NULL, NULL),
(10651, 35, 'I3114V1', NULL, NULL, NULL, 'Corte', 'Programado', 'inicio', NULL, NULL),
(10652, 41, 'H3685', NULL, NULL, NULL, 'Corte', 'Programado', 'inicio', NULL, NULL),
(10653, 55, 'H3720', NULL, NULL, NULL, 'Corte', 'Programado', 'inicio', NULL, NULL),
(10654, 75, 'I3233', NULL, NULL, NULL, 'Corte', 'Programado', 'inicio', NULL, NULL),
(10655, 81, 'B5777', NULL, NULL, NULL, 'Corte', 'Programado', 'inicio', NULL, NULL),
(10656, 87, 'G0889V2', NULL, NULL, NULL, 'Corte', 'Programado', 'inicio', NULL, NULL),
(10657, 93, 'H3831', NULL, NULL, NULL, 'Corte', 'Programado', 'inicio', NULL, NULL),
(10658, 98, 'I3258', NULL, NULL, NULL, 'Corte', 'Programado', 'inicio', NULL, NULL),
(10659, 104, 'D2292', NULL, NULL, NULL, 'Corte', 'Programado', 'inicio', NULL, NULL),
(10660, 110, 'I3284', NULL, NULL, NULL, 'Corte', 'Programado', 'inicio', NULL, NULL),
(10661, 116, 'B5833', NULL, NULL, NULL, 'Corte', 'Programado', 'inicio', NULL, NULL),
(10662, 121, 'H3908', NULL, NULL, NULL, 'Corte', 'Programado', 'inicio', NULL, NULL),
(10663, 127, 'G0899', NULL, NULL, NULL, 'Corte', 'Programado', 'inicio', NULL, NULL),
(10664, 139, 'H3924', NULL, NULL, NULL, 'Corte', 'Programado', 'inicio', NULL, NULL),
(10665, 145, 'H3926', NULL, NULL, NULL, 'Corte', 'Programado', 'inicio', NULL, NULL),
(10666, 149, '68225', NULL, NULL, NULL, 'Corte', 'Programado', 'inicio', NULL, NULL),
(10667, 156, 'L1000V1', NULL, NULL, NULL, 'Corte', 'Programado', 'inicio', NULL, NULL),
(10668, 167, 'L1006', NULL, NULL, NULL, 'Corte', 'Programado', 'inicio', NULL, NULL),
(10669, 175, 'B5887', NULL, NULL, NULL, 'Corte', 'Programado', 'inicio', NULL, NULL),
(10670, 181, 'B5894', NULL, NULL, NULL, 'Corte', 'Programado', 'inicio', NULL, NULL),
(10671, 182, 'B5903', NULL, NULL, NULL, 'Corte', 'Programado', 'inicio', NULL, NULL),
(10672, 195, 'G0902', NULL, NULL, NULL, 'Corte', 'Programado', 'inicio', NULL, NULL),
(10673, 203, 'I3322', NULL, NULL, NULL, 'Corte', 'Programado', 'inicio', NULL, NULL),
(10674, 209, 'H3993', NULL, NULL, NULL, 'Corte', 'Programado', 'inicio', NULL, NULL),
(10675, 216, 'I3339', NULL, NULL, NULL, 'Corte', 'Programado', 'inicio', NULL, NULL),
(10676, 230, 'B5939', NULL, NULL, NULL, 'Corte', 'Programado', 'inicio', NULL, NULL),
(10677, 243, 'J1056', NULL, NULL, NULL, 'Corte', 'Programado', 'inicio', NULL, NULL),
(10678, 244, 'H4024', NULL, NULL, NULL, 'Corte', 'Programado', 'inicio', NULL, NULL),
(10679, 256, 'D2342', NULL, NULL, NULL, 'Corte', 'Programado', 'inicio', NULL, NULL),
(10680, 262, 'B5991', NULL, NULL, NULL, 'Corte', 'Programado', 'inicio', NULL, NULL),
(10681, 267, 'I3350', NULL, NULL, NULL, 'Corte', 'Programado', 'inicio', NULL, NULL),
(10682, 276, 'J1058', NULL, NULL, NULL, 'Corte', 'Programado', 'inicio', NULL, NULL),
(10683, 282, 'J1059', NULL, NULL, NULL, 'Corte', 'Programado', 'inicio', NULL, NULL),
(10684, 291, 'H4061', NULL, NULL, NULL, 'Corte', 'Programado', 'inicio', NULL, NULL),
(10685, 296, 'I3363', NULL, NULL, NULL, 'Corte', 'Programado', 'inicio', NULL, NULL),
(10686, 302, 'J1062', NULL, NULL, NULL, 'Corte', 'Programado', 'inicio', NULL, NULL),
(10687, 317, 'B6013', NULL, NULL, NULL, 'Corte', 'Programado', 'inicio', NULL, NULL),
(10688, 323, 'H4070', NULL, NULL, NULL, 'Corte', 'Programado', 'inicio', NULL, NULL),
(10689, 331, 'J1066', NULL, NULL, NULL, 'Corte', 'Programado', 'inicio', NULL, NULL),
(10690, 338, 'B6022', NULL, NULL, NULL, 'Corte', 'Programado', 'inicio', NULL, NULL),
(10691, 347, 'H4073', NULL, NULL, NULL, 'Corte', 'Programado', 'inicio', NULL, NULL),
(10692, 354, 'H4074V1', NULL, NULL, NULL, 'Corte', 'Programado', 'inicio', NULL, NULL),
(10693, 366, 'G0904', NULL, NULL, NULL, 'Corte', 'Programado', 'inicio', NULL, NULL),
(10694, 372, 'J1068', NULL, NULL, NULL, 'Corte', 'Programado', 'inicio', NULL, NULL),
(10695, 379, 'J1069', NULL, NULL, NULL, 'Corte', 'Programado', 'inicio', NULL, NULL),
(10696, 388, 'I3371', NULL, NULL, NULL, 'Corte', 'Programado', 'inicio', NULL, NULL),
(10697, 396, 'I3372', NULL, NULL, NULL, 'Corte', 'Programado', 'inicio', NULL, NULL),
(10698, 401, 'B6040', NULL, NULL, NULL, 'Corte', 'Programado', 'inicio', NULL, NULL),
(10699, 408, 'H4100', NULL, NULL, NULL, 'Corte', 'Programado', 'inicio', NULL, NULL),
(10700, 416, 'D2366', NULL, NULL, NULL, 'Corte', 'Programado', 'inicio', NULL, NULL),
(10701, 422, 'F1612', NULL, NULL, NULL, 'Corte', 'Programado', 'inicio', NULL, NULL),
(10702, 431, 'J1070', NULL, NULL, NULL, 'Corte', 'Programado', 'inicio', NULL, NULL),
(10703, 438, 'H4109', NULL, NULL, NULL, 'Corte', 'Programado', 'inicio', NULL, NULL),
(10704, 445, 'I3380', NULL, NULL, NULL, 'Corte', 'Programado', 'inicio', NULL, NULL),
(10705, 454, 'H4119', NULL, NULL, NULL, 'Corte', 'Programado', 'inicio', NULL, NULL),
(10706, 460, 'I3386', NULL, NULL, NULL, 'Corte', 'Programado', 'inicio', NULL, NULL),
(10707, 465, 'L1032', NULL, NULL, NULL, 'Corte', 'Programado', 'inicio', NULL, NULL),
(10708, 472, 'G0904E1', NULL, NULL, NULL, 'Corte', 'Programado', 'inicio', NULL, NULL),
(10709, 479, 'H4131', NULL, NULL, NULL, 'Corte', 'Programado', 'inicio', NULL, NULL),
(10710, 488, 'I3392', NULL, NULL, NULL, 'Corte', 'Programado', 'inicio', NULL, NULL),
(10711, 496, 'B6064', NULL, NULL, NULL, 'Corte', 'Programado', 'inicio', NULL, NULL),
(10712, 510, 'B6065', NULL, NULL, NULL, 'Corte', 'Programado', 'inicio', NULL, NULL),
(10713, 517, 'H4140', NULL, NULL, NULL, 'Corte', 'Programado', 'inicio', NULL, NULL),
(10714, 525, 'L1000V1E1', NULL, NULL, NULL, 'Corte', 'Programado', 'inicio', NULL, NULL),
(10715, 532, 'I3401', NULL, NULL, NULL, 'Corte', 'Programado', 'inicio', NULL, NULL),
(10716, 537, 'F1627', NULL, NULL, NULL, 'Corte', 'Programado', 'inicio', NULL, NULL),
(10717, 544, 'B6079', NULL, NULL, NULL, 'Corte', 'Programado', 'inicio', NULL, NULL),
(10718, 550, 'B6082', NULL, NULL, NULL, 'Corte', 'Programado', 'inicio', NULL, NULL),
(10719, 561, 'G0913', NULL, NULL, NULL, 'Corte', 'Programado', 'inicio', NULL, NULL),
(10720, 570, 'I3405', NULL, NULL, NULL, 'Corte', 'Programado', 'inicio', NULL, NULL),
(10721, 585, 'G0860E1', NULL, NULL, NULL, 'Corte', 'Programado', 'inicio', NULL, NULL),
(10722, 588, 'K2707', NULL, NULL, NULL, 'Corte', 'Programado', 'inicio', NULL, NULL),
(10723, 598, 'B6091', NULL, NULL, NULL, 'Corte', 'Programado', 'inicio', NULL, NULL),
(10724, 606, 'H4167', NULL, NULL, NULL, 'Corte', 'Programado', 'inicio', NULL, NULL),
(10725, 607, 'D2385', NULL, NULL, NULL, 'Corte', 'Programado', 'inicio', NULL, NULL),
(10726, 611, 'H4174', NULL, NULL, NULL, 'Corte', 'Programado', 'inicio', NULL, NULL),
(10727, 622, 'I3412', NULL, NULL, NULL, 'Corte', 'Programado', 'inicio', NULL, NULL),
(10728, 623, 'B5887OT', NULL, NULL, NULL, 'Corte', 'Programado', 'inicio', NULL, NULL),
(10729, 632, 'F1641', NULL, NULL, NULL, 'Corte', 'Programado', 'inicio', NULL, NULL),
(10730, 647, 'B6102', NULL, NULL, NULL, 'Corte', 'Programado', 'inicio', NULL, NULL),
(10731, 655, 'I3415', NULL, NULL, NULL, 'Corte', 'Programado', 'inicio', NULL, NULL),
(10732, 703, 'B6113', NULL, NULL, NULL, 'Corte', 'Programado', 'inicio', NULL, NULL),
(10733, 714, 'I3417', NULL, NULL, NULL, 'Corte', 'Programado', 'inicio', NULL, NULL),
(10734, 716, 'K2711', NULL, NULL, NULL, 'Corte', 'Programado', 'inicio', NULL, NULL),
(10735, 726, 'B6119', NULL, NULL, NULL, 'Corte', 'Programado', 'inicio', NULL, NULL),
(10736, 728, 'G0926', NULL, NULL, NULL, 'Corte', 'Programado', 'inicio', NULL, NULL),
(10737, 743, 'J1083', NULL, NULL, NULL, 'Corte', 'Programado', 'inicio', NULL, NULL),
(10738, 745, '68117D', NULL, NULL, NULL, 'Corte', 'Programado', 'inicio', NULL, NULL),
(10739, 29, '68118', NULL, NULL, NULL, 'Grabado', 'Programado', 'inicio', NULL, NULL),
(10740, 55, 'H3720', NULL, NULL, NULL, 'Grabado', 'Programado', 'inicio', NULL, NULL),
(10741, 81, 'B5777', NULL, NULL, NULL, 'Grabado', 'Programado', 'inicio', NULL, NULL),
(10742, 104, 'D2292', NULL, NULL, NULL, 'Grabado', 'Programado', 'inicio', NULL, NULL),
(10743, 127, 'G0899', NULL, NULL, NULL, 'Grabado', 'Programado', 'inicio', NULL, NULL),
(10744, 127, 'G0899', NULL, NULL, NULL, 'Grabado', 'Programado', 'inicio', NULL, NULL),
(10745, 145, 'H3926', NULL, NULL, NULL, 'Grabado', 'Programado', 'inicio', NULL, NULL),
(10746, 182, 'B5903', NULL, NULL, NULL, 'Grabado', 'Programado', 'inicio', NULL, NULL),
(10747, 203, 'I3322', NULL, NULL, NULL, 'Grabado', 'Programado', 'inicio', NULL, NULL),
(10748, 243, 'J1056', NULL, NULL, NULL, 'Grabado', 'Programado', 'inicio', NULL, NULL),
(10749, 338, 'B6022', NULL, NULL, NULL, 'Grabado', 'Programado', 'inicio', NULL, NULL),
(10750, 379, 'J1069', NULL, NULL, NULL, 'Grabado', 'Programado', 'inicio', NULL, NULL),
(10751, 379, 'J1069', NULL, NULL, NULL, 'Grabado', 'Programado', 'inicio', NULL, NULL),
(10752, 438, 'H4109', NULL, NULL, NULL, 'Grabado', 'Programado', 'inicio', NULL, NULL),
(10753, 460, 'I3386', NULL, NULL, NULL, 'Grabado', 'Programado', 'inicio', NULL, NULL),
(10754, 465, 'L1032', NULL, NULL, NULL, 'Grabado', 'Programado', 'inicio', NULL, NULL),
(10755, 496, 'B6064', NULL, NULL, NULL, 'Grabado', 'Programado', 'inicio', NULL, NULL),
(10756, 570, 'I3405', NULL, NULL, NULL, 'Grabado', 'Programado', 'inicio', NULL, NULL),
(10757, 611, 'H4174', NULL, NULL, NULL, 'Grabado', 'Programado', 'inicio', NULL, NULL),
(10758, 745, '68117D', NULL, NULL, NULL, 'Grabado', 'Programado', 'inicio', NULL, NULL),
(10759, 745, '68117D', NULL, NULL, NULL, 'Grabado', 'Programado', 'inicio', NULL, NULL),
(10760, 35, 'I3114V1', NULL, NULL, NULL, 'HotStamping', 'Programado', 'inicio', NULL, NULL),
(10761, 55, 'H3720', NULL, NULL, NULL, 'HotStamping', 'Programado', 'inicio', NULL, NULL),
(10762, 87, 'G0889V2', NULL, NULL, NULL, 'HotStamping', 'Programado', 'inicio', NULL, NULL),
(10763, 149, '68225', NULL, NULL, NULL, 'HotStamping', 'Programado', 'inicio', NULL, NULL),
(10764, 195, 'G0902', NULL, NULL, NULL, 'HotStamping', 'Programado', 'inicio', NULL, NULL),
(10765, 230, 'B5939', NULL, NULL, NULL, 'HotStamping', 'Programado', 'inicio', NULL, NULL),
(10766, 256, 'D2342', NULL, NULL, NULL, 'HotStamping', 'Programado', 'inicio', NULL, NULL),
(10767, 366, 'G0904', NULL, NULL, NULL, 'HotStamping', 'Programado', 'inicio', NULL, NULL),
(10768, 416, 'D2366', NULL, NULL, NULL, 'HotStamping', 'Programado', 'inicio', NULL, NULL),
(10769, 422, 'F1612', NULL, NULL, NULL, 'HotStamping', 'Programado', 'inicio', NULL, NULL),
(10770, 431, 'J1070', NULL, NULL, NULL, 'HotStamping', 'Programado', 'inicio', NULL, NULL),
(10771, 472, 'G0904E1', NULL, NULL, NULL, 'HotStamping', 'Programado', 'inicio', NULL, NULL),
(10772, 544, 'B6079', NULL, NULL, NULL, 'HotStamping', 'Programado', 'inicio', NULL, NULL),
(10773, 561, 'G0913', NULL, NULL, NULL, 'HotStamping', 'Programado', 'inicio', NULL, NULL),
(10774, 585, 'G0860E1', NULL, NULL, NULL, 'HotStamping', 'Programado', 'inicio', NULL, NULL),
(10775, 726, 'B6119', NULL, NULL, NULL, 'HotStamping', 'Programado', 'inicio', NULL, NULL),
(10776, 743, 'J1083', NULL, NULL, NULL, 'HotStamping', 'Programado', 'inicio', NULL, NULL),
(10777, 75, 'I3233', NULL, NULL, NULL, 'Digital', 'Programado', 'inicio', NULL, NULL),
(10778, 149, '68225', NULL, NULL, NULL, 'Digital', 'Programado', 'inicio', NULL, NULL),
(10779, 317, 'B6013', NULL, NULL, NULL, 'Digital', 'Programado', 'inicio', NULL, NULL),
(10780, 354, 'H4074V1', NULL, NULL, NULL, 'Digital', 'Programado', 'inicio', NULL, NULL),
(10781, 388, 'I3371', NULL, NULL, NULL, 'Digital', 'Programado', 'inicio', NULL, NULL),
(10782, 445, 'I3380', NULL, NULL, NULL, 'Digital', 'Programado', 'inicio', NULL, NULL),
(10783, 655, 'I3415', NULL, NULL, NULL, 'Digital', 'Programado', 'inicio', NULL, NULL),
(10784, 175, 'B5887', NULL, NULL, NULL, 'Letter Press', 'Programado', 'inicio', NULL, NULL),
(10785, 623, 'B5887OT', NULL, NULL, NULL, 'Letter Press', 'Programado', 'inicio', NULL, NULL),
(10786, 317, 'B6013', NULL, NULL, NULL, 'Suaje', 'Programado', 'inicio', NULL, NULL),
(10787, 388, 'I3371', NULL, NULL, NULL, 'Suaje', 'Programado', 'inicio', NULL, NULL),
(10788, 35, 'I3114V1', NULL, NULL, NULL, 'Grabado', 'Programado', 'inicio', NULL, NULL),
(10789, 5, '68071', NULL, NULL, NULL, 'Serigrafia', 'Programado', 'inicio', NULL, NULL),
(10790, 12, 'I3010', NULL, NULL, NULL, 'Serigrafia', 'Programado', 'inicio', NULL, NULL),
(10791, 18, 'I3015', NULL, NULL, NULL, 'Serigrafia', 'Programado', 'inicio', NULL, NULL),
(10792, 25, 'G0804', NULL, NULL, NULL, 'Serigrafia', 'Programado', 'inicio', NULL, NULL),
(10793, 29, '68118', NULL, NULL, NULL, 'Serigrafia', 'Programado', 'inicio', NULL, NULL),
(10794, 41, 'H3685', NULL, NULL, NULL, 'Serigrafia', 'Programado', 'inicio', NULL, NULL),
(10795, 55, 'H3720', NULL, NULL, NULL, 'Serigrafia', 'Programado', 'inicio', NULL, NULL),
(10796, 81, 'B5777', NULL, NULL, NULL, 'Serigrafia', 'Programado', 'inicio', NULL, NULL),
(10797, 87, 'G0889V2', NULL, NULL, NULL, 'Serigrafia', 'Programado', 'inicio', NULL, NULL),
(10798, 93, 'H3831', NULL, NULL, NULL, 'Serigrafia', 'Programado', 'inicio', NULL, NULL),
(10799, 98, 'I3258', NULL, NULL, NULL, 'Serigrafia', 'Programado', 'inicio', NULL, NULL),
(10800, 104, 'D2292', NULL, NULL, NULL, 'Serigrafia', 'Programado', 'inicio', NULL, NULL),
(10801, 110, 'I3284', NULL, NULL, NULL, 'Serigrafia', 'Programado', 'inicio', NULL, NULL),
(10802, 121, 'H3908', NULL, NULL, NULL, 'Serigrafia', 'Programado', 'inicio', NULL, NULL),
(10803, 127, 'G0899', NULL, NULL, NULL, 'Serigrafia', 'Programado', 'inicio', NULL, NULL),
(10804, 139, 'H3924', NULL, NULL, NULL, 'Serigrafia', 'Programado', 'inicio', NULL, NULL),
(10805, 145, 'H3926', NULL, NULL, NULL, 'Serigrafia', 'Programado', 'inicio', NULL, NULL),
(10806, 156, 'L1000V1', NULL, NULL, NULL, 'Serigrafia', 'Programado', 'inicio', NULL, NULL),
(10807, 167, 'L1006', NULL, NULL, NULL, 'Serigrafia', 'Programado', 'inicio', NULL, NULL),
(10808, 181, 'B5894', NULL, NULL, NULL, 'Serigrafia', 'Programado', 'inicio', NULL, NULL),
(10809, 182, 'B5903', NULL, NULL, NULL, 'Serigrafia', 'Programado', 'inicio', NULL, NULL),
(10810, 195, 'G0902', NULL, NULL, NULL, 'Serigrafia', 'Programado', 'inicio', NULL, NULL),
(10811, 203, 'I3322', NULL, NULL, NULL, 'Serigrafia', 'Programado', 'inicio', NULL, NULL),
(10812, 209, 'H3993', NULL, NULL, NULL, 'Serigrafia', 'Programado', 'inicio', NULL, NULL),
(10813, 216, 'I3339', NULL, NULL, NULL, 'Serigrafia', 'Programado', 'inicio', NULL, NULL),
(10814, 230, 'B5939', NULL, NULL, NULL, 'Serigrafia', 'Programado', 'inicio', NULL, NULL),
(10815, 243, 'J1056', NULL, NULL, NULL, 'Serigrafia', 'Programado', 'inicio', NULL, NULL),
(10816, 244, 'H4024', NULL, NULL, NULL, 'Serigrafia', 'Programado', 'inicio', NULL, NULL),
(10817, 256, 'D2342', NULL, NULL, NULL, 'Serigrafia', 'Programado', 'inicio', NULL, NULL),
(10818, 262, 'B5991', NULL, NULL, NULL, 'Serigrafia', 'Programado', 'inicio', NULL, NULL),
(10819, 267, 'I3350', NULL, NULL, NULL, 'Serigrafia', 'Programado', 'inicio', NULL, NULL),
(10820, 276, 'J1058', NULL, NULL, NULL, 'Serigrafia', 'Programado', 'inicio', NULL, NULL),
(10821, 282, 'J1059', NULL, NULL, NULL, 'Serigrafia', 'Programado', 'inicio', NULL, NULL),
(10822, 296, 'I3363', NULL, NULL, NULL, 'Serigrafia', 'Programado', 'inicio', NULL, NULL),
(10823, 302, 'J1062', NULL, NULL, NULL, 'Serigrafia', 'Programado', 'inicio', NULL, NULL),
(10824, 323, 'H4070', NULL, NULL, NULL, 'Serigrafia', 'Programado', 'inicio', NULL, NULL),
(10825, 331, 'J1066', NULL, NULL, NULL, 'Serigrafia', 'Programado', 'inicio', NULL, NULL),
(10826, 338, 'B6022', NULL, NULL, NULL, 'Serigrafia', 'Programado', 'inicio', NULL, NULL),
(10827, 347, 'H4073', NULL, NULL, NULL, 'Serigrafia', 'Programado', 'inicio', NULL, NULL),
(10828, 366, 'G0904', NULL, NULL, NULL, 'Serigrafia', 'Programado', 'inicio', NULL, NULL),
(10829, 372, 'J1068', NULL, NULL, NULL, 'Serigrafia', 'Programado', 'inicio', NULL, NULL),
(10830, 379, 'J1069', NULL, NULL, NULL, 'Serigrafia', 'Programado', 'inicio', NULL, NULL),
(10831, 396, 'I3372', NULL, NULL, NULL, 'Serigrafia', 'Programado', 'inicio', NULL, NULL),
(10832, 401, 'B6040', NULL, NULL, NULL, 'Serigrafia', 'Programado', 'inicio', NULL, NULL),
(10833, 416, 'D2366', NULL, NULL, NULL, 'Serigrafia', 'Programado', 'inicio', NULL, NULL),
(10834, 422, 'F1612', NULL, NULL, NULL, 'Serigrafia', 'Programado', 'inicio', NULL, NULL),
(10835, 431, 'J1070', NULL, NULL, NULL, 'Serigrafia', 'Programado', 'inicio', NULL, NULL),
(10836, 438, 'H4109', NULL, NULL, NULL, 'Serigrafia', 'Programado', 'inicio', NULL, NULL),
(10837, 454, 'H4119', NULL, NULL, NULL, 'Serigrafia', 'Programado', 'inicio', NULL, NULL),
(10838, 460, 'I3386', NULL, NULL, NULL, 'Serigrafia', 'Programado', 'inicio', NULL, NULL),
(10839, 465, 'L1032', NULL, NULL, NULL, 'Serigrafia', 'Programado', 'inicio', NULL, NULL),
(10840, 472, 'G0904E1', NULL, NULL, NULL, 'Serigrafia', 'Programado', 'inicio', NULL, NULL),
(10841, 479, 'H4131', NULL, NULL, NULL, 'Serigrafia', 'Programado', 'inicio', NULL, NULL),
(10842, 488, 'I3392', NULL, NULL, NULL, 'Serigrafia', 'Programado', 'inicio', NULL, NULL),
(10843, 496, 'B6064', NULL, NULL, NULL, 'Serigrafia', 'Programado', 'inicio', NULL, NULL),
(10844, 504, 'H4137', NULL, NULL, NULL, 'Serigrafia', 'Programado', 'inicio', NULL, NULL),
(10845, 510, 'B6065', NULL, NULL, NULL, 'Serigrafia', 'Programado', 'inicio', NULL, NULL),
(10846, 517, 'H4140', NULL, NULL, NULL, 'Serigrafia', 'Programado', 'inicio', NULL, NULL),
(10847, 525, 'L1000V1E1', NULL, NULL, NULL, 'Serigrafia', 'Programado', 'inicio', NULL, NULL),
(10848, 532, 'I3401', NULL, NULL, NULL, 'Serigrafia', 'Programado', 'inicio', NULL, NULL),
(10849, 537, 'F1627', NULL, NULL, NULL, 'Serigrafia', 'Programado', 'inicio', NULL, NULL),
(10850, 544, 'B6079', NULL, NULL, NULL, 'Serigrafia', 'Programado', 'inicio', NULL, NULL),
(10851, 550, 'B6082', NULL, NULL, NULL, 'Serigrafia', 'Programado', 'inicio', NULL, NULL),
(10852, 561, 'G0913', NULL, NULL, NULL, 'Serigrafia', 'Programado', 'inicio', NULL, NULL),
(10853, 570, 'I3405', NULL, NULL, NULL, 'Serigrafia', 'Programado', 'inicio', NULL, NULL),
(10854, 588, 'K2707', NULL, NULL, NULL, 'Serigrafia', 'Programado', 'inicio', NULL, NULL),
(10855, 598, 'B6091', NULL, NULL, NULL, 'Serigrafia', 'Programado', 'inicio', NULL, NULL),
(10856, 606, 'H4167', NULL, NULL, NULL, 'Serigrafia', 'Programado', 'inicio', NULL, NULL),
(10857, 607, 'D2385', NULL, NULL, NULL, 'Serigrafia', 'Programado', 'inicio', NULL, NULL),
(10858, 611, 'H4174', NULL, NULL, NULL, 'Serigrafia', 'Programado', 'inicio', NULL, NULL),
(10859, 622, 'I3412', NULL, NULL, NULL, 'Serigrafia', 'Programado', 'inicio', NULL, NULL),
(10860, 647, 'B6102', NULL, NULL, NULL, 'Serigrafia', 'Programado', 'inicio', NULL, NULL),
(10861, 703, 'B6113', NULL, NULL, NULL, 'Serigrafia', 'Programado', 'inicio', NULL, NULL),
(10862, 714, 'I3417', NULL, NULL, NULL, 'Serigrafia', 'Programado', 'inicio', NULL, NULL),
(10863, 726, 'B6119', NULL, NULL, NULL, 'Serigrafia', 'Programado', 'inicio', NULL, NULL),
(10864, 728, 'G0926', NULL, NULL, NULL, 'Serigrafia', 'Programado', 'inicio', NULL, NULL),
(10865, 743, 'J1083', NULL, NULL, NULL, 'Serigrafia', 'Programado', 'inicio', NULL, NULL),
(10866, 745, '68117D', NULL, NULL, NULL, 'Serigrafia', 'Programado', 'inicio', NULL, NULL),
(10867, 262, 'B5991', NULL, NULL, NULL, 'Serigrafia', 'Programado', 'inicio', NULL, NULL),
(10868, 396, 'I3372', NULL, NULL, NULL, 'Serigrafia', 'Programado', 'inicio', NULL, NULL),
(10869, 408, 'H4100', NULL, NULL, NULL, 'Serigrafia', 'Programado', 'inicio', NULL, NULL),
(10870, 416, 'D2366', NULL, NULL, NULL, 'Serigrafia', 'Programado', 'inicio', NULL, NULL),
(10871, 598, 'B6091', NULL, NULL, NULL, 'Serigrafia', 'Programado', 'inicio', NULL, NULL),
(10872, 703, 'B6113', NULL, NULL, NULL, 'Serigrafia', 'Programado', 'inicio', NULL, NULL),
(10873, 357, 'D2358', NULL, NULL, NULL, 'Corte', 'Programado', 'inicio', NULL, NULL),
(10874, 357, 'D2358', NULL, NULL, NULL, 'Suaje', 'Programado', 'inicio', NULL, NULL),
(10875, 357, 'D2358', NULL, NULL, NULL, 'Digital', 'Programado', 'inicio', NULL, NULL),
(10876, 357, 'D2358', NULL, NULL, NULL, 'Acabado', 'Programado', 'inicio', NULL, NULL),
(10877, 128, 'H3924', NULL, NULL, NULL, 'Corte', 'Programado', 'inicio', NULL, NULL),
(10878, 339, 'H4073', NULL, NULL, NULL, 'Corte', 'Programado', 'inicio', NULL, NULL),
(10879, 339, 'H4073', NULL, NULL, NULL, 'Encuadernacion', 'Programado', 'inicio', NULL, NULL),
(10880, 128, 'H3924', NULL, NULL, NULL, 'Serigrafia', 'Programado', 'inicio', NULL, NULL),
(10881, 339, 'H4073', NULL, NULL, NULL, 'Serigrafia', 'Programado', 'inicio', NULL, NULL),
(10882, 129, 'H3924', NULL, NULL, NULL, 'Corte', 'Programado', 'inicio', NULL, NULL),
(10883, 129, 'H3924', NULL, NULL, NULL, 'Encuadernacion', 'Programado', 'inicio', NULL, NULL),
(10884, 340, 'H4073', NULL, NULL, NULL, 'Acabado', 'Programado', 'inicio', NULL, NULL),
(10885, 63, 'B5721', NULL, NULL, NULL, 'Corte', 'Programado', 'inicio', NULL, NULL),
(10886, 332, 'B6020', NULL, NULL, NULL, 'Corte', 'Programado', 'inicio', NULL, NULL),
(10887, 675, 'H4188', NULL, NULL, NULL, 'Corte', 'Programado', 'inicio', NULL, NULL),
(10888, 686, 'H4196', NULL, NULL, NULL, 'Corte', 'Programado', 'inicio', NULL, NULL),
(10889, 63, 'B5721', NULL, NULL, NULL, 'Suaje', 'Programado', 'inicio', NULL, NULL),
(10890, 332, 'B6020', NULL, NULL, NULL, 'Suaje', 'Programado', 'inicio', NULL, NULL),
(10891, 675, 'H4188', NULL, NULL, NULL, 'Suaje', 'Programado', 'inicio', NULL, NULL),
(10892, 686, 'H4196', NULL, NULL, NULL, 'Encuadernacion', 'Programado', 'inicio', NULL, NULL),
(10893, 675, 'H4188', NULL, NULL, NULL, 'Digital', 'Programado', 'inicio', NULL, NULL),
(10894, 63, 'B5721', NULL, NULL, NULL, 'Acabado', 'Programado', 'inicio', NULL, NULL),
(10895, 332, 'B6020', NULL, NULL, NULL, 'Acabado', 'Programado', 'inicio', NULL, NULL),
(10896, 675, 'H4188', NULL, NULL, NULL, 'Acabado', 'Programado', 'inicio', NULL, NULL),
(10897, 686, 'H4196', NULL, NULL, NULL, 'Acabado', 'Programado', 'inicio', NULL, NULL),
(10898, 63, 'B5721', NULL, NULL, NULL, 'Suaje', 'Programado', 'inicio', NULL, NULL),
(10899, 332, 'B6020', NULL, NULL, NULL, 'Suaje', 'Programado', 'inicio', NULL, NULL),
(10900, 675, 'H4188', NULL, NULL, NULL, 'Suaje', 'Programado', 'inicio', NULL, NULL),
(10901, 686, 'H4196', NULL, NULL, NULL, 'Suaje', 'Programado', 'inicio', NULL, NULL),
(10902, 63, 'B5721', NULL, NULL, NULL, 'Serigrafia', 'Programado', 'inicio', NULL, NULL),
(10903, 686, 'H4196', NULL, NULL, NULL, 'Serigrafia', 'Programado', 'inicio', NULL, NULL),
(10904, 660, 'H4184', NULL, NULL, NULL, 'Corte', 'Programado', 'inicio', NULL, NULL),
(10905, 660, 'H4184', NULL, NULL, NULL, 'Suaje', 'Programado', 'inicio', NULL, NULL),
(10906, 660, 'H4184', NULL, NULL, NULL, 'Acabado', 'Programado', 'inicio', NULL, NULL),
(10907, 660, 'H4184', NULL, NULL, NULL, 'Suaje', 'Programado', 'inicio', NULL, NULL),
(10908, 268, 'I3351', NULL, NULL, NULL, 'Encuadernacion', 'Programado', 'inicio', NULL, NULL),
(10909, 481, 'H4134', NULL, NULL, NULL, 'Encuadernacion', 'Programado', 'inicio', NULL, NULL),
(10910, 268, 'I3351', NULL, NULL, NULL, 'Encuadernacion', 'Programado', 'inicio', NULL, NULL),
(10911, 481, 'H4134', NULL, NULL, NULL, 'Encuadernacion', 'Programado', 'inicio', NULL, NULL),
(10912, 668, 'H4186', NULL, NULL, NULL, 'Encuadernacion', 'Programado', 'inicio', NULL, NULL),
(10913, 268, 'I3351', NULL, NULL, NULL, 'Acabado', 'Programado', 'inicio', NULL, NULL),
(10914, 481, 'H4134', NULL, NULL, NULL, 'Acabado', 'Programado', 'inicio', NULL, NULL),
(10915, 668, 'H4186', NULL, NULL, NULL, 'Acabado', 'Programado', 'inicio', NULL, NULL),
(10916, 668, 'H4186', NULL, NULL, NULL, 'Encuadernacion', 'Programado', 'inicio', NULL, NULL),
(10917, 668, 'H4186', NULL, NULL, NULL, 'Encuadernacion', 'Programado', 'inicio', NULL, NULL),
(10918, 668, 'H4186', NULL, NULL, NULL, 'Encuadernacion', 'Programado', 'inicio', NULL, NULL),
(10919, 669, 'H4186', NULL, NULL, NULL, 'Corte', 'Programado', 'inicio', NULL, NULL),
(10920, 669, 'H4186', NULL, NULL, NULL, 'Suaje', 'Programado', 'inicio', NULL, NULL),
(10921, 669, 'H4186', NULL, NULL, NULL, 'Encuadernacion', 'Programado', 'inicio', NULL, NULL),
(10922, 670, 'H4186', NULL, NULL, NULL, 'Corte', 'Programado', 'inicio', NULL, NULL),
(10923, 670, 'H4186', NULL, NULL, NULL, 'Suaje', 'Programado', 'inicio', NULL, NULL),
(10924, 670, 'H4186', NULL, NULL, NULL, 'Encuadernacion', 'Programado', 'inicio', NULL, NULL),
(10925, 222, '68251', NULL, NULL, NULL, 'Acabado', 'Programado', 'inicio', NULL, NULL),
(10926, 222, '68251', NULL, NULL, NULL, 'Acabado', 'Programado', 'inicio', NULL, NULL),
(10927, 590, 'G0915', NULL, NULL, NULL, 'Acabado', 'Programado', 'inicio', NULL, NULL),
(10928, 590, 'G0915', NULL, NULL, NULL, 'Acabado', 'Programado', 'inicio', NULL, NULL),
(10929, 593, 'B6090', NULL, NULL, NULL, 'Acabado', 'Programado', 'inicio', NULL, NULL),
(10930, 593, 'B6090', NULL, NULL, NULL, 'Acabado', 'Programado', 'inicio', NULL, NULL),
(10931, 648, 'H4180', NULL, NULL, NULL, 'Acabado', 'Programado', 'inicio', NULL, NULL),
(10932, 648, 'H4180', NULL, NULL, NULL, 'Acabado', 'Programado', 'inicio', NULL, NULL),
(10933, 222, '68251', NULL, NULL, NULL, 'Acabado', 'Programado', 'inicio', NULL, NULL),
(10934, 590, 'G0915', NULL, NULL, NULL, 'Acabado', 'Programado', 'inicio', NULL, NULL),
(10935, 593, 'B6090', NULL, NULL, NULL, 'Acabado', 'Programado', 'inicio', NULL, NULL),
(10936, 648, 'H4180', NULL, NULL, NULL, 'Acabado', 'Programado', 'inicio', NULL, NULL),
(10937, 222, '68251', NULL, NULL, NULL, 'Acabado', 'Programado', 'inicio', NULL, NULL),
(10938, 590, 'G0915', NULL, NULL, NULL, 'Acabado', 'Programado', 'inicio', NULL, NULL),
(10939, 593, 'B6090', NULL, NULL, NULL, 'Acabado', 'Programado', 'inicio', NULL, NULL),
(10940, 648, 'H4180', NULL, NULL, NULL, 'Acabado', 'Programado', 'inicio', NULL, NULL),
(10941, 130, 'H3924', NULL, NULL, NULL, 'Corte', 'Programado', 'inicio', NULL, NULL),
(10942, 446, '68273', NULL, NULL, NULL, 'Corte', 'Programado', 'inicio', NULL, NULL),
(10943, 158, '68227', NULL, NULL, NULL, 'Corte', 'Programado', 'inicio', NULL, NULL),
(10944, 446, '68273', NULL, NULL, NULL, 'Offset', 'Programado', 'inicio', NULL, NULL),
(10945, 131, 'H3924', NULL, NULL, NULL, 'Corte', 'Programado', 'inicio', NULL, NULL),
(10946, 131, 'H3924', NULL, NULL, NULL, 'Encuadernacion', 'Programado', 'inicio', NULL, NULL),
(10947, 131, 'H3924', NULL, NULL, NULL, 'Suaje', 'Programado', 'inicio', NULL, NULL),
(10948, 131, 'H3924', NULL, NULL, NULL, 'Serigrafia', 'Programado', 'inicio', NULL, NULL),
(10949, 132, 'H3924', NULL, NULL, NULL, 'Corte', 'Programado', 'inicio', NULL, NULL),
(10950, 159, '68227', NULL, NULL, NULL, 'Corte', 'Programado', 'inicio', NULL, NULL),
(10951, 132, 'H3924', NULL, NULL, NULL, 'Encuadernacion', 'Programado', 'inicio', NULL, NULL),
(10952, 159, '68227', NULL, NULL, NULL, 'Encuadernacion', 'Programado', 'inicio', NULL, NULL),
(10953, 132, 'H3924', NULL, NULL, NULL, 'Serigrafia', 'Programado', 'inicio', NULL, NULL),
(10954, 159, '68227', NULL, NULL, NULL, 'Serigrafia', 'Programado', 'inicio', NULL, NULL),
(10955, 133, 'H3924', NULL, NULL, NULL, 'Corte', 'Programado', 'inicio', NULL, NULL),
(10956, 133, 'H3924', NULL, NULL, NULL, 'Encuadernacion', 'Programado', 'inicio', NULL, NULL),
(10957, 6, 'I3010', NULL, NULL, NULL, 'Laser', 'Programado', 'inicio', NULL, NULL),
(10958, 168, 'B5887', NULL, NULL, NULL, 'Corte', 'Programado', 'inicio', NULL, NULL),
(10959, 6, 'I3010', NULL, NULL, NULL, 'Corte', 'Programado', 'inicio', NULL, NULL),
(10960, 168, 'B5887', NULL, NULL, NULL, 'Serigrafia', 'Programado', 'inicio', NULL, NULL),
(10961, 599, 'H4167', NULL, NULL, NULL, 'Laser', 'Programado', 'inicio', NULL, NULL),
(10962, 599, 'H4167', NULL, NULL, NULL, 'Corte', 'Programado', 'inicio', NULL, NULL),
(10963, 685, 'H4194', NULL, NULL, NULL, 'Corte', 'Programado', 'inicio', NULL, NULL),
(10964, 685, 'H4194', NULL, NULL, NULL, 'Encuadernacion', 'Programado', 'inicio', NULL, NULL),
(10965, 685, 'H4194', NULL, NULL, NULL, 'Serigrafia', 'Programado', 'inicio', NULL, NULL),
(10966, 283, '68258', NULL, NULL, NULL, 'Laser', 'Programado', 'inicio', NULL, NULL),
(10967, 706, 'H4197', NULL, NULL, NULL, 'Laser', 'Programado', 'inicio', NULL, NULL),
(10968, NULL, '68279', NULL, NULL, NULL, 'Corte', 'Programado', 'inicio', NULL, NULL),
(10969, 640, 'H4178', NULL, NULL, NULL, 'Corte', 'Programado', 'inicio', NULL, NULL),
(10970, NULL, '68279', NULL, NULL, NULL, 'Serigrafia', 'Programado', 'inicio', NULL, NULL),
(10971, 640, 'H4178', NULL, NULL, NULL, 'Serigrafia', 'Programado', 'inicio', NULL, NULL),
(10972, 637, 'I3413', NULL, NULL, NULL, 'Corte', 'Programado', 'inicio', NULL, NULL),
(10973, 747, 'I3413E1', NULL, NULL, NULL, 'Corte', 'Programado', 'inicio', NULL, NULL),
(10974, 637, 'I3413', NULL, NULL, NULL, 'Digital', 'Programado', 'inicio', NULL, NULL),
(10975, 747, 'I3413E1', NULL, NULL, NULL, 'Digital', 'Programado', 'inicio', NULL, NULL),
(10976, NULL, 'H4188', NULL, NULL, NULL, 'Laser', 'Programado', 'inicio', NULL, NULL),
(10977, 231, 'H4016', NULL, NULL, NULL, 'Corte', 'Programado', 'inicio', NULL, NULL),
(10978, 21, 'G0804', NULL, NULL, NULL, 'Corte', 'Programado', 'inicio', NULL, NULL),
(10979, 43, '68156', NULL, NULL, NULL, 'Corte', 'Programado', 'inicio', NULL, NULL),
(10980, 45, '68157', NULL, NULL, NULL, 'Corte', 'Programado', 'inicio', NULL, NULL),
(10981, 47, '68158', NULL, NULL, NULL, 'Corte', 'Programado', 'inicio', NULL, NULL),
(10982, NULL, 'H3926', NULL, NULL, NULL, 'Corte', 'Programado', 'inicio', NULL, NULL),
(10983, NULL, 'B6065', NULL, NULL, NULL, 'Corte', 'Programado', 'inicio', NULL, NULL),
(10984, NULL, 'H4140', NULL, NULL, NULL, 'Corte', 'Programado', 'inicio', NULL, NULL),
(10985, NULL, 'I3401', NULL, NULL, NULL, 'Corte', 'Programado', 'inicio', NULL, NULL),
(10986, 58, 'B5720', NULL, NULL, NULL, 'Corte', 'Programado', 'inicio', NULL, NULL),
(10987, NULL, 'H4188', NULL, NULL, NULL, 'Corte', 'Programado', 'inicio', NULL, NULL),
(10988, NULL, 'D2357', NULL, NULL, NULL, 'Corte', 'Programado', 'inicio', NULL, NULL),
(10989, 660, 'H4184', NULL, NULL, NULL, 'Corte', 'Programado', 'inicio', NULL, NULL),
(10990, NULL, 'H4188', NULL, NULL, NULL, 'Corte', 'Programado', 'inicio', NULL, NULL),
(10991, NULL, 'H3994', NULL, NULL, NULL, 'Corte', 'Programado', 'inicio', NULL, NULL),
(10992, 269, 'I3351', NULL, NULL, NULL, 'Diseño', 'Programado', 'inicio', NULL, NULL),
(10993, 482, 'H4134', NULL, NULL, NULL, 'Diseño', 'Programado', 'inicio', NULL, NULL),
(10994, NULL, 'H4188', NULL, NULL, NULL, 'Diseño', 'Programado', 'inicio', NULL, NULL),
(10995, 21, 'G0804', NULL, NULL, NULL, 'Suaje', 'Programado', 'inicio', NULL, NULL),
(10996, 43, '68156', NULL, NULL, NULL, 'Suaje', 'Programado', 'inicio', NULL, NULL),
(10997, 45, '68157', NULL, NULL, NULL, 'Suaje', 'Programado', 'inicio', NULL, NULL),
(10998, 47, '68158', NULL, NULL, NULL, 'Suaje', 'Programado', 'inicio', NULL, NULL),
(10999, NULL, 'H3994', NULL, NULL, NULL, 'Suaje', 'Programado', 'inicio', NULL, NULL),
(11000, NULL, 'H3926', NULL, NULL, NULL, 'Grabado', 'Programado', 'inicio', NULL, NULL),
(11001, 231, 'H4016', NULL, NULL, NULL, 'Digital', 'Programado', 'inicio', NULL, NULL),
(11002, 43, '68156', NULL, NULL, NULL, 'Digital', 'Programado', 'inicio', NULL, NULL),
(11003, 45, '68157', NULL, NULL, NULL, 'Digital', 'Programado', 'inicio', NULL, NULL),
(11004, 47, '68158', NULL, NULL, NULL, 'Digital', 'Programado', 'inicio', NULL, NULL),
(11005, 269, 'I3351', NULL, NULL, NULL, 'Digital', 'Programado', 'inicio', NULL, NULL),
(11006, 482, 'H4134', NULL, NULL, NULL, 'Digital', 'Programado', 'inicio', NULL, NULL),
(11007, NULL, 'D2357', NULL, NULL, NULL, 'Digital', 'Programado', 'inicio', NULL, NULL),
(11008, NULL, 'H3994', NULL, NULL, NULL, 'Digital', 'Programado', 'inicio', NULL, NULL),
(11009, 21, 'G0804', NULL, NULL, NULL, 'Acabado', 'Programado', 'inicio', NULL, NULL),
(11010, 21, 'G0804', NULL, NULL, NULL, 'Acabado', 'Programado', 'inicio', NULL, NULL),
(11011, 43, '68156', NULL, NULL, NULL, 'Acabado', 'Programado', 'inicio', NULL, NULL),
(11012, 45, '68157', NULL, NULL, NULL, 'Acabado', 'Programado', 'inicio', NULL, NULL),
(11013, 47, '68158', NULL, NULL, NULL, 'Acabado', 'Programado', 'inicio', NULL, NULL),
(11014, NULL, 'D2357', NULL, NULL, NULL, 'Acabado', 'Programado', 'inicio', NULL, NULL),
(11015, 43, '68156', NULL, NULL, NULL, 'Acabado', 'Programado', 'inicio', NULL, NULL),
(11016, 45, '68157', NULL, NULL, NULL, 'Acabado', 'Programado', 'inicio', NULL, NULL),
(11017, 47, '68158', NULL, NULL, NULL, 'Acabado', 'Programado', 'inicio', NULL, NULL),
(11018, 58, 'B5720', NULL, NULL, NULL, 'Acabado', 'Programado', 'inicio', NULL, NULL),
(11019, 43, '68156', NULL, NULL, NULL, 'Acabado', 'Programado', 'inicio', NULL, NULL),
(11020, 45, '68157', NULL, NULL, NULL, 'Acabado', 'Programado', 'inicio', NULL, NULL),
(11021, 47, '68158', NULL, NULL, NULL, 'Acabado', 'Programado', 'inicio', NULL, NULL),
(11022, NULL, 'D2357', NULL, NULL, NULL, 'Acabado', 'Programado', 'inicio', NULL, NULL),
(11023, NULL, 'H3994', NULL, NULL, NULL, 'Acabado', 'Programado', 'inicio', NULL, NULL),
(11024, 43, '68156', NULL, NULL, NULL, 'Suaje', 'Programado', 'inicio', NULL, NULL),
(11025, 45, '68157', NULL, NULL, NULL, 'Suaje', 'Programado', 'inicio', NULL, NULL),
(11026, 47, '68158', NULL, NULL, NULL, 'Suaje', 'Programado', 'inicio', NULL, NULL),
(11027, 58, 'B5720', NULL, NULL, NULL, 'Suaje', 'Programado', 'inicio', NULL, NULL),
(11028, 21, 'G0804', NULL, NULL, NULL, 'Serigrafia', 'Programado', 'inicio', NULL, NULL),
(11029, NULL, 'H3926', NULL, NULL, NULL, 'Serigrafia', 'Programado', 'inicio', NULL, NULL),
(11030, NULL, 'B6065', NULL, NULL, NULL, 'Serigrafia', 'Programado', 'inicio', NULL, NULL),
(11031, NULL, 'I3401', NULL, NULL, NULL, 'Serigrafia', 'Programado', 'inicio', NULL, NULL),
(11032, 660, 'H4184', NULL, NULL, NULL, 'Serigrafia', 'Programado', 'inicio', NULL, NULL),
(11033, NULL, 'H4188', NULL, NULL, NULL, 'Serigrafia', 'Programado', 'inicio', NULL, NULL),
(11034, NULL, 'H4140', NULL, NULL, NULL, 'Serigrafia', 'Programado', 'inicio', NULL, NULL),
(11035, NULL, 'I3401', NULL, NULL, NULL, 'Serigrafia', 'Programado', 'inicio', NULL, NULL),
(11036, 501, 'H4137', NULL, NULL, NULL, 'Corte', 'Programado', 'inicio', NULL, NULL),
(11037, 26, '68118', NULL, NULL, NULL, 'Corte', 'Programado', 'inicio', NULL, NULL),
(11038, 82, 'G0889V2', NULL, NULL, NULL, 'Corte', 'Programado', 'inicio', NULL, NULL),
(11039, 190, 'G0902', NULL, NULL, NULL, 'Corte', 'Programado', 'inicio', NULL, NULL),
(11040, 287, 'H4052', NULL, NULL, NULL, 'Corte', 'Programado', 'inicio', NULL, NULL),
(11041, 360, 'G0904', NULL, NULL, NULL, 'Corte', 'Programado', 'inicio', NULL, NULL),
(11042, 402, 'H4100', NULL, NULL, NULL, 'Corte', 'Programado', 'inicio', NULL, NULL),
(11043, 424, 'J1070', NULL, NULL, NULL, 'Corte', 'Programado', 'inicio', NULL, NULL),
(11044, 433, 'H4109', NULL, NULL, NULL, 'Corte', 'Programado', 'inicio', NULL, NULL),
(11045, 466, 'G0904E1', NULL, NULL, NULL, 'Corte', 'Programado', 'inicio', NULL, NULL),
(11046, 474, 'H4131', NULL, NULL, NULL, 'Corte', 'Programado', 'inicio', NULL, NULL),
(11047, 489, 'B6064', NULL, NULL, NULL, 'Corte', 'Programado', 'inicio', NULL, NULL),
(11048, 538, 'B6079', NULL, NULL, NULL, 'Corte', 'Programado', 'inicio', NULL, NULL),
(11049, 555, 'G0913', NULL, NULL, NULL, 'Corte', 'Programado', 'inicio', NULL, NULL),
(11050, 589, 'B6086', NULL, NULL, NULL, 'Corte', 'Programado', 'inicio', NULL, NULL),
(11051, 651, 'I3415', NULL, NULL, NULL, 'Corte', 'Programado', 'inicio', NULL, NULL),
(11052, 708, 'H4202', NULL, NULL, NULL, 'Corte', 'Programado', 'inicio', NULL, NULL),
(11053, 433, 'H4109', NULL, NULL, NULL, 'Corte', 'Programado', 'inicio', NULL, NULL),
(11054, 651, 'I3415', NULL, NULL, NULL, 'Diseño', 'Programado', 'inicio', NULL, NULL),
(11055, 26, '68118', NULL, NULL, NULL, 'Suaje', 'Programado', 'inicio', NULL, NULL),
(11056, 82, 'G0889V2', NULL, NULL, NULL, 'Suaje', 'Programado', 'inicio', NULL, NULL),
(11057, 190, 'G0902', NULL, NULL, NULL, 'Suaje', 'Programado', 'inicio', NULL, NULL),
(11058, 287, 'H4052', NULL, NULL, NULL, 'Suaje', 'Programado', 'inicio', NULL, NULL),
(11059, 360, 'G0904', NULL, NULL, NULL, 'Suaje', 'Programado', 'inicio', NULL, NULL),
(11060, 402, 'H4100', NULL, NULL, NULL, 'Suaje', 'Programado', 'inicio', NULL, NULL),
(11061, 424, 'J1070', NULL, NULL, NULL, 'Suaje', 'Programado', 'inicio', NULL, NULL),
(11062, 433, 'H4109', NULL, NULL, NULL, 'Suaje', 'Programado', 'inicio', NULL, NULL),
(11063, 466, 'G0904E1', NULL, NULL, NULL, 'Suaje', 'Programado', 'inicio', NULL, NULL),
(11064, 474, 'H4131', NULL, NULL, NULL, 'Suaje', 'Programado', 'inicio', NULL, NULL),
(11065, 489, 'B6064', NULL, NULL, NULL, 'Suaje', 'Programado', 'inicio', NULL, NULL),
(11066, 501, 'H4137', NULL, NULL, NULL, 'Suaje', 'Programado', 'inicio', NULL, NULL),
(11067, 538, 'B6079', NULL, NULL, NULL, 'Suaje', 'Programado', 'inicio', NULL, NULL),
(11068, 555, 'G0913', NULL, NULL, NULL, 'Suaje', 'Programado', 'inicio', NULL, NULL),
(11069, 589, 'B6086', NULL, NULL, NULL, 'Suaje', 'Programado', 'inicio', NULL, NULL),
(11070, 708, 'H4202', NULL, NULL, NULL, 'Suaje', 'Programado', 'inicio', NULL, NULL),
(11071, 26, '68118', NULL, NULL, NULL, 'Grabado', 'Programado', 'inicio', NULL, NULL),
(11072, 433, 'H4109', NULL, NULL, NULL, 'Grabado', 'Programado', 'inicio', NULL, NULL),
(11073, 489, 'B6064', NULL, NULL, NULL, 'Grabado', 'Programado', 'inicio', NULL, NULL),
(11074, 501, 'H4137', NULL, NULL, NULL, 'HotStamping', 'Programado', 'inicio', NULL, NULL),
(11075, 82, 'G0889V2', NULL, NULL, NULL, 'HotStamping', 'Programado', 'inicio', NULL, NULL),
(11076, 190, 'G0902', NULL, NULL, NULL, 'HotStamping', 'Programado', 'inicio', NULL, NULL),
(11077, 360, 'G0904', NULL, NULL, NULL, 'HotStamping', 'Programado', 'inicio', NULL, NULL),
(11078, 402, 'H4100', NULL, NULL, NULL, 'HotStamping', 'Programado', 'inicio', NULL, NULL),
(11079, 424, 'J1070', NULL, NULL, NULL, 'HotStamping', 'Programado', 'inicio', NULL, NULL),
(11080, 466, 'G0904E1', NULL, NULL, NULL, 'HotStamping', 'Programado', 'inicio', NULL, NULL),
(11081, 474, 'H4131', NULL, NULL, NULL, 'HotStamping', 'Programado', 'inicio', NULL, NULL),
(11082, 538, 'B6079', NULL, NULL, NULL, 'HotStamping', 'Programado', 'inicio', NULL, NULL),
(11083, 555, 'G0913', NULL, NULL, NULL, 'HotStamping', 'Programado', 'inicio', NULL, NULL),
(11084, 489, 'B6064', NULL, NULL, NULL, 'Serigrafia', 'Programado', 'inicio', NULL, NULL),
(11085, 651, 'I3415', NULL, NULL, NULL, 'Digital', 'Programado', 'inicio', NULL, NULL),
(11086, 651, 'I3415', NULL, NULL, NULL, 'Acabado', 'Programado', 'inicio', NULL, NULL),
(11087, 501, 'H4137', NULL, NULL, NULL, 'Acabado', 'Programado', 'inicio', NULL, NULL),
(11088, 433, 'H4109', NULL, NULL, NULL, 'Encuadernacion', 'Programado', 'inicio', NULL, NULL),
(11089, 26, '68118', NULL, NULL, NULL, 'Serigrafia', 'Programado', 'inicio', NULL, NULL),
(11090, 82, 'G0889V2', NULL, NULL, NULL, 'Serigrafia', 'Programado', 'inicio', NULL, NULL),
(11091, 190, 'G0902', NULL, NULL, NULL, 'Serigrafia', 'Programado', 'inicio', NULL, NULL),
(11092, 360, 'G0904', NULL, NULL, NULL, 'Serigrafia', 'Programado', 'inicio', NULL, NULL),
(11093, 402, 'H4100', NULL, NULL, NULL, 'Serigrafia', 'Programado', 'inicio', NULL, NULL),
(11094, 424, 'J1070', NULL, NULL, NULL, 'Serigrafia', 'Programado', 'inicio', NULL, NULL),
(11095, 433, 'H4109', NULL, NULL, NULL, 'Serigrafia', 'Programado', 'inicio', NULL, NULL),
(11096, 466, 'G0904E1', NULL, NULL, NULL, 'Serigrafia', 'Programado', 'inicio', NULL, NULL),
(11097, 474, 'H4131', NULL, NULL, NULL, 'Serigrafia', 'Programado', 'inicio', NULL, NULL),
(11098, 489, 'B6064', NULL, NULL, NULL, 'Serigrafia', 'Programado', 'inicio', NULL, NULL),
(11099, 501, 'H4137', NULL, NULL, NULL, 'Serigrafia', 'Programado', 'inicio', NULL, NULL),
(11100, 538, 'B6079', NULL, NULL, NULL, 'Serigrafia', 'Programado', 'inicio', NULL, NULL),
(11101, 555, 'G0913', NULL, NULL, NULL, 'Serigrafia', 'Programado', 'inicio', NULL, NULL),
(11102, 589, 'B6086', NULL, NULL, NULL, 'Serigrafia', 'Programado', 'inicio', NULL, NULL),
(11103, 708, 'H4202', NULL, NULL, NULL, 'Serigrafia', 'Programado', 'inicio', NULL, NULL),
(11104, 589, 'B6086', NULL, NULL, NULL, 'Serigrafia', 'Programado', 'inicio', NULL, NULL),
(11105, 579, 'G0860E1', NULL, NULL, NULL, 'Corte', 'Programado', 'inicio', NULL, NULL),
(11106, 196, 'I3322', NULL, NULL, NULL, 'Corte', 'Programado', 'inicio', NULL, NULL),
(11107, 249, 'D2342', NULL, NULL, NULL, 'Corte', 'Programado', 'inicio', NULL, NULL),
(11108, 512, 'H4140', NULL, NULL, NULL, 'Corte', 'Programado', 'inicio', NULL, NULL),
(11109, 563, 'I3405', NULL, NULL, NULL, 'Corte', 'Programado', 'inicio', NULL, NULL),
(11110, 719, 'B6119', NULL, NULL, NULL, 'Corte', 'Programado', 'inicio', NULL, NULL),
(11111, 196, 'I3322', NULL, NULL, NULL, 'Acabado', 'Programado', 'inicio', NULL, NULL),
(11112, 249, 'D2342', NULL, NULL, NULL, 'Acabado', 'Programado', 'inicio', NULL, NULL),
(11113, 512, 'H4140', NULL, NULL, NULL, 'Acabado', 'Programado', 'inicio', NULL, NULL),
(11114, 563, 'I3405', NULL, NULL, NULL, 'Acabado', 'Programado', 'inicio', NULL, NULL),
(11115, 719, 'B6119', NULL, NULL, NULL, 'Acabado', 'Programado', 'inicio', NULL, NULL),
(11116, 1, '68071', NULL, NULL, NULL, 'Laser', 'Programado', 'inicio', NULL, NULL),
(11117, 176, 'B5894', NULL, NULL, NULL, 'Laser', 'Programado', 'inicio', NULL, NULL),
(11118, 289, 'H4059', NULL, NULL, NULL, 'Laser', 'Programado', 'inicio', NULL, NULL),
(11119, 502, 'H4137', NULL, NULL, NULL, 'Laser', 'Programado', 'inicio', NULL, NULL),
(11120, 1, '68071', NULL, NULL, NULL, 'Corte', 'Programado', 'inicio', NULL, NULL),
(11121, 13, 'I3015', NULL, NULL, NULL, 'Corte', 'Programado', 'inicio', NULL, NULL),
(11122, 67, 'B5722', NULL, NULL, NULL, 'Corte', 'Programado', 'inicio', NULL, NULL),
(11123, 88, 'H3831', NULL, NULL, NULL, 'Corte', 'Programado', 'inicio', NULL, NULL),
(11124, 94, 'I3258', NULL, NULL, NULL, 'Corte', 'Programado', 'inicio', NULL, NULL),
(11125, 99, 'D2292', NULL, NULL, NULL, 'Corte', 'Programado', 'inicio', NULL, NULL),
(11126, 105, 'I3284', NULL, NULL, NULL, 'Corte', 'Programado', 'inicio', NULL, NULL),
(11127, 111, 'B5833', NULL, NULL, NULL, 'Corte', 'Programado', 'inicio', NULL, NULL),
(11128, 176, 'B5894', NULL, NULL, NULL, 'Corte', 'Programado', 'inicio', NULL, NULL),
(11129, 225, 'B5939', NULL, NULL, NULL, 'Corte', 'Programado', 'inicio', NULL, NULL),
(11130, 257, 'B5991', NULL, NULL, NULL, 'Corte', 'Programado', 'inicio', NULL, NULL),
(11131, 277, 'J1059', NULL, NULL, NULL, 'Corte', 'Programado', 'inicio', NULL, NULL),
(11132, 289, 'H4059', NULL, NULL, NULL, 'Corte', 'Programado', 'inicio', NULL, NULL),
(11133, 297, 'J1062', NULL, NULL, NULL, 'Corte', 'Programado', 'inicio', NULL, NULL),
(11134, 319, 'H4070', NULL, NULL, NULL, 'Corte', 'Programado', 'inicio', NULL, NULL),
(11135, 324, 'I3284OT', NULL, NULL, NULL, 'Corte', 'Programado', 'inicio', NULL, NULL),
(11136, 325, '68267', NULL, NULL, NULL, 'Corte', 'Programado', 'inicio', NULL, NULL),
(11137, 341, 'H4073', NULL, NULL, NULL, 'Corte', 'Programado', 'inicio', NULL, NULL),
(11138, 367, 'J1068', NULL, NULL, NULL, 'Corte', 'Programado', 'inicio', NULL, NULL),
(11139, 382, 'I3371', NULL, NULL, NULL, 'Corte', 'Programado', 'inicio', NULL, NULL),
(11140, 390, 'I3372', NULL, NULL, NULL, 'Corte', 'Programado', 'inicio', NULL, NULL),
(11141, 397, 'B6040', NULL, NULL, NULL, 'Corte', 'Programado', 'inicio', NULL, NULL),
(11142, 410, 'D2366', NULL, NULL, NULL, 'Corte', 'Programado', 'inicio', NULL, NULL),
(11143, 417, 'F1612', NULL, NULL, NULL, 'Corte', 'Programado', 'inicio', NULL, NULL),
(11144, 502, 'H4137', NULL, NULL, NULL, 'Corte', 'Programado', 'inicio', NULL, NULL),
(11145, 586, 'K2706', NULL, NULL, NULL, 'Corte', 'Programado', 'inicio', NULL, NULL),
(11146, 594, 'B6091', NULL, NULL, NULL, 'Corte', 'Programado', 'inicio', NULL, NULL),
(11147, 600, 'H4167', NULL, NULL, NULL, 'Corte', 'Programado', 'inicio', NULL, NULL),
(11148, 689, 'B5926RT', NULL, NULL, NULL, 'Corte', 'Programado', 'inicio', NULL, NULL),
(11149, 1, '68071', NULL, NULL, NULL, 'Suaje', 'Programado', 'inicio', NULL, NULL),
(11150, 67, 'B5722', NULL, NULL, NULL, 'Suaje', 'Programado', 'inicio', NULL, NULL),
(11151, 88, 'H3831', NULL, NULL, NULL, 'Suaje', 'Programado', 'inicio', NULL, NULL),
(11152, 94, 'I3258', NULL, NULL, NULL, 'Suaje', 'Programado', 'inicio', NULL, NULL),
(11153, 105, 'I3284', NULL, NULL, NULL, 'Suaje', 'Programado', 'inicio', NULL, NULL),
(11154, 176, 'B5894', NULL, NULL, NULL, 'Suaje', 'Programado', 'inicio', NULL, NULL),
(11155, 225, 'B5939', NULL, NULL, NULL, 'Suaje', 'Programado', 'inicio', NULL, NULL),
(11156, 257, 'B5991', NULL, NULL, NULL, 'Suaje', 'Programado', 'inicio', NULL, NULL),
(11157, 277, 'J1059', NULL, NULL, NULL, 'Suaje', 'Programado', 'inicio', NULL, NULL),
(11158, 289, 'H4059', NULL, NULL, NULL, 'Suaje', 'Programado', 'inicio', NULL, NULL),
(11159, 297, 'J1062', NULL, NULL, NULL, 'Suaje', 'Programado', 'inicio', NULL, NULL),
(11160, 319, 'H4070', NULL, NULL, NULL, 'Suaje', 'Programado', 'inicio', NULL, NULL),
(11161, 324, 'I3284OT', NULL, NULL, NULL, 'Suaje', 'Programado', 'inicio', NULL, NULL),
(11162, 325, '68267', NULL, NULL, NULL, 'Suaje', 'Programado', 'inicio', NULL, NULL),
(11163, 341, 'H4073', NULL, NULL, NULL, 'Suaje', 'Programado', 'inicio', NULL, NULL),
(11164, 367, 'J1068', NULL, NULL, NULL, 'Suaje', 'Programado', 'inicio', NULL, NULL),
(11165, 382, 'I3371', NULL, NULL, NULL, 'Suaje', 'Programado', 'inicio', NULL, NULL),
(11166, 390, 'I3372', NULL, NULL, NULL, 'Suaje', 'Programado', 'inicio', NULL, NULL),
(11167, 397, 'B6040', NULL, NULL, NULL, 'Suaje', 'Programado', 'inicio', NULL, NULL),
(11168, 410, 'D2366', NULL, NULL, NULL, 'Suaje', 'Programado', 'inicio', NULL, NULL),
(11169, 417, 'F1612', NULL, NULL, NULL, 'Suaje', 'Programado', 'inicio', NULL, NULL),
(11170, 502, 'H4137', NULL, NULL, NULL, 'Suaje', 'Programado', 'inicio', NULL, NULL),
(11171, 586, 'K2706', NULL, NULL, NULL, 'Suaje', 'Programado', 'inicio', NULL, NULL),
(11172, 594, 'B6091', NULL, NULL, NULL, 'Suaje', 'Programado', 'inicio', NULL, NULL),
(11173, 600, 'H4167', NULL, NULL, NULL, 'Suaje', 'Programado', 'inicio', NULL, NULL),
(11174, 689, 'B5926RT', NULL, NULL, NULL, 'Suaje', 'Programado', 'inicio', NULL, NULL),
(11175, 99, 'D2292', NULL, NULL, NULL, 'Grabado', 'Programado', 'inicio', NULL, NULL),
(11176, 225, 'B5939', NULL, NULL, NULL, 'Grabado', 'Programado', 'inicio', NULL, NULL),
(11177, 257, 'B5991', NULL, NULL, NULL, 'Grabado', 'Programado', 'inicio', NULL, NULL),
(11178, 410, 'D2366', NULL, NULL, NULL, 'Grabado', 'Programado', 'inicio', NULL, NULL),
(11179, 417, 'F1612', NULL, NULL, NULL, 'Grabado', 'Programado', 'inicio', NULL, NULL),
(11180, 586, 'K2706', NULL, NULL, NULL, 'Grabado', 'Programado', 'inicio', NULL, NULL),
(11181, 382, 'I3371', NULL, NULL, NULL, 'Acabado', 'Programado', 'inicio', NULL, NULL),
(11182, 689, 'B5926RT', NULL, NULL, NULL, 'Acabado', 'Programado', 'inicio', NULL, NULL),
(11183, 111, 'B5833', NULL, NULL, NULL, 'Digital', 'Programado', 'inicio', NULL, NULL),
(11184, 105, 'I3284', NULL, NULL, NULL, 'Acabado', 'Programado', 'inicio', NULL, NULL),
(11185, 176, 'B5894', NULL, NULL, NULL, 'Acabado', 'Programado', 'inicio', NULL, NULL),
(11186, 324, 'I3284OT', NULL, NULL, NULL, 'Acabado', 'Programado', 'inicio', NULL, NULL),
(11187, 417, 'F1612', NULL, NULL, NULL, 'Acabado', 'Programado', 'inicio', NULL, NULL),
(11188, 594, 'B6091', NULL, NULL, NULL, 'Acabado', 'Programado', 'inicio', NULL, NULL),
(11189, 94, 'I3258', NULL, NULL, NULL, 'Acabado', 'Programado', 'inicio', NULL, NULL),
(11190, 397, 'B6040', NULL, NULL, NULL, 'Acabado', 'Programado', 'inicio', NULL, NULL),
(11191, 586, 'K2706', NULL, NULL, NULL, 'Acabado', 'Programado', 'inicio', NULL, NULL),
(11192, 1, '68071', NULL, NULL, NULL, 'Acabado', 'Programado', 'inicio', NULL, NULL),
(11193, 13, 'I3015', NULL, NULL, NULL, 'Acabado', 'Programado', 'inicio', NULL, NULL),
(11194, 13, 'I3015', NULL, NULL, NULL, 'Acabado', 'Programado', 'inicio', NULL, NULL),
(11195, 289, 'H4059', NULL, NULL, NULL, 'Acabado', 'Programado', 'inicio', NULL, NULL),
(11196, 319, 'H4070', NULL, NULL, NULL, 'Acabado', 'Programado', 'inicio', NULL, NULL),
(11197, 325, '68267', NULL, NULL, NULL, 'Acabado', 'Programado', 'inicio', NULL, NULL),
(11198, 105, 'I3284', NULL, NULL, NULL, 'Acabado', 'Programado', 'inicio', NULL, NULL),
(11199, 324, 'I3284OT', NULL, NULL, NULL, 'Acabado', 'Programado', 'inicio', NULL, NULL),
(11200, 325, '68267', NULL, NULL, NULL, 'Acabado', 'Programado', 'inicio', NULL, NULL),
(11201, 586, 'K2706', NULL, NULL, NULL, 'Acabado', 'Programado', 'inicio', NULL, NULL),
(11202, 99, 'D2292', NULL, NULL, NULL, 'Suaje', 'Programado', 'inicio', NULL, NULL),
(11203, 105, 'I3284', NULL, NULL, NULL, 'Suaje', 'Programado', 'inicio', NULL, NULL),
(11204, 111, 'B5833', NULL, NULL, NULL, 'Suaje', 'Programado', 'inicio', NULL, NULL);
INSERT INTO `procesos` (`id_proceso`, `id_orden`, `numodt`, `fecha_inicio`, `fecha_fin`, `proceso`, `nombre_proceso`, `estatus`, `avance`, `tiempo_pausa`, `fecha_pausa`) VALUES
(11205, 257, 'B5991', NULL, NULL, NULL, 'Suaje', 'Programado', 'inicio', NULL, NULL),
(11206, 289, 'H4059', NULL, NULL, NULL, 'Suaje', 'Programado', 'inicio', NULL, NULL),
(11207, 319, 'H4070', NULL, NULL, NULL, 'Suaje', 'Programado', 'inicio', NULL, NULL),
(11208, 324, 'I3284OT', NULL, NULL, NULL, 'Suaje', 'Programado', 'inicio', NULL, NULL),
(11209, 325, '68267', NULL, NULL, NULL, 'Suaje', 'Programado', 'inicio', NULL, NULL),
(11210, 341, 'H4073', NULL, NULL, NULL, 'Suaje', 'Programado', 'inicio', NULL, NULL),
(11211, 390, 'I3372', NULL, NULL, NULL, 'Suaje', 'Programado', 'inicio', NULL, NULL),
(11212, 410, 'D2366', NULL, NULL, NULL, 'Suaje', 'Programado', 'inicio', NULL, NULL),
(11213, 13, 'I3015', NULL, NULL, NULL, 'Serigrafia', 'Programado', 'inicio', NULL, NULL),
(11214, 88, 'H3831', NULL, NULL, NULL, 'Serigrafia', 'Programado', 'inicio', NULL, NULL),
(11215, 94, 'I3258', NULL, NULL, NULL, 'Serigrafia', 'Programado', 'inicio', NULL, NULL),
(11216, 105, 'I3284', NULL, NULL, NULL, 'Serigrafia', 'Programado', 'inicio', NULL, NULL),
(11217, 225, 'B5939', NULL, NULL, NULL, 'Serigrafia', 'Programado', 'inicio', NULL, NULL),
(11218, 257, 'B5991', NULL, NULL, NULL, 'Serigrafia', 'Programado', 'inicio', NULL, NULL),
(11219, 277, 'J1059', NULL, NULL, NULL, 'Serigrafia', 'Programado', 'inicio', NULL, NULL),
(11220, 297, 'J1062', NULL, NULL, NULL, 'Serigrafia', 'Programado', 'inicio', NULL, NULL),
(11221, 324, 'I3284OT', NULL, NULL, NULL, 'Serigrafia', 'Programado', 'inicio', NULL, NULL),
(11222, 341, 'H4073', NULL, NULL, NULL, 'Serigrafia', 'Programado', 'inicio', NULL, NULL),
(11223, 367, 'J1068', NULL, NULL, NULL, 'Serigrafia', 'Programado', 'inicio', NULL, NULL),
(11224, 382, 'I3371', NULL, NULL, NULL, 'Serigrafia', 'Programado', 'inicio', NULL, NULL),
(11225, 390, 'I3372', NULL, NULL, NULL, 'Serigrafia', 'Programado', 'inicio', NULL, NULL),
(11226, 397, 'B6040', NULL, NULL, NULL, 'Serigrafia', 'Programado', 'inicio', NULL, NULL),
(11227, 410, 'D2366', NULL, NULL, NULL, 'Serigrafia', 'Programado', 'inicio', NULL, NULL),
(11228, 417, 'F1612', NULL, NULL, NULL, 'Serigrafia', 'Programado', 'inicio', NULL, NULL),
(11229, 594, 'B6091', NULL, NULL, NULL, 'Serigrafia', 'Programado', 'inicio', NULL, NULL),
(11230, 689, 'B5926RT', NULL, NULL, NULL, 'Serigrafia', 'Programado', 'inicio', NULL, NULL),
(11231, 94, 'I3258', NULL, NULL, NULL, 'Serigrafia', 'Programado', 'inicio', NULL, NULL),
(11232, 225, 'B5939', NULL, NULL, NULL, 'Serigrafia', 'Programado', 'inicio', NULL, NULL),
(11233, 324, 'I3284OT', NULL, NULL, NULL, 'Serigrafia', 'Programado', 'inicio', NULL, NULL),
(11234, 397, 'B6040', NULL, NULL, NULL, 'Serigrafia', 'Programado', 'inicio', NULL, NULL),
(11235, 417, 'F1612', NULL, NULL, NULL, 'Serigrafia', 'Programado', 'inicio', NULL, NULL),
(11236, 594, 'B6091', NULL, NULL, NULL, 'Serigrafia', 'Programado', 'inicio', NULL, NULL),
(11237, 68, 'B5722', NULL, NULL, NULL, 'Corte', 'Programado', 'inicio', NULL, NULL),
(11238, 320, 'H4070', NULL, NULL, NULL, 'Corte', 'Programado', 'inicio', NULL, NULL),
(11239, 326, '68267', NULL, NULL, NULL, 'Corte', 'Programado', 'inicio', NULL, NULL),
(11240, 587, 'K2706', NULL, NULL, NULL, 'Corte', 'Programado', 'inicio', NULL, NULL),
(11241, 68, 'B5722', NULL, NULL, NULL, 'Suaje', 'Programado', 'inicio', NULL, NULL),
(11242, 320, 'H4070', NULL, NULL, NULL, 'Suaje', 'Programado', 'inicio', NULL, NULL),
(11243, 326, '68267', NULL, NULL, NULL, 'Suaje', 'Programado', 'inicio', NULL, NULL),
(11244, 587, 'K2706', NULL, NULL, NULL, 'Suaje', 'Programado', 'inicio', NULL, NULL),
(11245, 68, 'B5722', NULL, NULL, NULL, 'Acabado', 'Programado', 'inicio', NULL, NULL),
(11246, 320, 'H4070', NULL, NULL, NULL, 'HotStamping', 'Programado', 'inicio', NULL, NULL),
(11247, 320, 'H4070', NULL, NULL, NULL, 'Acabado', 'Programado', 'inicio', NULL, NULL),
(11248, 326, '68267', NULL, NULL, NULL, 'Acabado', 'Programado', 'inicio', NULL, NULL),
(11249, 320, 'H4070', NULL, NULL, NULL, 'Serigrafia', 'Programado', 'inicio', NULL, NULL),
(11250, 326, '68267', NULL, NULL, NULL, 'Serigrafia', 'Programado', 'inicio', NULL, NULL),
(11251, 587, 'K2706', NULL, NULL, NULL, 'Serigrafia', 'Programado', 'inicio', NULL, NULL),
(11252, 326, '68267', NULL, NULL, NULL, 'Serigrafia', 'Programado', 'inicio', NULL, NULL),
(11253, 2, '68071', NULL, NULL, NULL, 'Corte', 'Programado', 'inicio', NULL, NULL),
(11254, 14, 'I3015', NULL, NULL, NULL, 'Corte', 'Programado', 'inicio', NULL, NULL),
(11255, 89, 'H3831', NULL, NULL, NULL, 'Corte', 'Programado', 'inicio', NULL, NULL),
(11256, 100, 'D2292', NULL, NULL, NULL, 'Corte', 'Programado', 'inicio', NULL, NULL),
(11257, 106, 'I3284', NULL, NULL, NULL, 'Corte', 'Programado', 'inicio', NULL, NULL),
(11258, 112, 'B5833', NULL, NULL, NULL, 'Corte', 'Programado', 'inicio', NULL, NULL),
(11259, 226, 'B5939', NULL, NULL, NULL, 'Corte', 'Programado', 'inicio', NULL, NULL),
(11260, 258, 'B5991', NULL, NULL, NULL, 'Corte', 'Programado', 'inicio', NULL, NULL),
(11261, 278, 'J1059', NULL, NULL, NULL, 'Corte', 'Programado', 'inicio', NULL, NULL),
(11262, 290, 'H4059', NULL, NULL, NULL, 'Corte', 'Programado', 'inicio', NULL, NULL),
(11263, 298, 'J1062', NULL, NULL, NULL, 'Corte', 'Programado', 'inicio', NULL, NULL),
(11264, 342, 'H4073', NULL, NULL, NULL, 'Corte', 'Programado', 'inicio', NULL, NULL),
(11265, 368, 'J1068', NULL, NULL, NULL, 'Corte', 'Programado', 'inicio', NULL, NULL),
(11266, 391, 'I3372', NULL, NULL, NULL, 'Corte', 'Programado', 'inicio', NULL, NULL),
(11267, 411, 'D2366', NULL, NULL, NULL, 'Corte', 'Programado', 'inicio', NULL, NULL),
(11268, 418, 'F1612', NULL, NULL, NULL, 'Corte', 'Programado', 'inicio', NULL, NULL),
(11269, 595, 'B6091', NULL, NULL, NULL, 'Corte', 'Programado', 'inicio', NULL, NULL),
(11270, 601, 'H4167', NULL, NULL, NULL, 'Corte', 'Programado', 'inicio', NULL, NULL),
(11271, 290, 'H4059', NULL, NULL, NULL, 'Suaje', 'Programado', 'inicio', NULL, NULL),
(11272, 418, 'F1612', NULL, NULL, NULL, 'HotStamping', 'Programado', 'inicio', NULL, NULL),
(11273, 411, 'D2366', NULL, NULL, NULL, 'HotStamping', 'Programado', 'inicio', NULL, NULL),
(11274, 418, 'F1612', NULL, NULL, NULL, 'Serigrafia', 'Programado', 'inicio', NULL, NULL),
(11275, 14, 'I3015', NULL, NULL, NULL, 'Digital', 'Programado', 'inicio', NULL, NULL),
(11276, 2, '68071', NULL, NULL, NULL, 'Acabado', 'Programado', 'inicio', NULL, NULL),
(11277, 14, 'I3015', NULL, NULL, NULL, 'Acabado', 'Programado', 'inicio', NULL, NULL),
(11278, 89, 'H3831', NULL, NULL, NULL, 'Encuadernacion', 'Programado', 'inicio', NULL, NULL),
(11279, 100, 'D2292', NULL, NULL, NULL, 'Encuadernacion', 'Programado', 'inicio', NULL, NULL),
(11280, 106, 'I3284', NULL, NULL, NULL, 'Acabado', 'Programado', 'inicio', NULL, NULL),
(11281, 112, 'B5833', NULL, NULL, NULL, 'Encuadernacion', 'Programado', 'inicio', NULL, NULL),
(11282, 226, 'B5939', NULL, NULL, NULL, 'Acabado', 'Programado', 'inicio', NULL, NULL),
(11283, 258, 'B5991', NULL, NULL, NULL, 'Acabado', 'Programado', 'inicio', NULL, NULL),
(11284, 278, 'J1059', NULL, NULL, NULL, 'Encuadernacion', 'Programado', 'inicio', NULL, NULL),
(11285, 290, 'H4059', NULL, NULL, NULL, 'Acabado', 'Programado', 'inicio', NULL, NULL),
(11286, 298, 'J1062', NULL, NULL, NULL, 'Encuadernacion', 'Programado', 'inicio', NULL, NULL),
(11287, 342, 'H4073', NULL, NULL, NULL, 'Acabado', 'Programado', 'inicio', NULL, NULL),
(11288, 368, 'J1068', NULL, NULL, NULL, 'Encuadernacion', 'Programado', 'inicio', NULL, NULL),
(11289, 391, 'I3372', NULL, NULL, NULL, 'Acabado', 'Programado', 'inicio', NULL, NULL),
(11290, 418, 'F1612', NULL, NULL, NULL, 'Acabado', 'Programado', 'inicio', NULL, NULL),
(11291, 595, 'B6091', NULL, NULL, NULL, 'Acabado', 'Programado', 'inicio', NULL, NULL),
(11292, 601, 'H4167', NULL, NULL, NULL, 'Encuadernacion', 'Programado', 'inicio', NULL, NULL),
(11293, 2, '68071', NULL, NULL, NULL, 'Serigrafia', 'Programado', 'inicio', NULL, NULL),
(11294, 14, 'I3015', NULL, NULL, NULL, 'Serigrafia', 'Programado', 'inicio', NULL, NULL),
(11295, 89, 'H3831', NULL, NULL, NULL, 'Serigrafia', 'Programado', 'inicio', NULL, NULL),
(11296, 100, 'D2292', NULL, NULL, NULL, 'Serigrafia', 'Programado', 'inicio', NULL, NULL),
(11297, 106, 'I3284', NULL, NULL, NULL, 'Serigrafia', 'Programado', 'inicio', NULL, NULL),
(11298, 112, 'B5833', NULL, NULL, NULL, 'Serigrafia', 'Programado', 'inicio', NULL, NULL),
(11299, 226, 'B5939', NULL, NULL, NULL, 'Serigrafia', 'Programado', 'inicio', NULL, NULL),
(11300, 258, 'B5991', NULL, NULL, NULL, 'Serigrafia', 'Programado', 'inicio', NULL, NULL),
(11301, 278, 'J1059', NULL, NULL, NULL, 'Serigrafia', 'Programado', 'inicio', NULL, NULL),
(11302, 298, 'J1062', NULL, NULL, NULL, 'Serigrafia', 'Programado', 'inicio', NULL, NULL),
(11303, 342, 'H4073', NULL, NULL, NULL, 'Serigrafia', 'Programado', 'inicio', NULL, NULL),
(11304, 368, 'J1068', NULL, NULL, NULL, 'Serigrafia', 'Programado', 'inicio', NULL, NULL),
(11305, 391, 'I3372', NULL, NULL, NULL, 'Serigrafia', 'Programado', 'inicio', NULL, NULL),
(11306, 411, 'D2366', NULL, NULL, NULL, 'Serigrafia', 'Programado', 'inicio', NULL, NULL),
(11307, 418, 'F1612', NULL, NULL, NULL, 'Serigrafia', 'Programado', 'inicio', NULL, NULL),
(11308, 595, 'B6091', NULL, NULL, NULL, 'Serigrafia', 'Programado', 'inicio', NULL, NULL),
(11309, 601, 'H4167', NULL, NULL, NULL, 'Serigrafia', 'Programado', 'inicio', NULL, NULL),
(11310, 258, 'B5991', NULL, NULL, NULL, 'Serigrafia', 'Programado', 'inicio', NULL, NULL),
(11311, 391, 'I3372', NULL, NULL, NULL, 'Serigrafia', 'Programado', 'inicio', NULL, NULL),
(11312, 411, 'D2366', NULL, NULL, NULL, 'Serigrafia', 'Programado', 'inicio', NULL, NULL),
(11313, 595, 'B6091', NULL, NULL, NULL, 'Serigrafia', 'Programado', 'inicio', NULL, NULL),
(11314, 30, 'I3114V1', NULL, NULL, NULL, 'Corte', 'Programado', 'inicio', NULL, NULL),
(11315, 36, 'H3685', NULL, NULL, NULL, 'Corte', 'Programado', 'inicio', NULL, NULL),
(11316, 48, 'H3720', NULL, NULL, NULL, 'Corte', 'Programado', 'inicio', NULL, NULL),
(11317, 69, 'I3233', NULL, NULL, NULL, 'Corte', 'Programado', 'inicio', NULL, NULL),
(11318, 76, 'B5777', NULL, NULL, NULL, 'Corte', 'Programado', 'inicio', NULL, NULL),
(11319, 117, 'H3908', NULL, NULL, NULL, 'Corte', 'Programado', 'inicio', NULL, NULL),
(11320, 122, 'G0899', NULL, NULL, NULL, 'Corte', 'Programado', 'inicio', NULL, NULL),
(11321, 146, '68225', NULL, NULL, NULL, 'Corte', 'Programado', 'inicio', NULL, NULL),
(11322, 150, 'L1000V1', NULL, NULL, NULL, 'Corte', 'Programado', 'inicio', NULL, NULL),
(11323, 169, 'B5887', NULL, NULL, NULL, 'Corte', 'Programado', 'inicio', NULL, NULL),
(11324, 177, 'B5894', NULL, NULL, NULL, 'Corte', 'Programado', 'inicio', NULL, NULL),
(11325, 183, 'B5903', NULL, NULL, NULL, 'Corte', 'Programado', 'inicio', NULL, NULL),
(11326, 204, 'H3993', NULL, NULL, NULL, 'Corte', 'Programado', 'inicio', NULL, NULL),
(11327, 212, 'I3339', NULL, NULL, NULL, 'Corte', 'Programado', 'inicio', NULL, NULL),
(11328, 236, 'J1056', NULL, NULL, NULL, 'Corte', 'Programado', 'inicio', NULL, NULL),
(11329, 245, 'H4024', NULL, NULL, NULL, 'Corte', 'Programado', 'inicio', NULL, NULL),
(11330, 250, 'D2342', NULL, NULL, NULL, 'Corte', 'Programado', 'inicio', NULL, NULL),
(11331, 263, 'I3350', NULL, NULL, NULL, 'Corte', 'Programado', 'inicio', NULL, NULL),
(11332, 271, 'J1058', NULL, NULL, NULL, 'Corte', 'Programado', 'inicio', NULL, NULL),
(11333, 292, 'I3363', NULL, NULL, NULL, 'Corte', 'Programado', 'inicio', NULL, NULL),
(11334, 311, 'B6013', NULL, NULL, NULL, 'Corte', 'Programado', 'inicio', NULL, NULL),
(11335, 333, 'B6022', NULL, NULL, NULL, 'Corte', 'Programado', 'inicio', NULL, NULL),
(11336, 348, 'H4074V1', NULL, NULL, NULL, 'Corte', 'Programado', 'inicio', NULL, NULL),
(11337, 358, 'I3370', NULL, NULL, NULL, 'Corte', 'Programado', 'inicio', NULL, NULL),
(11338, 373, 'J1069', NULL, NULL, NULL, 'Corte', 'Programado', 'inicio', NULL, NULL),
(11339, 439, 'I3380', NULL, NULL, NULL, 'Corte', 'Programado', 'inicio', NULL, NULL),
(11340, 449, 'H4119', NULL, NULL, NULL, 'Corte', 'Programado', 'inicio', NULL, NULL),
(11341, 484, 'I3392', NULL, NULL, NULL, 'Corte', 'Programado', 'inicio', NULL, NULL),
(11342, 519, 'L1000V1E1', NULL, NULL, NULL, 'Corte', 'Programado', 'inicio', NULL, NULL),
(11343, 545, 'B6082', NULL, NULL, NULL, 'Corte', 'Programado', 'inicio', NULL, NULL),
(11344, 580, 'G0860E1', NULL, NULL, NULL, 'Corte', 'Programado', 'inicio', NULL, NULL),
(11345, 617, 'I3412', NULL, NULL, NULL, 'Corte', 'Programado', 'inicio', NULL, NULL),
(11346, 624, 'H4177', NULL, NULL, NULL, 'Corte', 'Programado', 'inicio', NULL, NULL),
(11347, 678, 'H4189', NULL, NULL, NULL, 'Corte', 'Programado', 'inicio', NULL, NULL),
(11348, 695, 'B6111', NULL, NULL, NULL, 'Corte', 'Programado', 'inicio', NULL, NULL),
(11349, 697, 'B6113', NULL, NULL, NULL, 'Corte', 'Programado', 'inicio', NULL, NULL),
(11350, 710, 'I3417', NULL, NULL, NULL, 'Corte', 'Programado', 'inicio', NULL, NULL),
(11351, 729, 'B6123', NULL, NULL, NULL, 'Corte', 'Programado', 'inicio', NULL, NULL),
(11352, 732, 'I3363D', NULL, NULL, NULL, 'Corte', 'Programado', 'inicio', NULL, NULL),
(11353, 737, 'J1083', NULL, NULL, NULL, 'Corte', 'Programado', 'inicio', NULL, NULL),
(11354, 744, 'M0691', NULL, NULL, NULL, 'Corte', 'Programado', 'inicio', NULL, NULL),
(11355, 580, 'G0860E1', NULL, NULL, NULL, 'Suaje', 'Programado', 'inicio', NULL, NULL),
(11356, 48, 'H3720', NULL, NULL, NULL, 'Grabado', 'Programado', 'inicio', NULL, NULL),
(11357, 48, 'H3720', NULL, NULL, NULL, 'Grabado', 'Programado', 'inicio', NULL, NULL),
(11358, 76, 'B5777', NULL, NULL, NULL, 'Grabado', 'Programado', 'inicio', NULL, NULL),
(11359, 122, 'G0899', NULL, NULL, NULL, 'Grabado', 'Programado', 'inicio', NULL, NULL),
(11360, 122, 'G0899', NULL, NULL, NULL, 'Grabado', 'Programado', 'inicio', NULL, NULL),
(11361, 333, 'B6022', NULL, NULL, NULL, 'Grabado', 'Programado', 'inicio', NULL, NULL),
(11362, 373, 'J1069', NULL, NULL, NULL, 'Grabado', 'Programado', 'inicio', NULL, NULL),
(11363, 373, 'J1069', NULL, NULL, NULL, 'Grabado', 'Programado', 'inicio', NULL, NULL),
(11364, 678, 'H4189', NULL, NULL, NULL, 'Grabado', 'Programado', 'inicio', NULL, NULL),
(11365, 737, 'J1083', NULL, NULL, NULL, 'Grabado', 'Programado', 'inicio', NULL, NULL),
(11366, 177, 'B5894', NULL, NULL, NULL, 'Grabado', 'Programado', 'inicio', NULL, NULL),
(11367, 204, 'H3993', NULL, NULL, NULL, 'Grabado', 'Programado', 'inicio', NULL, NULL),
(11368, 30, 'I3114V1', NULL, NULL, NULL, 'HotStamping', 'Programado', 'inicio', NULL, NULL),
(11369, 48, 'H3720', NULL, NULL, NULL, 'HotStamping', 'Programado', 'inicio', NULL, NULL),
(11370, 117, 'H3908', NULL, NULL, NULL, 'HotStamping', 'Programado', 'inicio', NULL, NULL),
(11371, 146, '68225', NULL, NULL, NULL, 'HotStamping', 'Programado', 'inicio', NULL, NULL),
(11372, 245, 'H4024', NULL, NULL, NULL, 'HotStamping', 'Programado', 'inicio', NULL, NULL),
(11373, 250, 'D2342', NULL, NULL, NULL, 'HotStamping', 'Programado', 'inicio', NULL, NULL),
(11374, 250, 'D2342', NULL, NULL, NULL, 'HotStamping', 'Programado', 'inicio', NULL, NULL),
(11375, 292, 'I3363', NULL, NULL, NULL, 'HotStamping', 'Programado', 'inicio', NULL, NULL),
(11376, 580, 'G0860E1', NULL, NULL, NULL, 'HotStamping', 'Programado', 'inicio', NULL, NULL),
(11377, 732, 'I3363D', NULL, NULL, NULL, 'HotStamping', 'Programado', 'inicio', NULL, NULL),
(11378, 737, 'J1083', NULL, NULL, NULL, 'HotStamping', 'Programado', 'inicio', NULL, NULL),
(11379, 333, 'B6022', NULL, NULL, NULL, 'HotStamping', 'Programado', 'inicio', NULL, NULL),
(11380, 697, 'B6113', NULL, NULL, NULL, 'HotStamping', 'Programado', 'inicio', NULL, NULL),
(11381, 69, 'I3233', NULL, NULL, NULL, 'Digital', 'Programado', 'inicio', NULL, NULL),
(11382, 146, '68225', NULL, NULL, NULL, 'Digital', 'Programado', 'inicio', NULL, NULL),
(11383, 311, 'B6013', NULL, NULL, NULL, 'Digital', 'Programado', 'inicio', NULL, NULL),
(11384, 348, 'H4074V1', NULL, NULL, NULL, 'Digital', 'Programado', 'inicio', NULL, NULL),
(11385, 439, 'I3380', NULL, NULL, NULL, 'Digital', 'Programado', 'inicio', NULL, NULL),
(11386, 624, 'H4177', NULL, NULL, NULL, 'Digital', 'Programado', 'inicio', NULL, NULL),
(11387, 678, 'H4189', NULL, NULL, NULL, 'Digital', 'Programado', 'inicio', NULL, NULL),
(11388, 729, 'B6123', NULL, NULL, NULL, 'Digital', 'Programado', 'inicio', NULL, NULL),
(11389, 744, 'M0691', NULL, NULL, NULL, 'Digital', 'Programado', 'inicio', NULL, NULL),
(11390, 36, 'H3685', NULL, NULL, NULL, 'Acabado', 'Programado', 'inicio', NULL, NULL),
(11391, 204, 'H3993', NULL, NULL, NULL, 'Acabado', 'Programado', 'inicio', NULL, NULL),
(11392, 212, 'I3339', NULL, NULL, NULL, 'Acabado', 'Programado', 'inicio', NULL, NULL),
(11393, 545, 'B6082', NULL, NULL, NULL, 'Acabado', 'Programado', 'inicio', NULL, NULL),
(11394, 710, 'I3417', NULL, NULL, NULL, 'Acabado', 'Programado', 'inicio', NULL, NULL),
(11395, 169, 'B5887', NULL, NULL, NULL, 'Letter Press', 'Programado', 'inicio', NULL, NULL),
(11396, 36, 'H3685', NULL, NULL, NULL, 'Acabado', 'Programado', 'inicio', NULL, NULL),
(11397, 204, 'H3993', NULL, NULL, NULL, 'Acabado', 'Programado', 'inicio', NULL, NULL),
(11398, 212, 'I3339', NULL, NULL, NULL, 'Acabado', 'Programado', 'inicio', NULL, NULL),
(11399, 545, 'B6082', NULL, NULL, NULL, 'Acabado', 'Programado', 'inicio', NULL, NULL),
(11400, 710, 'I3417', NULL, NULL, NULL, 'Acabado', 'Programado', 'inicio', NULL, NULL),
(11401, 134, 'H3924', NULL, NULL, NULL, 'Acabado', 'Programado', 'inicio', NULL, NULL),
(11402, 177, 'B5894', NULL, NULL, NULL, 'Acabado', 'Programado', 'inicio', NULL, NULL),
(11403, 678, 'H4189', NULL, NULL, NULL, 'Acabado', 'Programado', 'inicio', NULL, NULL),
(11404, 169, 'B5887', NULL, NULL, NULL, 'Suaje', 'Programado', 'inicio', NULL, NULL),
(11405, 311, 'B6013', NULL, NULL, NULL, 'Suaje', 'Programado', 'inicio', NULL, NULL),
(11406, 30, 'I3114V1', NULL, NULL, NULL, 'Grabado', 'Programado', 'inicio', NULL, NULL),
(11407, 36, 'H3685', NULL, NULL, NULL, 'Serigrafia', 'Programado', 'inicio', NULL, NULL),
(11408, 48, 'H3720', NULL, NULL, NULL, 'Serigrafia', 'Programado', 'inicio', NULL, NULL),
(11409, 76, 'B5777', NULL, NULL, NULL, 'Serigrafia', 'Programado', 'inicio', NULL, NULL),
(11410, 117, 'H3908', NULL, NULL, NULL, 'Serigrafia', 'Programado', 'inicio', NULL, NULL),
(11411, 122, 'G0899', NULL, NULL, NULL, 'Serigrafia', 'Programado', 'inicio', NULL, NULL),
(11412, 134, 'H3924', NULL, NULL, NULL, 'Serigrafia', 'Programado', 'inicio', NULL, NULL),
(11413, 150, 'L1000V1', NULL, NULL, NULL, 'Serigrafia', 'Programado', 'inicio', NULL, NULL),
(11414, 177, 'B5894', NULL, NULL, NULL, 'Serigrafia', 'Programado', 'inicio', NULL, NULL),
(11415, 183, 'B5903', NULL, NULL, NULL, 'Serigrafia', 'Programado', 'inicio', NULL, NULL),
(11416, 204, 'H3993', NULL, NULL, NULL, 'Serigrafia', 'Programado', 'inicio', NULL, NULL),
(11417, 212, 'I3339', NULL, NULL, NULL, 'Serigrafia', 'Programado', 'inicio', NULL, NULL),
(11418, 236, 'J1056', NULL, NULL, NULL, 'Serigrafia', 'Programado', 'inicio', NULL, NULL),
(11419, 245, 'H4024', NULL, NULL, NULL, 'Serigrafia', 'Programado', 'inicio', NULL, NULL),
(11420, 250, 'D2342', NULL, NULL, NULL, 'Serigrafia', 'Programado', 'inicio', NULL, NULL),
(11421, 263, 'I3350', NULL, NULL, NULL, 'Serigrafia', 'Programado', 'inicio', NULL, NULL),
(11422, 271, 'J1058', NULL, NULL, NULL, 'Serigrafia', 'Programado', 'inicio', NULL, NULL),
(11423, 292, 'I3363', NULL, NULL, NULL, 'Serigrafia', 'Programado', 'inicio', NULL, NULL),
(11424, 333, 'B6022', NULL, NULL, NULL, 'Serigrafia', 'Programado', 'inicio', NULL, NULL),
(11425, 358, 'I3370', NULL, NULL, NULL, 'Serigrafia', 'Programado', 'inicio', NULL, NULL),
(11426, 373, 'J1069', NULL, NULL, NULL, 'Serigrafia', 'Programado', 'inicio', NULL, NULL),
(11427, 439, 'I3380', NULL, NULL, NULL, 'Serigrafia', 'Programado', 'inicio', NULL, NULL),
(11428, 449, 'H4119', NULL, NULL, NULL, 'Serigrafia', 'Programado', 'inicio', NULL, NULL),
(11429, 484, 'I3392', NULL, NULL, NULL, 'Serigrafia', 'Programado', 'inicio', NULL, NULL),
(11430, 519, 'L1000V1E1', NULL, NULL, NULL, 'Serigrafia', 'Programado', 'inicio', NULL, NULL),
(11431, 545, 'B6082', NULL, NULL, NULL, 'Serigrafia', 'Programado', 'inicio', NULL, NULL),
(11432, 580, 'G0860E1', NULL, NULL, NULL, 'Serigrafia', 'Programado', 'inicio', NULL, NULL),
(11433, 617, 'I3412', NULL, NULL, NULL, 'Serigrafia', 'Programado', 'inicio', NULL, NULL),
(11434, 695, 'B6111', NULL, NULL, NULL, 'Serigrafia', 'Programado', 'inicio', NULL, NULL),
(11435, 697, 'B6113', NULL, NULL, NULL, 'Serigrafia', 'Programado', 'inicio', NULL, NULL),
(11436, 710, 'I3417', NULL, NULL, NULL, 'Serigrafia', 'Programado', 'inicio', NULL, NULL),
(11437, 732, 'I3363D', NULL, NULL, NULL, 'Serigrafia', 'Programado', 'inicio', NULL, NULL),
(11438, 737, 'J1083', NULL, NULL, NULL, 'Serigrafia', 'Programado', 'inicio', NULL, NULL),
(11439, 484, 'I3392', NULL, NULL, NULL, 'Serigrafia', 'Programado', 'inicio', NULL, NULL),
(11440, 271, 'J1058', NULL, NULL, NULL, 'Serigrafia', 'Programado', 'inicio', NULL, NULL),
(11441, 697, 'B6113', NULL, NULL, NULL, 'Serigrafia', 'Programado', 'inicio', NULL, NULL),
(11442, 177, 'B5894', NULL, NULL, NULL, 'Serigrafia', 'Programado', 'inicio', NULL, NULL),
(11443, 177, 'B5894', NULL, NULL, NULL, 'Serigrafia', 'Programado', 'inicio', NULL, NULL),
(11444, 49, 'H3720', NULL, NULL, NULL, 'Corte', 'Programado', 'inicio', NULL, NULL),
(11445, 151, 'L1000V1', NULL, NULL, NULL, 'Corte', 'Programado', 'inicio', NULL, NULL),
(11446, 184, 'B5903', NULL, NULL, NULL, 'Corte', 'Programado', 'inicio', NULL, NULL),
(11447, 197, 'I3322', NULL, NULL, NULL, 'Corte', 'Programado', 'inicio', NULL, NULL),
(11448, 237, 'J1056', NULL, NULL, NULL, 'Corte', 'Programado', 'inicio', NULL, NULL),
(11449, 312, 'B6013', NULL, NULL, NULL, 'Corte', 'Programado', 'inicio', NULL, NULL),
(11450, 520, 'L1000V1E1', NULL, NULL, NULL, 'Corte', 'Programado', 'inicio', NULL, NULL),
(11451, 564, 'I3405', NULL, NULL, NULL, 'Corte', 'Programado', 'inicio', NULL, NULL),
(11452, 720, 'B6119', NULL, NULL, NULL, 'Corte', 'Programado', 'inicio', NULL, NULL),
(11453, 49, 'H3720', NULL, NULL, NULL, 'Acabado', 'Programado', 'inicio', NULL, NULL),
(11454, 70, 'I3233', NULL, NULL, NULL, 'Acabado', 'Programado', 'inicio', NULL, NULL),
(11455, 151, 'L1000V1', NULL, NULL, NULL, 'Acabado', 'Programado', 'inicio', NULL, NULL),
(11456, 184, 'B5903', NULL, NULL, NULL, 'Acabado', 'Programado', 'inicio', NULL, NULL),
(11457, 237, 'J1056', NULL, NULL, NULL, 'Acabado', 'Programado', 'inicio', NULL, NULL),
(11458, 312, 'B6013', NULL, NULL, NULL, 'Acabado', 'Programado', 'inicio', NULL, NULL),
(11459, 349, 'H4074V1', NULL, NULL, NULL, 'Acabado', 'Programado', 'inicio', NULL, NULL),
(11460, 440, 'I3380', NULL, NULL, NULL, 'Acabado', 'Programado', 'inicio', NULL, NULL),
(11461, 520, 'L1000V1E1', NULL, NULL, NULL, 'Acabado', 'Programado', 'inicio', NULL, NULL),
(11462, 720, 'B6119', NULL, NULL, NULL, 'HotStamping', 'Programado', 'inicio', NULL, NULL),
(11463, 720, 'B6119', NULL, NULL, NULL, 'HotStamping', 'Programado', 'inicio', NULL, NULL),
(11464, 197, 'I3322', NULL, NULL, NULL, 'Serigrafia', 'Programado', 'inicio', NULL, NULL),
(11465, 564, 'I3405', NULL, NULL, NULL, 'Serigrafia', 'Programado', 'inicio', NULL, NULL),
(11466, 720, 'B6119', NULL, NULL, NULL, 'Serigrafia', 'Programado', 'inicio', NULL, NULL),
(11467, 8, 'I3010', NULL, NULL, NULL, 'Corte', 'Programado', 'inicio', NULL, NULL),
(11468, 533, 'F1627', NULL, NULL, NULL, 'Corte', 'Programado', 'inicio', NULL, NULL),
(11469, 576, 'D2382', NULL, NULL, NULL, 'Corte', 'Programado', 'inicio', NULL, NULL),
(11470, 8, 'I3010', NULL, NULL, NULL, 'Suaje', 'Programado', 'inicio', NULL, NULL),
(11471, 533, 'F1627', NULL, NULL, NULL, 'Suaje', 'Programado', 'inicio', NULL, NULL),
(11472, 576, 'D2382', NULL, NULL, NULL, 'Suaje', 'Programado', 'inicio', NULL, NULL),
(11473, 576, 'D2382', NULL, NULL, NULL, 'Grabado', 'Programado', 'inicio', NULL, NULL),
(11474, 8, 'I3010', NULL, NULL, NULL, 'Grabado', 'Programado', 'inicio', NULL, NULL),
(11475, 533, 'F1627', NULL, NULL, NULL, 'Grabado', 'Programado', 'inicio', NULL, NULL),
(11476, 8, 'I3010', NULL, NULL, NULL, 'HotStamping', 'Programado', 'inicio', NULL, NULL),
(11477, 576, 'D2382', NULL, NULL, NULL, 'Acabado', 'Programado', 'inicio', NULL, NULL),
(11478, 533, 'F1627', NULL, NULL, NULL, 'Acabado', 'Programado', 'inicio', NULL, NULL),
(11479, 8, 'I3010', NULL, NULL, NULL, 'Serigrafia', 'Programado', 'inicio', NULL, NULL),
(11480, 533, 'F1627', NULL, NULL, NULL, 'Serigrafia', 'Programado', 'inicio', NULL, NULL),
(11481, 576, 'D2382', NULL, NULL, NULL, 'Serigrafia', 'Programado', 'inicio', NULL, NULL),
(11482, 533, 'F1627', NULL, NULL, NULL, 'Serigrafia', 'Programado', 'inicio', NULL, NULL),
(11483, 163, 'L1006', NULL, NULL, NULL, 'Corte', 'Programado', 'inicio', NULL, NULL),
(11484, 327, 'J1066', NULL, NULL, NULL, 'Corte', 'Programado', 'inicio', NULL, NULL),
(11485, 457, 'I3386', NULL, NULL, NULL, 'Corte', 'Programado', 'inicio', NULL, NULL),
(11486, 461, 'L1032', NULL, NULL, NULL, 'Corte', 'Programado', 'inicio', NULL, NULL),
(11487, 473, 'L1006OT', NULL, NULL, NULL, 'Corte', 'Programado', 'inicio', NULL, NULL),
(11488, 497, 'H4135', NULL, NULL, NULL, 'Corte', 'Programado', 'inicio', NULL, NULL),
(11489, 608, 'H4174', NULL, NULL, NULL, 'Corte', 'Programado', 'inicio', NULL, NULL),
(11490, 629, 'F1641', NULL, NULL, NULL, 'Corte', 'Programado', 'inicio', NULL, NULL),
(11491, 644, 'B6102', NULL, NULL, NULL, 'Corte', 'Programado', 'inicio', NULL, NULL),
(11492, 163, 'L1006', NULL, NULL, NULL, 'Suaje', 'Programado', 'inicio', NULL, NULL),
(11493, 327, 'J1066', NULL, NULL, NULL, 'Suaje', 'Programado', 'inicio', NULL, NULL),
(11494, 473, 'L1006OT', NULL, NULL, NULL, 'Suaje', 'Programado', 'inicio', NULL, NULL),
(11495, 497, 'H4135', NULL, NULL, NULL, 'Suaje', 'Programado', 'inicio', NULL, NULL),
(11496, 629, 'F1641', NULL, NULL, NULL, 'Suaje', 'Programado', 'inicio', NULL, NULL),
(11497, 644, 'B6102', NULL, NULL, NULL, 'Suaje', 'Programado', 'inicio', NULL, NULL),
(11498, 163, 'L1006', NULL, NULL, NULL, 'Grabado', 'Programado', 'inicio', NULL, NULL),
(11499, 473, 'L1006OT', NULL, NULL, NULL, 'Grabado', 'Programado', 'inicio', NULL, NULL),
(11500, 327, 'J1066', NULL, NULL, NULL, 'Grabado', 'Programado', 'inicio', NULL, NULL),
(11501, 457, 'I3386', NULL, NULL, NULL, 'Grabado', 'Programado', 'inicio', NULL, NULL),
(11502, 461, 'L1032', NULL, NULL, NULL, 'Grabado', 'Programado', 'inicio', NULL, NULL),
(11503, 608, 'H4174', NULL, NULL, NULL, 'Grabado', 'Programado', 'inicio', NULL, NULL),
(11504, 644, 'B6102', NULL, NULL, NULL, 'Grabado', 'Programado', 'inicio', NULL, NULL),
(11505, 497, 'H4135', NULL, NULL, NULL, 'Digital', 'Programado', 'inicio', NULL, NULL),
(11506, 163, 'L1006', NULL, NULL, NULL, 'Acabado', 'Programado', 'inicio', NULL, NULL),
(11507, 457, 'I3386', NULL, NULL, NULL, 'Acabado', 'Programado', 'inicio', NULL, NULL),
(11508, 473, 'L1006OT', NULL, NULL, NULL, 'Acabado', 'Programado', 'inicio', NULL, NULL),
(11509, 497, 'H4135', NULL, NULL, NULL, 'Acabado', 'Programado', 'inicio', NULL, NULL),
(11510, 608, 'H4174', NULL, NULL, NULL, 'Acabado', 'Programado', 'inicio', NULL, NULL),
(11511, 629, 'F1641', NULL, NULL, NULL, 'Acabado', 'Programado', 'inicio', NULL, NULL),
(11512, 327, 'J1066', NULL, NULL, NULL, 'Acabado', 'Programado', 'inicio', NULL, NULL),
(11513, 644, 'B6102', NULL, NULL, NULL, 'Acabado', 'Programado', 'inicio', NULL, NULL),
(11514, 163, 'L1006', NULL, NULL, NULL, 'Suaje', 'Programado', 'inicio', NULL, NULL),
(11515, 457, 'I3386', NULL, NULL, NULL, 'Suaje', 'Programado', 'inicio', NULL, NULL),
(11516, 461, 'L1032', NULL, NULL, NULL, 'Suaje', 'Programado', 'inicio', NULL, NULL),
(11517, 473, 'L1006OT', NULL, NULL, NULL, 'Suaje', 'Programado', 'inicio', NULL, NULL),
(11518, 608, 'H4174', NULL, NULL, NULL, 'Suaje', 'Programado', 'inicio', NULL, NULL),
(11519, 163, 'L1006', NULL, NULL, NULL, 'Serigrafia', 'Programado', 'inicio', NULL, NULL),
(11520, 327, 'J1066', NULL, NULL, NULL, 'Serigrafia', 'Programado', 'inicio', NULL, NULL),
(11521, 457, 'I3386', NULL, NULL, NULL, 'Serigrafia', 'Programado', 'inicio', NULL, NULL),
(11522, 461, 'L1032', NULL, NULL, NULL, 'Serigrafia', 'Programado', 'inicio', NULL, NULL),
(11523, 473, 'L1006OT', NULL, NULL, NULL, 'Serigrafia', 'Programado', 'inicio', NULL, NULL),
(11524, 497, 'H4135', NULL, NULL, NULL, 'Serigrafia', 'Programado', 'inicio', NULL, NULL),
(11525, 608, 'H4174', NULL, NULL, NULL, 'Serigrafia', 'Programado', 'inicio', NULL, NULL),
(11526, 644, 'B6102', NULL, NULL, NULL, 'Serigrafia', 'Programado', 'inicio', NULL, NULL),
(11527, 163, 'L1006', NULL, NULL, NULL, 'Serigrafia', 'Programado', 'inicio', NULL, NULL),
(11528, 457, 'I3386', NULL, NULL, NULL, 'Serigrafia', 'Programado', 'inicio', NULL, NULL),
(11529, 473, 'L1006OT', NULL, NULL, NULL, 'Serigrafia', 'Programado', 'inicio', NULL, NULL),
(11530, 635, 'M0678', NULL, NULL, NULL, 'Corte', 'Programado', 'inicio', NULL, NULL),
(11531, 665, 'H4185', NULL, NULL, NULL, 'Corte', 'Programado', 'inicio', NULL, NULL),
(11532, 635, 'M0678', NULL, NULL, NULL, 'Acabado', 'Programado', 'inicio', NULL, NULL),
(11533, 635, 'M0678', NULL, NULL, NULL, 'Serigrafia', 'Programado', 'inicio', NULL, NULL),
(11534, 665, 'H4185', NULL, NULL, NULL, 'Digital', 'Programado', 'inicio', NULL, NULL),
(11535, 665, 'H4185', NULL, NULL, NULL, 'Acabado', 'Programado', 'inicio', NULL, NULL),
(11536, 665, 'H4185', NULL, NULL, NULL, 'Encuadernacion', 'Programado', 'inicio', NULL, NULL),
(11537, 634, 'M0677', NULL, NULL, NULL, 'Corte', 'Programado', 'inicio', NULL, NULL),
(11538, 634, 'M0677', NULL, NULL, NULL, 'Suaje', 'Programado', 'inicio', NULL, NULL),
(11539, 634, 'M0677', NULL, NULL, NULL, 'Serigrafia', 'Programado', 'inicio', NULL, NULL),
(11540, 50, 'H3720', NULL, NULL, NULL, 'Corte', 'Programado', 'inicio', NULL, NULL),
(11541, 185, 'B5903', NULL, NULL, NULL, 'Corte', 'Programado', 'inicio', NULL, NULL),
(11542, 198, 'I3322', NULL, NULL, NULL, 'Corte', 'Programado', 'inicio', NULL, NULL),
(11543, 238, 'J1056', NULL, NULL, NULL, 'Corte', 'Programado', 'inicio', NULL, NULL),
(11544, 251, 'D2342', NULL, NULL, NULL, 'Corte', 'Programado', 'inicio', NULL, NULL),
(11545, 361, 'G0904', NULL, NULL, NULL, 'Corte', 'Programado', 'inicio', NULL, NULL),
(11546, 374, 'J1069', NULL, NULL, NULL, 'Corte', 'Programado', 'inicio', NULL, NULL),
(11547, 403, 'H4100', NULL, NULL, NULL, 'Corte', 'Programado', 'inicio', NULL, NULL),
(11548, 425, 'J1070', NULL, NULL, NULL, 'Corte', 'Programado', 'inicio', NULL, NULL),
(11549, 467, 'G0904E1', NULL, NULL, NULL, 'Corte', 'Programado', 'inicio', NULL, NULL),
(11550, 490, 'B6064', NULL, NULL, NULL, 'Corte', 'Programado', 'inicio', NULL, NULL),
(11551, 539, 'B6079', NULL, NULL, NULL, 'Corte', 'Programado', 'inicio', NULL, NULL),
(11552, 556, 'G0913', NULL, NULL, NULL, 'Corte', 'Programado', 'inicio', NULL, NULL),
(11553, 565, 'I3405', NULL, NULL, NULL, 'Corte', 'Programado', 'inicio', NULL, NULL),
(11554, 698, 'B6113', NULL, NULL, NULL, 'Corte', 'Programado', 'inicio', NULL, NULL),
(11555, 721, 'B6119', NULL, NULL, NULL, 'Corte', 'Programado', 'inicio', NULL, NULL),
(11556, 738, 'J1083', NULL, NULL, NULL, 'Corte', 'Programado', 'inicio', NULL, NULL),
(11557, 170, 'B5887', NULL, NULL, NULL, 'Grabado', 'Programado', 'inicio', NULL, NULL),
(11558, 403, 'H4100', NULL, NULL, NULL, 'Digital', 'Programado', 'inicio', NULL, NULL),
(11559, 698, 'B6113', NULL, NULL, NULL, 'Acabado', 'Programado', 'inicio', NULL, NULL),
(11560, 50, 'H3720', NULL, NULL, NULL, 'Suaje', 'Programado', 'inicio', NULL, NULL),
(11561, 170, 'B5887', NULL, NULL, NULL, 'Suaje', 'Programado', 'inicio', NULL, NULL),
(11562, 185, 'B5903', NULL, NULL, NULL, 'Suaje', 'Programado', 'inicio', NULL, NULL),
(11563, 198, 'I3322', NULL, NULL, NULL, 'Suaje', 'Programado', 'inicio', NULL, NULL),
(11564, 238, 'J1056', NULL, NULL, NULL, 'Suaje', 'Programado', 'inicio', NULL, NULL),
(11565, 251, 'D2342', NULL, NULL, NULL, 'Suaje', 'Programado', 'inicio', NULL, NULL),
(11566, 361, 'G0904', NULL, NULL, NULL, 'Suaje', 'Programado', 'inicio', NULL, NULL),
(11567, 374, 'J1069', NULL, NULL, NULL, 'Suaje', 'Programado', 'inicio', NULL, NULL),
(11568, 403, 'H4100', NULL, NULL, NULL, 'Suaje', 'Programado', 'inicio', NULL, NULL),
(11569, 425, 'J1070', NULL, NULL, NULL, 'Suaje', 'Programado', 'inicio', NULL, NULL),
(11570, 467, 'G0904E1', NULL, NULL, NULL, 'Suaje', 'Programado', 'inicio', NULL, NULL),
(11571, 490, 'B6064', NULL, NULL, NULL, 'Suaje', 'Programado', 'inicio', NULL, NULL),
(11572, 539, 'B6079', NULL, NULL, NULL, 'Suaje', 'Programado', 'inicio', NULL, NULL),
(11573, 556, 'G0913', NULL, NULL, NULL, 'Suaje', 'Programado', 'inicio', NULL, NULL),
(11574, 565, 'I3405', NULL, NULL, NULL, 'Suaje', 'Programado', 'inicio', NULL, NULL),
(11575, 698, 'B6113', NULL, NULL, NULL, 'Suaje', 'Programado', 'inicio', NULL, NULL),
(11576, 721, 'B6119', NULL, NULL, NULL, 'Suaje', 'Programado', 'inicio', NULL, NULL),
(11577, 738, 'J1083', NULL, NULL, NULL, 'Suaje', 'Programado', 'inicio', NULL, NULL),
(11578, 50, 'H3720', NULL, NULL, NULL, 'Serigrafia', 'Programado', 'inicio', NULL, NULL),
(11579, 170, 'B5887', NULL, NULL, NULL, 'Serigrafia', 'Programado', 'inicio', NULL, NULL),
(11580, 185, 'B5903', NULL, NULL, NULL, 'Serigrafia', 'Programado', 'inicio', NULL, NULL),
(11581, 198, 'I3322', NULL, NULL, NULL, 'Serigrafia', 'Programado', 'inicio', NULL, NULL),
(11582, 238, 'J1056', NULL, NULL, NULL, 'Serigrafia', 'Programado', 'inicio', NULL, NULL),
(11583, 361, 'G0904', NULL, NULL, NULL, 'Serigrafia', 'Programado', 'inicio', NULL, NULL),
(11584, 425, 'J1070', NULL, NULL, NULL, 'Serigrafia', 'Programado', 'inicio', NULL, NULL),
(11585, 467, 'G0904E1', NULL, NULL, NULL, 'Serigrafia', 'Programado', 'inicio', NULL, NULL),
(11586, 490, 'B6064', NULL, NULL, NULL, 'Serigrafia', 'Programado', 'inicio', NULL, NULL),
(11587, 539, 'B6079', NULL, NULL, NULL, 'Serigrafia', 'Programado', 'inicio', NULL, NULL),
(11588, 556, 'G0913', NULL, NULL, NULL, 'Serigrafia', 'Programado', 'inicio', NULL, NULL),
(11589, 565, 'I3405', NULL, NULL, NULL, 'Serigrafia', 'Programado', 'inicio', NULL, NULL),
(11590, 698, 'B6113', NULL, NULL, NULL, 'Serigrafia', 'Programado', 'inicio', NULL, NULL),
(11591, 721, 'B6119', NULL, NULL, NULL, 'Serigrafia', 'Programado', 'inicio', NULL, NULL),
(11592, 738, 'J1083', NULL, NULL, NULL, 'Serigrafia', 'Programado', 'inicio', NULL, NULL),
(11593, 283, '68258', NULL, NULL, NULL, 'Laser', 'Programado', 'inicio', NULL, NULL),
(11594, 283, '68258', NULL, NULL, NULL, 'Laser', 'Programado', 'inicio', NULL, NULL),
(11595, 706, 'H4197', NULL, NULL, NULL, 'Laser', 'Programado', 'inicio', NULL, NULL),
(11596, 706, 'H4197', NULL, NULL, NULL, 'Laser', 'Programado', 'inicio', NULL, NULL),
(11597, 706, 'H4197', NULL, NULL, NULL, 'Serigrafia', 'Programado', 'inicio', NULL, NULL),
(11598, 518, 'H4142', NULL, NULL, NULL, 'Corte', 'Programado', 'inicio', NULL, NULL),
(11599, 518, 'H4142', NULL, NULL, NULL, 'Suaje', 'Programado', 'inicio', NULL, NULL),
(11600, 160, '68227', NULL, NULL, NULL, 'Corte', 'Programado', 'inicio', NULL, NULL),
(11601, 160, '68227', NULL, NULL, NULL, 'Digital', 'Programado', 'inicio', NULL, NULL),
(11602, 160, '68227', NULL, NULL, NULL, 'Encuadernacion', 'Programado', 'inicio', NULL, NULL),
(11603, 662, 'H4184', NULL, NULL, NULL, 'Corte', 'Programado', 'inicio', NULL, NULL),
(11604, 662, 'H4184', NULL, NULL, NULL, 'Acabado', 'Programado', 'inicio', NULL, NULL),
(11605, 733, 'F1650', NULL, NULL, NULL, 'Corte', 'Programado', 'inicio', NULL, NULL),
(11606, 691, 'B6109', NULL, NULL, NULL, 'Corte', 'Programado', 'inicio', NULL, NULL),
(11607, 691, 'B6109', NULL, NULL, NULL, 'Suaje', 'Programado', 'inicio', NULL, NULL),
(11608, 691, 'B6109', NULL, NULL, NULL, 'Serigrafia', 'Programado', 'inicio', NULL, NULL),
(11609, 334, 'B6022', NULL, NULL, NULL, 'Corte', 'Programado', 'inicio', NULL, NULL),
(11610, 334, 'B6022', NULL, NULL, NULL, 'Serigrafia', 'Programado', 'inicio', NULL, NULL),
(11611, 734, 'F1650', NULL, NULL, NULL, 'Serigrafia', 'Programado', 'inicio', NULL, NULL),
(11612, 734, 'F1650', NULL, NULL, NULL, 'Serigrafia', 'Programado', 'inicio', NULL, NULL),
(11613, 615, 'H4176', NULL, NULL, NULL, 'Corte', 'Programado', 'inicio', NULL, NULL),
(11614, 615, 'H4176', NULL, NULL, NULL, 'Acabado', 'Programado', 'inicio', NULL, NULL),
(11615, 615, 'H4176', NULL, NULL, NULL, 'Digital', 'Programado', 'inicio', NULL, NULL),
(11616, 615, 'H4176', NULL, NULL, NULL, 'Acabado', 'Programado', 'inicio', NULL, NULL),
(11617, 615, 'H4176', NULL, NULL, NULL, 'Suaje', 'Programado', 'inicio', NULL, NULL),
(11618, 383, 'I3371', NULL, NULL, NULL, 'Corte', 'Programado', 'inicio', NULL, NULL),
(11619, 157, '68227', NULL, NULL, NULL, 'Corte', 'Programado', 'inicio', NULL, NULL),
(11620, 383, 'I3371', NULL, NULL, NULL, 'Diseño', 'Programado', 'inicio', NULL, NULL),
(11621, 383, 'I3371', NULL, NULL, NULL, 'Suaje', 'Programado', 'inicio', NULL, NULL),
(11622, 383, 'I3371', NULL, NULL, NULL, 'Digital', 'Programado', 'inicio', NULL, NULL),
(11623, 157, '68227', NULL, NULL, NULL, 'Corte', 'Programado', 'inicio', NULL, NULL),
(11624, 157, '68227', NULL, NULL, NULL, 'Digital', 'Programado', 'inicio', NULL, NULL),
(11625, 663, 'H4184', NULL, NULL, NULL, 'Corte', 'Programado', 'inicio', NULL, NULL),
(11626, 679, 'H4189', NULL, NULL, NULL, 'Corte', 'Programado', 'inicio', NULL, NULL),
(11627, 218, '68247', NULL, NULL, NULL, 'Acabado', 'Programado', 'inicio', NULL, NULL),
(11628, 638, 'I3413', NULL, NULL, NULL, 'Acabado', 'Programado', 'inicio', NULL, NULL),
(11629, 748, 'I3413E1', NULL, NULL, NULL, 'Acabado', 'Programado', 'inicio', NULL, NULL),
(11630, 218, '68247', NULL, NULL, NULL, 'Acabado', 'Programado', 'inicio', NULL, NULL),
(11631, 663, 'H4184', NULL, NULL, NULL, 'Acabado', 'Programado', 'inicio', NULL, NULL),
(11632, 3, '68071', NULL, NULL, NULL, 'Corte', 'Programado', 'inicio', NULL, NULL),
(11633, 9, 'I3010', NULL, NULL, NULL, 'Corte', 'Programado', 'inicio', NULL, NULL),
(11634, 15, 'I3015', NULL, NULL, NULL, 'Corte', 'Programado', 'inicio', NULL, NULL),
(11635, 22, 'G0804', NULL, NULL, NULL, 'Corte', 'Programado', 'inicio', NULL, NULL),
(11636, 27, '68118', NULL, NULL, NULL, 'Corte', 'Programado', 'inicio', NULL, NULL),
(11637, 31, 'I3114V1', NULL, NULL, NULL, 'Corte', 'Programado', 'inicio', NULL, NULL),
(11638, 37, 'H3685', NULL, NULL, NULL, 'Corte', 'Programado', 'inicio', NULL, NULL),
(11639, 51, 'H3720', NULL, NULL, NULL, 'Corte', 'Programado', 'inicio', NULL, NULL),
(11640, 71, 'I3233', NULL, NULL, NULL, 'Corte', 'Programado', 'inicio', NULL, NULL),
(11641, 77, 'B5777', NULL, NULL, NULL, 'Corte', 'Programado', 'inicio', NULL, NULL),
(11642, 83, 'G0889V2', NULL, NULL, NULL, 'Corte', 'Programado', 'inicio', NULL, NULL),
(11643, 90, 'H3831', NULL, NULL, NULL, 'Corte', 'Programado', 'inicio', NULL, NULL),
(11644, 95, 'I3258', NULL, NULL, NULL, 'Corte', 'Programado', 'inicio', NULL, NULL),
(11645, 101, 'D2292', NULL, NULL, NULL, 'Corte', 'Programado', 'inicio', NULL, NULL),
(11646, 107, 'I3284', NULL, NULL, NULL, 'Corte', 'Programado', 'inicio', NULL, NULL),
(11647, 113, 'B5833', NULL, NULL, NULL, 'Corte', 'Programado', 'inicio', NULL, NULL),
(11648, 118, 'H3908', NULL, NULL, NULL, 'Corte', 'Programado', 'inicio', NULL, NULL),
(11649, 123, 'G0899', NULL, NULL, NULL, 'Corte', 'Programado', 'inicio', NULL, NULL),
(11650, 135, 'H3924', NULL, NULL, NULL, 'Corte', 'Programado', 'inicio', NULL, NULL),
(11651, 141, 'H3926', NULL, NULL, NULL, 'Corte', 'Programado', 'inicio', NULL, NULL),
(11652, 147, '68225', NULL, NULL, NULL, 'Corte', 'Programado', 'inicio', NULL, NULL),
(11653, 152, 'L1000V1', NULL, NULL, NULL, 'Corte', 'Programado', 'inicio', NULL, NULL),
(11654, 164, 'L1006', NULL, NULL, NULL, 'Corte', 'Programado', 'inicio', NULL, NULL),
(11655, 171, 'B5887', NULL, NULL, NULL, 'Corte', 'Programado', 'inicio', NULL, NULL),
(11656, 178, 'B5894', NULL, NULL, NULL, 'Corte', 'Programado', 'inicio', NULL, NULL),
(11657, 186, 'B5903', NULL, NULL, NULL, 'Corte', 'Programado', 'inicio', NULL, NULL),
(11658, 191, 'G0902', NULL, NULL, NULL, 'Corte', 'Programado', 'inicio', NULL, NULL),
(11659, 199, 'I3322', NULL, NULL, NULL, 'Corte', 'Programado', 'inicio', NULL, NULL),
(11660, 205, 'H3993', NULL, NULL, NULL, 'Corte', 'Programado', 'inicio', NULL, NULL),
(11661, 213, 'I3339', NULL, NULL, NULL, 'Corte', 'Programado', 'inicio', NULL, NULL),
(11662, 227, 'B5939', NULL, NULL, NULL, 'Corte', 'Programado', 'inicio', NULL, NULL),
(11663, 239, 'J1056', NULL, NULL, NULL, 'Corte', 'Programado', 'inicio', NULL, NULL),
(11664, 246, 'H4024', NULL, NULL, NULL, 'Corte', 'Programado', 'inicio', NULL, NULL),
(11665, 252, 'D2342', NULL, NULL, NULL, 'Corte', 'Programado', 'inicio', NULL, NULL),
(11666, 259, 'B5991', NULL, NULL, NULL, 'Corte', 'Programado', 'inicio', NULL, NULL),
(11667, 264, 'I3350', NULL, NULL, NULL, 'Corte', 'Programado', 'inicio', NULL, NULL),
(11668, 272, 'J1058', NULL, NULL, NULL, 'Corte', 'Programado', 'inicio', NULL, NULL),
(11669, 279, 'J1059', NULL, NULL, NULL, 'Corte', 'Programado', 'inicio', NULL, NULL),
(11670, 293, 'I3363', NULL, NULL, NULL, 'Corte', 'Programado', 'inicio', NULL, NULL),
(11671, 299, 'J1062', NULL, NULL, NULL, 'Corte', 'Programado', 'inicio', NULL, NULL),
(11672, 313, 'B6013', NULL, NULL, NULL, 'Corte', 'Programado', 'inicio', NULL, NULL),
(11673, 321, 'H4070', NULL, NULL, NULL, 'Corte', 'Programado', 'inicio', NULL, NULL),
(11674, 328, 'J1066', NULL, NULL, NULL, 'Corte', 'Programado', 'inicio', NULL, NULL),
(11675, 343, 'H4073', NULL, NULL, NULL, 'Corte', 'Programado', 'inicio', NULL, NULL),
(11676, 350, 'H4074V1', NULL, NULL, NULL, 'Corte', 'Programado', 'inicio', NULL, NULL),
(11677, 362, 'G0904', NULL, NULL, NULL, 'Corte', 'Programado', 'inicio', NULL, NULL),
(11678, 369, 'J1068', NULL, NULL, NULL, 'Corte', 'Programado', 'inicio', NULL, NULL),
(11679, 375, 'J1069', NULL, NULL, NULL, 'Corte', 'Programado', 'inicio', NULL, NULL),
(11680, 392, 'I3372', NULL, NULL, NULL, 'Corte', 'Programado', 'inicio', NULL, NULL),
(11681, 398, 'B6040', NULL, NULL, NULL, 'Corte', 'Programado', 'inicio', NULL, NULL),
(11682, 404, 'H4100', NULL, NULL, NULL, 'Corte', 'Programado', 'inicio', NULL, NULL),
(11683, 412, 'D2366', NULL, NULL, NULL, 'Corte', 'Programado', 'inicio', NULL, NULL),
(11684, 419, 'F1612', NULL, NULL, NULL, 'Corte', 'Programado', 'inicio', NULL, NULL),
(11685, 426, 'J1070', NULL, NULL, NULL, 'Corte', 'Programado', 'inicio', NULL, NULL),
(11686, 434, 'H4109', NULL, NULL, NULL, 'Corte', 'Programado', 'inicio', NULL, NULL),
(11687, 441, 'I3380', NULL, NULL, NULL, 'Corte', 'Programado', 'inicio', NULL, NULL),
(11688, 450, 'H4119', NULL, NULL, NULL, 'Corte', 'Programado', 'inicio', NULL, NULL),
(11689, 458, 'I3386', NULL, NULL, NULL, 'Corte', 'Programado', 'inicio', NULL, NULL),
(11690, 462, 'L1032', NULL, NULL, NULL, 'Corte', 'Programado', 'inicio', NULL, NULL),
(11691, 468, 'G0904E1', NULL, NULL, NULL, 'Corte', 'Programado', 'inicio', NULL, NULL),
(11692, 475, 'H4131', NULL, NULL, NULL, 'Corte', 'Programado', 'inicio', NULL, NULL),
(11693, 485, 'I3392', NULL, NULL, NULL, 'Corte', 'Programado', 'inicio', NULL, NULL),
(11694, 491, 'B6064', NULL, NULL, NULL, 'Corte', 'Programado', 'inicio', NULL, NULL),
(11695, 506, 'B6065', NULL, NULL, NULL, 'Corte', 'Programado', 'inicio', NULL, NULL),
(11696, 514, 'H4140', NULL, NULL, NULL, 'Corte', 'Programado', 'inicio', NULL, NULL),
(11697, 521, 'L1000V1E1', NULL, NULL, NULL, 'Corte', 'Programado', 'inicio', NULL, NULL),
(11698, 529, 'I3401', NULL, NULL, NULL, 'Corte', 'Programado', 'inicio', NULL, NULL),
(11699, 534, 'F1627', NULL, NULL, NULL, 'Corte', 'Programado', 'inicio', NULL, NULL),
(11700, 540, 'B6079', NULL, NULL, NULL, 'Corte', 'Programado', 'inicio', NULL, NULL),
(11701, 546, 'B6082', NULL, NULL, NULL, 'Corte', 'Programado', 'inicio', NULL, NULL),
(11702, 551, 'H4160', NULL, NULL, NULL, 'Corte', 'Programado', 'inicio', NULL, NULL),
(11703, 557, 'G0913', NULL, NULL, NULL, 'Corte', 'Programado', 'inicio', NULL, NULL),
(11704, 562, '68280', NULL, NULL, NULL, 'Corte', 'Programado', 'inicio', NULL, NULL),
(11705, 566, 'I3405', NULL, NULL, NULL, 'Corte', 'Programado', 'inicio', NULL, NULL),
(11706, 581, 'G0860E1', NULL, NULL, NULL, 'Corte', 'Programado', 'inicio', NULL, NULL),
(11707, 596, 'B6091', NULL, NULL, NULL, 'Corte', 'Programado', 'inicio', NULL, NULL),
(11708, 602, 'H4167', NULL, NULL, NULL, 'Corte', 'Programado', 'inicio', NULL, NULL),
(11709, 609, 'H4174', NULL, NULL, NULL, 'Corte', 'Programado', 'inicio', NULL, NULL),
(11710, 618, 'I3412', NULL, NULL, NULL, 'Corte', 'Programado', 'inicio', NULL, NULL),
(11711, 630, 'F1641', NULL, NULL, NULL, 'Corte', 'Programado', 'inicio', NULL, NULL),
(11712, 645, 'B6102', NULL, NULL, NULL, 'Corte', 'Programado', 'inicio', NULL, NULL),
(11713, 652, 'I3415', NULL, NULL, NULL, 'Corte', 'Programado', 'inicio', NULL, NULL),
(11714, 699, 'B6113', NULL, NULL, NULL, 'Corte', 'Programado', 'inicio', NULL, NULL),
(11715, 711, 'I3417', NULL, NULL, NULL, 'Corte', 'Programado', 'inicio', NULL, NULL),
(11716, 722, 'B6119', NULL, NULL, NULL, 'Corte', 'Programado', 'inicio', NULL, NULL),
(11717, 739, 'J1083', NULL, NULL, NULL, 'Corte', 'Programado', 'inicio', NULL, NULL),
(11718, 3, '68071', NULL, NULL, NULL, 'Serigrafia', 'Programado', 'inicio', NULL, NULL),
(11719, 9, 'I3010', NULL, NULL, NULL, 'Serigrafia', 'Programado', 'inicio', NULL, NULL),
(11720, 15, 'I3015', NULL, NULL, NULL, 'Serigrafia', 'Programado', 'inicio', NULL, NULL),
(11721, 22, 'G0804', NULL, NULL, NULL, 'Serigrafia', 'Programado', 'inicio', NULL, NULL),
(11722, 27, '68118', NULL, NULL, NULL, 'Serigrafia', 'Programado', 'inicio', NULL, NULL),
(11723, 31, 'I3114V1', NULL, NULL, NULL, 'Serigrafia', 'Programado', 'inicio', NULL, NULL),
(11724, 37, 'H3685', NULL, NULL, NULL, 'Serigrafia', 'Programado', 'inicio', NULL, NULL),
(11725, 51, 'H3720', NULL, NULL, NULL, 'Serigrafia', 'Programado', 'inicio', NULL, NULL),
(11726, 71, 'I3233', NULL, NULL, NULL, 'Serigrafia', 'Programado', 'inicio', NULL, NULL),
(11727, 77, 'B5777', NULL, NULL, NULL, 'Serigrafia', 'Programado', 'inicio', NULL, NULL),
(11728, 83, 'G0889V2', NULL, NULL, NULL, 'Serigrafia', 'Programado', 'inicio', NULL, NULL),
(11729, 90, 'H3831', NULL, NULL, NULL, 'Serigrafia', 'Programado', 'inicio', NULL, NULL),
(11730, 95, 'I3258', NULL, NULL, NULL, 'Serigrafia', 'Programado', 'inicio', NULL, NULL),
(11731, 101, 'D2292', NULL, NULL, NULL, 'Serigrafia', 'Programado', 'inicio', NULL, NULL),
(11732, 107, 'I3284', NULL, NULL, NULL, 'Serigrafia', 'Programado', 'inicio', NULL, NULL),
(11733, 113, 'B5833', NULL, NULL, NULL, 'Serigrafia', 'Programado', 'inicio', NULL, NULL),
(11734, 118, 'H3908', NULL, NULL, NULL, 'Serigrafia', 'Programado', 'inicio', NULL, NULL),
(11735, 123, 'G0899', NULL, NULL, NULL, 'Serigrafia', 'Programado', 'inicio', NULL, NULL),
(11736, 135, 'H3924', NULL, NULL, NULL, 'Serigrafia', 'Programado', 'inicio', NULL, NULL),
(11737, 141, 'H3926', NULL, NULL, NULL, 'Serigrafia', 'Programado', 'inicio', NULL, NULL),
(11738, 147, '68225', NULL, NULL, NULL, 'Serigrafia', 'Programado', 'inicio', NULL, NULL),
(11739, 152, 'L1000V1', NULL, NULL, NULL, 'Serigrafia', 'Programado', 'inicio', NULL, NULL),
(11740, 164, 'L1006', NULL, NULL, NULL, 'Serigrafia', 'Programado', 'inicio', NULL, NULL),
(11741, 171, 'B5887', NULL, NULL, NULL, 'Serigrafia', 'Programado', 'inicio', NULL, NULL),
(11742, 178, 'B5894', NULL, NULL, NULL, 'Serigrafia', 'Programado', 'inicio', NULL, NULL),
(11743, 186, 'B5903', NULL, NULL, NULL, 'Serigrafia', 'Programado', 'inicio', NULL, NULL),
(11744, 191, 'G0902', NULL, NULL, NULL, 'Serigrafia', 'Programado', 'inicio', NULL, NULL),
(11745, 199, 'I3322', NULL, NULL, NULL, 'Serigrafia', 'Programado', 'inicio', NULL, NULL),
(11746, 205, 'H3993', NULL, NULL, NULL, 'Serigrafia', 'Programado', 'inicio', NULL, NULL),
(11747, 213, 'I3339', NULL, NULL, NULL, 'Serigrafia', 'Programado', 'inicio', NULL, NULL),
(11748, 227, 'B5939', NULL, NULL, NULL, 'Serigrafia', 'Programado', 'inicio', NULL, NULL),
(11749, 239, 'J1056', NULL, NULL, NULL, 'Serigrafia', 'Programado', 'inicio', NULL, NULL),
(11750, 246, 'H4024', NULL, NULL, NULL, 'Serigrafia', 'Programado', 'inicio', NULL, NULL),
(11751, 252, 'D2342', NULL, NULL, NULL, 'Serigrafia', 'Programado', 'inicio', NULL, NULL),
(11752, 259, 'B5991', NULL, NULL, NULL, 'Serigrafia', 'Programado', 'inicio', NULL, NULL),
(11753, 264, 'I3350', NULL, NULL, NULL, 'Serigrafia', 'Programado', 'inicio', NULL, NULL),
(11754, 272, 'J1058', NULL, NULL, NULL, 'Serigrafia', 'Programado', 'inicio', NULL, NULL),
(11755, 279, 'J1059', NULL, NULL, NULL, 'Serigrafia', 'Programado', 'inicio', NULL, NULL),
(11756, 293, 'I3363', NULL, NULL, NULL, 'Serigrafia', 'Programado', 'inicio', NULL, NULL),
(11757, 299, 'J1062', NULL, NULL, NULL, 'Serigrafia', 'Programado', 'inicio', NULL, NULL),
(11758, 313, 'B6013', NULL, NULL, NULL, 'Serigrafia', 'Programado', 'inicio', NULL, NULL),
(11759, 321, 'H4070', NULL, NULL, NULL, 'Serigrafia', 'Programado', 'inicio', NULL, NULL),
(11760, 328, 'J1066', NULL, NULL, NULL, 'Serigrafia', 'Programado', 'inicio', NULL, NULL),
(11761, 343, 'H4073', NULL, NULL, NULL, 'Serigrafia', 'Programado', 'inicio', NULL, NULL),
(11762, 362, 'G0904', NULL, NULL, NULL, 'Serigrafia', 'Programado', 'inicio', NULL, NULL),
(11763, 369, 'J1068', NULL, NULL, NULL, 'Serigrafia', 'Programado', 'inicio', NULL, NULL),
(11764, 375, 'J1069', NULL, NULL, NULL, 'Serigrafia', 'Programado', 'inicio', NULL, NULL),
(11765, 392, 'I3372', NULL, NULL, NULL, 'Serigrafia', 'Programado', 'inicio', NULL, NULL),
(11766, 398, 'B6040', NULL, NULL, NULL, 'Serigrafia', 'Programado', 'inicio', NULL, NULL),
(11767, 404, 'H4100', NULL, NULL, NULL, 'Serigrafia', 'Programado', 'inicio', NULL, NULL),
(11768, 412, 'D2366', NULL, NULL, NULL, 'Serigrafia', 'Programado', 'inicio', NULL, NULL),
(11769, 419, 'F1612', NULL, NULL, NULL, 'Serigrafia', 'Programado', 'inicio', NULL, NULL),
(11770, 426, 'J1070', NULL, NULL, NULL, 'Serigrafia', 'Programado', 'inicio', NULL, NULL),
(11771, 434, 'H4109', NULL, NULL, NULL, 'Serigrafia', 'Programado', 'inicio', NULL, NULL),
(11772, 441, 'I3380', NULL, NULL, NULL, 'Serigrafia', 'Programado', 'inicio', NULL, NULL),
(11773, 450, 'H4119', NULL, NULL, NULL, 'Serigrafia', 'Programado', 'inicio', NULL, NULL),
(11774, 458, 'I3386', NULL, NULL, NULL, 'Serigrafia', 'Programado', 'inicio', NULL, NULL),
(11775, 462, 'L1032', NULL, NULL, NULL, 'Serigrafia', 'Programado', 'inicio', NULL, NULL),
(11776, 468, 'G0904E1', NULL, NULL, NULL, 'Serigrafia', 'Programado', 'inicio', NULL, NULL),
(11777, 475, 'H4131', NULL, NULL, NULL, 'Serigrafia', 'Programado', 'inicio', NULL, NULL),
(11778, 485, 'I3392', NULL, NULL, NULL, 'Serigrafia', 'Programado', 'inicio', NULL, NULL),
(11779, 491, 'B6064', NULL, NULL, NULL, 'Serigrafia', 'Programado', 'inicio', NULL, NULL),
(11780, 506, 'B6065', NULL, NULL, NULL, 'Serigrafia', 'Programado', 'inicio', NULL, NULL);
INSERT INTO `procesos` (`id_proceso`, `id_orden`, `numodt`, `fecha_inicio`, `fecha_fin`, `proceso`, `nombre_proceso`, `estatus`, `avance`, `tiempo_pausa`, `fecha_pausa`) VALUES
(11781, 514, 'H4140', NULL, NULL, NULL, 'Serigrafia', 'Programado', 'inicio', NULL, NULL),
(11782, 521, 'L1000V1E1', NULL, NULL, NULL, 'Serigrafia', 'Programado', 'inicio', NULL, NULL),
(11783, 529, 'I3401', NULL, NULL, NULL, 'Serigrafia', 'Programado', 'inicio', NULL, NULL),
(11784, 534, 'F1627', NULL, NULL, NULL, 'Serigrafia', 'Programado', 'inicio', NULL, NULL),
(11785, 540, 'B6079', NULL, NULL, NULL, 'Serigrafia', 'Programado', 'inicio', NULL, NULL),
(11786, 546, 'B6082', NULL, NULL, NULL, 'Serigrafia', 'Programado', 'inicio', NULL, NULL),
(11787, 557, 'G0913', NULL, NULL, NULL, 'Serigrafia', 'Programado', 'inicio', NULL, NULL),
(11788, 562, '68280', NULL, NULL, NULL, 'Serigrafia', 'Programado', 'inicio', NULL, NULL),
(11789, 566, 'I3405', NULL, NULL, NULL, 'Serigrafia', 'Programado', 'inicio', NULL, NULL),
(11790, 581, 'G0860E1', NULL, NULL, NULL, 'Serigrafia', 'Programado', 'inicio', NULL, NULL),
(11791, 596, 'B6091', NULL, NULL, NULL, 'Serigrafia', 'Programado', 'inicio', NULL, NULL),
(11792, 602, 'H4167', NULL, NULL, NULL, 'Serigrafia', 'Programado', 'inicio', NULL, NULL),
(11793, 609, 'H4174', NULL, NULL, NULL, 'Serigrafia', 'Programado', 'inicio', NULL, NULL),
(11794, 618, 'I3412', NULL, NULL, NULL, 'Serigrafia', 'Programado', 'inicio', NULL, NULL),
(11795, 645, 'B6102', NULL, NULL, NULL, 'Serigrafia', 'Programado', 'inicio', NULL, NULL),
(11796, 652, 'I3415', NULL, NULL, NULL, 'Serigrafia', 'Programado', 'inicio', NULL, NULL),
(11797, 699, 'B6113', NULL, NULL, NULL, 'Serigrafia', 'Programado', 'inicio', NULL, NULL),
(11798, 711, 'I3417', NULL, NULL, NULL, 'Serigrafia', 'Programado', 'inicio', NULL, NULL),
(11799, 722, 'B6119', NULL, NULL, NULL, 'Serigrafia', 'Programado', 'inicio', NULL, NULL),
(11800, 739, 'J1083', NULL, NULL, NULL, 'Serigrafia', 'Programado', 'inicio', NULL, NULL),
(11801, 136, 'H3924', NULL, NULL, NULL, 'Corte', 'Programado', 'inicio', NULL, NULL),
(11802, 247, 'H4024', NULL, NULL, NULL, 'Corte', 'Programado', 'inicio', NULL, NULL),
(11803, 344, 'H4073', NULL, NULL, NULL, 'Corte', 'Programado', 'inicio', NULL, NULL),
(11804, 413, 'D2366', NULL, NULL, NULL, 'Corte', 'Programado', 'inicio', NULL, NULL),
(11805, 603, 'H4167', NULL, NULL, NULL, 'Corte', 'Programado', 'inicio', NULL, NULL),
(11806, 730, 'B6123', NULL, NULL, NULL, 'Corte', 'Programado', 'inicio', NULL, NULL),
(11807, 413, 'D2366', NULL, NULL, NULL, 'HotStamping', 'Programado', 'inicio', NULL, NULL),
(11808, 413, 'D2366', NULL, NULL, NULL, 'Digital', 'Programado', 'inicio', NULL, NULL),
(11809, 136, 'H3924', NULL, NULL, NULL, 'Acabado', 'Programado', 'inicio', NULL, NULL),
(11810, 344, 'H4073', NULL, NULL, NULL, 'Encuadernacion', 'Programado', 'inicio', NULL, NULL),
(11811, 413, 'D2366', NULL, NULL, NULL, 'Encuadernacion', 'Programado', 'inicio', NULL, NULL),
(11812, 603, 'H4167', NULL, NULL, NULL, 'Encuadernacion', 'Programado', 'inicio', NULL, NULL),
(11813, 730, 'B6123', NULL, NULL, NULL, 'Acabado', 'Programado', 'inicio', NULL, NULL),
(11814, 480, 'D2372', NULL, NULL, NULL, 'Corte', 'Programado', 'inicio', NULL, NULL),
(11815, 692, 'B6109', NULL, NULL, NULL, 'Corte', 'Programado', 'inicio', NULL, NULL),
(11816, 480, 'D2372', NULL, NULL, NULL, 'Suaje', 'Programado', 'inicio', NULL, NULL),
(11817, 692, 'B6109', NULL, NULL, NULL, 'Suaje', 'Programado', 'inicio', NULL, NULL),
(11818, 480, 'D2372', NULL, NULL, NULL, 'Serigrafia', 'Programado', 'inicio', NULL, NULL),
(11819, 692, 'B6109', NULL, NULL, NULL, 'Serigrafia', 'Programado', 'inicio', NULL, NULL),
(11820, 480, 'D2372', NULL, NULL, NULL, 'Serigrafia', 'Programado', 'inicio', NULL, NULL),
(11821, 335, 'B6022', NULL, NULL, NULL, 'Corte', 'Programado', 'inicio', NULL, NULL),
(11822, 612, 'H4175', NULL, NULL, NULL, 'Corte', 'Programado', 'inicio', NULL, NULL),
(11823, 690, 'B6108', NULL, NULL, NULL, 'Corte', 'Programado', 'inicio', NULL, NULL),
(11824, 694, 'G0924', NULL, NULL, NULL, 'Corte', 'Programado', 'inicio', NULL, NULL),
(11825, 690, 'B6108', NULL, NULL, NULL, 'Digital', 'Programado', 'inicio', NULL, NULL),
(11826, 335, 'B6022', NULL, NULL, NULL, 'Serigrafia', 'Programado', 'inicio', NULL, NULL),
(11827, 612, 'H4175', NULL, NULL, NULL, 'Serigrafia', 'Programado', 'inicio', NULL, NULL),
(11828, 694, 'G0924', NULL, NULL, NULL, 'Serigrafia', 'Programado', 'inicio', NULL, NULL),
(11829, NULL, 'B5719', NULL, NULL, NULL, 'Corte', 'Programado', 'inicio', NULL, NULL),
(11830, 58, 'B5720', NULL, NULL, NULL, 'Corte', 'Programado', 'inicio', NULL, NULL),
(11831, 217, '68247', NULL, NULL, NULL, 'Corte', 'Programado', 'inicio', NULL, NULL),
(11832, 231, 'H4016', NULL, NULL, NULL, 'Corte', 'Programado', 'inicio', NULL, NULL),
(11833, NULL, '68279', NULL, NULL, NULL, 'Corte', 'Programado', 'inicio', NULL, NULL),
(11834, NULL, 'I3406', NULL, NULL, NULL, 'Corte', 'Programado', 'inicio', NULL, NULL),
(11835, NULL, 'D2383', NULL, NULL, NULL, 'Corte', 'Programado', 'inicio', NULL, NULL),
(11836, 640, 'H4178', NULL, NULL, NULL, 'Corte', 'Programado', 'inicio', NULL, NULL),
(11837, 658, 'H4182', NULL, NULL, NULL, 'Corte', 'Programado', 'inicio', NULL, NULL),
(11838, NULL, 'H4189', NULL, NULL, NULL, 'Corte', 'Programado', 'inicio', NULL, NULL),
(11839, 683, 'H4191', NULL, NULL, NULL, 'Corte', 'Programado', 'inicio', NULL, NULL),
(11840, NULL, 'H4222', NULL, NULL, NULL, 'Corte', 'Programado', 'inicio', NULL, NULL),
(11841, NULL, 'G0927', NULL, NULL, NULL, 'Corte', 'Programado', 'inicio', NULL, NULL),
(11842, NULL, 'H4222', NULL, NULL, NULL, 'Diseño', 'Programado', 'inicio', NULL, NULL),
(11843, NULL, 'G0927', NULL, NULL, NULL, 'Diseño', 'Programado', 'inicio', NULL, NULL),
(11844, NULL, 'B5719', NULL, NULL, NULL, 'Digital', 'Programado', 'inicio', NULL, NULL),
(11845, 58, 'B5720', NULL, NULL, NULL, 'Digital', 'Programado', 'inicio', NULL, NULL),
(11846, 217, '68247', NULL, NULL, NULL, 'Digital', 'Programado', 'inicio', NULL, NULL),
(11847, 231, 'H4016', NULL, NULL, NULL, 'Digital', 'Programado', 'inicio', NULL, NULL),
(11848, NULL, '68279', NULL, NULL, NULL, 'Digital', 'Programado', 'inicio', NULL, NULL),
(11849, NULL, 'I3406', NULL, NULL, NULL, 'Digital', 'Programado', 'inicio', NULL, NULL),
(11850, 640, 'H4178', NULL, NULL, NULL, 'Digital', 'Programado', 'inicio', NULL, NULL),
(11851, 658, 'H4182', NULL, NULL, NULL, 'Digital', 'Programado', 'inicio', NULL, NULL),
(11852, NULL, 'H4189', NULL, NULL, NULL, 'Digital', 'Programado', 'inicio', NULL, NULL),
(11853, 683, 'H4191', NULL, NULL, NULL, 'Digital', 'Programado', 'inicio', NULL, NULL),
(11854, NULL, 'D2383', NULL, NULL, NULL, 'Serigrafia', 'Programado', 'inicio', NULL, NULL),
(11855, NULL, 'G0927', NULL, NULL, NULL, 'Serigrafia', 'Programado', 'inicio', NULL, NULL),
(11856, 750, 'H4222', NULL, NULL, NULL, 'Laser', 'Programado', 'inicio', NULL, NULL),
(11857, 220, '68247', NULL, NULL, NULL, 'Acabado', 'Programado', 'inicio', NULL, NULL),
(11858, 389, 'B6036', NULL, NULL, NULL, 'Digital', 'Programado', 'inicio', NULL, NULL),
(11859, 552, 'G0910', NULL, NULL, NULL, 'Digital', 'Programado', 'inicio', NULL, NULL),
(11860, 10, 'I3010', NULL, NULL, NULL, 'Corte', 'Programado', 'inicio', NULL, NULL),
(11861, 16, 'I3015', NULL, NULL, NULL, 'Corte', 'Programado', 'inicio', NULL, NULL),
(11862, 23, 'G0804', NULL, NULL, NULL, 'Corte', 'Programado', 'inicio', NULL, NULL),
(11863, 32, 'I3114V1', NULL, NULL, NULL, 'Corte', 'Programado', 'inicio', NULL, NULL),
(11864, 38, 'H3685', NULL, NULL, NULL, 'Corte', 'Programado', 'inicio', NULL, NULL),
(11865, 52, 'H3720', NULL, NULL, NULL, 'Corte', 'Programado', 'inicio', NULL, NULL),
(11866, 72, 'I3233', NULL, NULL, NULL, 'Corte', 'Programado', 'inicio', NULL, NULL),
(11867, 78, 'B5777', NULL, NULL, NULL, 'Corte', 'Programado', 'inicio', NULL, NULL),
(11868, 84, 'G0889V2', NULL, NULL, NULL, 'Corte', 'Programado', 'inicio', NULL, NULL),
(11869, 91, 'H3831', NULL, NULL, NULL, 'Corte', 'Programado', 'inicio', NULL, NULL),
(11870, 96, 'I3258', NULL, NULL, NULL, 'Corte', 'Programado', 'inicio', NULL, NULL),
(11871, 102, 'D2292', NULL, NULL, NULL, 'Corte', 'Programado', 'inicio', NULL, NULL),
(11872, 108, 'I3284', NULL, NULL, NULL, 'Corte', 'Programado', 'inicio', NULL, NULL),
(11873, 114, 'B5833', NULL, NULL, NULL, 'Corte', 'Programado', 'inicio', NULL, NULL),
(11874, 124, 'G0899', NULL, NULL, NULL, 'Corte', 'Programado', 'inicio', NULL, NULL),
(11875, 137, 'H3924', NULL, NULL, NULL, 'Corte', 'Programado', 'inicio', NULL, NULL),
(11876, 142, 'H3926', NULL, NULL, NULL, 'Corte', 'Programado', 'inicio', NULL, NULL),
(11877, 153, 'L1000V1', NULL, NULL, NULL, 'Corte', 'Programado', 'inicio', NULL, NULL),
(11878, 165, 'L1006', NULL, NULL, NULL, 'Corte', 'Programado', 'inicio', NULL, NULL),
(11879, 172, 'B5887', NULL, NULL, NULL, 'Corte', 'Programado', 'inicio', NULL, NULL),
(11880, 179, 'B5894', NULL, NULL, NULL, 'Corte', 'Programado', 'inicio', NULL, NULL),
(11881, 187, 'B5903', NULL, NULL, NULL, 'Corte', 'Programado', 'inicio', NULL, NULL),
(11882, 192, 'G0902', NULL, NULL, NULL, 'Corte', 'Programado', 'inicio', NULL, NULL),
(11883, 200, 'I3322', NULL, NULL, NULL, 'Corte', 'Programado', 'inicio', NULL, NULL),
(11884, 206, 'H3993', NULL, NULL, NULL, 'Corte', 'Programado', 'inicio', NULL, NULL),
(11885, 240, 'J1056', NULL, NULL, NULL, 'Corte', 'Programado', 'inicio', NULL, NULL),
(11886, 253, 'D2342', NULL, NULL, NULL, 'Corte', 'Programado', 'inicio', NULL, NULL),
(11887, 261, 'B5991', NULL, NULL, NULL, 'Corte', 'Programado', 'inicio', NULL, NULL),
(11888, 273, 'J1058', NULL, NULL, NULL, 'Corte', 'Programado', 'inicio', NULL, NULL),
(11889, 280, 'J1059', NULL, NULL, NULL, 'Corte', 'Programado', 'inicio', NULL, NULL),
(11890, 300, 'J1062', NULL, NULL, NULL, 'Corte', 'Programado', 'inicio', NULL, NULL),
(11891, 329, 'J1066', NULL, NULL, NULL, 'Corte', 'Programado', 'inicio', NULL, NULL),
(11892, 345, 'H4073', NULL, NULL, NULL, 'Corte', 'Programado', 'inicio', NULL, NULL),
(11893, 351, 'H4074V1', NULL, NULL, NULL, 'Corte', 'Programado', 'inicio', NULL, NULL),
(11894, 363, 'G0904', NULL, NULL, NULL, 'Corte', 'Programado', 'inicio', NULL, NULL),
(11895, 370, 'J1068', NULL, NULL, NULL, 'Corte', 'Programado', 'inicio', NULL, NULL),
(11896, 376, 'J1069', NULL, NULL, NULL, 'Corte', 'Programado', 'inicio', NULL, NULL),
(11897, 385, 'I3371', NULL, NULL, NULL, 'Corte', 'Programado', 'inicio', NULL, NULL),
(11898, 393, 'I3372', NULL, NULL, NULL, 'Corte', 'Programado', 'inicio', NULL, NULL),
(11899, 399, 'B6040', NULL, NULL, NULL, 'Corte', 'Programado', 'inicio', NULL, NULL),
(11900, 405, 'H4100', NULL, NULL, NULL, 'Corte', 'Programado', 'inicio', NULL, NULL),
(11901, 414, 'D2366', NULL, NULL, NULL, 'Corte', 'Programado', 'inicio', NULL, NULL),
(11902, 420, 'F1612', NULL, NULL, NULL, 'Corte', 'Programado', 'inicio', NULL, NULL),
(11903, 427, 'J1070', NULL, NULL, NULL, 'Corte', 'Programado', 'inicio', NULL, NULL),
(11904, 435, 'H4109', NULL, NULL, NULL, 'Corte', 'Programado', 'inicio', NULL, NULL),
(11905, 442, 'I3380', NULL, NULL, NULL, 'Corte', 'Programado', 'inicio', NULL, NULL),
(11906, 451, 'H4119', NULL, NULL, NULL, 'Corte', 'Programado', 'inicio', NULL, NULL),
(11907, 463, 'L1032', NULL, NULL, NULL, 'Corte', 'Programado', 'inicio', NULL, NULL),
(11908, 469, 'G0904E1', NULL, NULL, NULL, 'Corte', 'Programado', 'inicio', NULL, NULL),
(11909, 476, 'H4131', NULL, NULL, NULL, 'Corte', 'Programado', 'inicio', NULL, NULL),
(11910, 492, 'B6064', NULL, NULL, NULL, 'Corte', 'Programado', 'inicio', NULL, NULL),
(11911, 507, 'B6065', NULL, NULL, NULL, 'Corte', 'Programado', 'inicio', NULL, NULL),
(11912, 522, 'L1000V1E1', NULL, NULL, NULL, 'Corte', 'Programado', 'inicio', NULL, NULL),
(11913, 535, 'F1627', NULL, NULL, NULL, 'Corte', 'Programado', 'inicio', NULL, NULL),
(11914, 541, 'B6079', NULL, NULL, NULL, 'Corte', 'Programado', 'inicio', NULL, NULL),
(11915, 547, 'B6082', NULL, NULL, NULL, 'Corte', 'Programado', 'inicio', NULL, NULL),
(11916, 558, 'G0913', NULL, NULL, NULL, 'Corte', 'Programado', 'inicio', NULL, NULL),
(11917, 567, 'I3405', NULL, NULL, NULL, 'Corte', 'Programado', 'inicio', NULL, NULL),
(11918, 597, 'B6091', NULL, NULL, NULL, 'Corte', 'Programado', 'inicio', NULL, NULL),
(11919, 604, 'H4167', NULL, NULL, NULL, 'Corte', 'Programado', 'inicio', NULL, NULL),
(11920, 619, 'I3412', NULL, NULL, NULL, 'Corte', 'Programado', 'inicio', NULL, NULL),
(11921, 653, 'I3415', NULL, NULL, NULL, 'Corte', 'Programado', 'inicio', NULL, NULL),
(11922, 700, 'B6113', NULL, NULL, NULL, 'Corte', 'Programado', 'inicio', NULL, NULL),
(11923, 723, 'B6119', NULL, NULL, NULL, 'Corte', 'Programado', 'inicio', NULL, NULL),
(11924, 740, 'J1083', NULL, NULL, NULL, 'Corte', 'Programado', 'inicio', NULL, NULL),
(11925, 119, 'H3908', NULL, NULL, NULL, 'Corte', 'Programado', 'inicio', NULL, NULL),
(11926, 228, 'B5939', NULL, NULL, NULL, 'Corte', 'Programado', 'inicio', NULL, NULL),
(11927, 314, 'B6013', NULL, NULL, NULL, 'Corte', 'Programado', 'inicio', NULL, NULL),
(11928, 582, 'G0860E1', NULL, NULL, NULL, 'Corte', 'Programado', 'inicio', NULL, NULL),
(11929, 10, 'I3010', NULL, NULL, NULL, 'Serigrafia', 'Programado', 'inicio', NULL, NULL),
(11930, 16, 'I3015', NULL, NULL, NULL, 'Serigrafia', 'Programado', 'inicio', NULL, NULL),
(11931, 23, 'G0804', NULL, NULL, NULL, 'Serigrafia', 'Programado', 'inicio', NULL, NULL),
(11932, 32, 'I3114V1', NULL, NULL, NULL, 'Serigrafia', 'Programado', 'inicio', NULL, NULL),
(11933, 38, 'H3685', NULL, NULL, NULL, 'Serigrafia', 'Programado', 'inicio', NULL, NULL),
(11934, 52, 'H3720', NULL, NULL, NULL, 'Serigrafia', 'Programado', 'inicio', NULL, NULL),
(11935, 78, 'B5777', NULL, NULL, NULL, 'Serigrafia', 'Programado', 'inicio', NULL, NULL),
(11936, 84, 'G0889V2', NULL, NULL, NULL, 'Serigrafia', 'Programado', 'inicio', NULL, NULL),
(11937, 91, 'H3831', NULL, NULL, NULL, 'Serigrafia', 'Programado', 'inicio', NULL, NULL),
(11938, 96, 'I3258', NULL, NULL, NULL, 'Serigrafia', 'Programado', 'inicio', NULL, NULL),
(11939, 102, 'D2292', NULL, NULL, NULL, 'Serigrafia', 'Programado', 'inicio', NULL, NULL),
(11940, 108, 'I3284', NULL, NULL, NULL, 'Serigrafia', 'Programado', 'inicio', NULL, NULL),
(11941, 114, 'B5833', NULL, NULL, NULL, 'Serigrafia', 'Programado', 'inicio', NULL, NULL),
(11942, 124, 'G0899', NULL, NULL, NULL, 'Serigrafia', 'Programado', 'inicio', NULL, NULL),
(11943, 137, 'H3924', NULL, NULL, NULL, 'Serigrafia', 'Programado', 'inicio', NULL, NULL),
(11944, 142, 'H3926', NULL, NULL, NULL, 'Serigrafia', 'Programado', 'inicio', NULL, NULL),
(11945, 153, 'L1000V1', NULL, NULL, NULL, 'Serigrafia', 'Programado', 'inicio', NULL, NULL),
(11946, 165, 'L1006', NULL, NULL, NULL, 'Serigrafia', 'Programado', 'inicio', NULL, NULL),
(11947, 172, 'B5887', NULL, NULL, NULL, 'Serigrafia', 'Programado', 'inicio', NULL, NULL),
(11948, 179, 'B5894', NULL, NULL, NULL, 'Serigrafia', 'Programado', 'inicio', NULL, NULL),
(11949, 187, 'B5903', NULL, NULL, NULL, 'Serigrafia', 'Programado', 'inicio', NULL, NULL),
(11950, 192, 'G0902', NULL, NULL, NULL, 'Serigrafia', 'Programado', 'inicio', NULL, NULL),
(11951, 200, 'I3322', NULL, NULL, NULL, 'Serigrafia', 'Programado', 'inicio', NULL, NULL),
(11952, 206, 'H3993', NULL, NULL, NULL, 'Serigrafia', 'Programado', 'inicio', NULL, NULL),
(11953, 240, 'J1056', NULL, NULL, NULL, 'Serigrafia', 'Programado', 'inicio', NULL, NULL),
(11954, 253, 'D2342', NULL, NULL, NULL, 'Serigrafia', 'Programado', 'inicio', NULL, NULL),
(11955, 261, 'B5991', NULL, NULL, NULL, 'Serigrafia', 'Programado', 'inicio', NULL, NULL),
(11956, 273, 'J1058', NULL, NULL, NULL, 'Serigrafia', 'Programado', 'inicio', NULL, NULL),
(11957, 280, 'J1059', NULL, NULL, NULL, 'Serigrafia', 'Programado', 'inicio', NULL, NULL),
(11958, 300, 'J1062', NULL, NULL, NULL, 'Serigrafia', 'Programado', 'inicio', NULL, NULL),
(11959, 329, 'J1066', NULL, NULL, NULL, 'Serigrafia', 'Programado', 'inicio', NULL, NULL),
(11960, 345, 'H4073', NULL, NULL, NULL, 'Serigrafia', 'Programado', 'inicio', NULL, NULL),
(11961, 363, 'G0904', NULL, NULL, NULL, 'Serigrafia', 'Programado', 'inicio', NULL, NULL),
(11962, 370, 'J1068', NULL, NULL, NULL, 'Serigrafia', 'Programado', 'inicio', NULL, NULL),
(11963, 376, 'J1069', NULL, NULL, NULL, 'Serigrafia', 'Programado', 'inicio', NULL, NULL),
(11964, 385, 'I3371', NULL, NULL, NULL, 'Serigrafia', 'Programado', 'inicio', NULL, NULL),
(11965, 393, 'I3372', NULL, NULL, NULL, 'Serigrafia', 'Programado', 'inicio', NULL, NULL),
(11966, 399, 'B6040', NULL, NULL, NULL, 'Serigrafia', 'Programado', 'inicio', NULL, NULL),
(11967, 405, 'H4100', NULL, NULL, NULL, 'Serigrafia', 'Programado', 'inicio', NULL, NULL),
(11968, 414, 'D2366', NULL, NULL, NULL, 'Serigrafia', 'Programado', 'inicio', NULL, NULL),
(11969, 420, 'F1612', NULL, NULL, NULL, 'Serigrafia', 'Programado', 'inicio', NULL, NULL),
(11970, 427, 'J1070', NULL, NULL, NULL, 'Serigrafia', 'Programado', 'inicio', NULL, NULL),
(11971, 435, 'H4109', NULL, NULL, NULL, 'Serigrafia', 'Programado', 'inicio', NULL, NULL),
(11972, 442, 'I3380', NULL, NULL, NULL, 'Serigrafia', 'Programado', 'inicio', NULL, NULL),
(11973, 451, 'H4119', NULL, NULL, NULL, 'Serigrafia', 'Programado', 'inicio', NULL, NULL),
(11974, 463, 'L1032', NULL, NULL, NULL, 'Serigrafia', 'Programado', 'inicio', NULL, NULL),
(11975, 469, 'G0904E1', NULL, NULL, NULL, 'Serigrafia', 'Programado', 'inicio', NULL, NULL),
(11976, 476, 'H4131', NULL, NULL, NULL, 'Serigrafia', 'Programado', 'inicio', NULL, NULL),
(11977, 492, 'B6064', NULL, NULL, NULL, 'Serigrafia', 'Programado', 'inicio', NULL, NULL),
(11978, 507, 'B6065', NULL, NULL, NULL, 'Serigrafia', 'Programado', 'inicio', NULL, NULL),
(11979, 522, 'L1000V1E1', NULL, NULL, NULL, 'Serigrafia', 'Programado', 'inicio', NULL, NULL),
(11980, 535, 'F1627', NULL, NULL, NULL, 'Serigrafia', 'Programado', 'inicio', NULL, NULL),
(11981, 541, 'B6079', NULL, NULL, NULL, 'Serigrafia', 'Programado', 'inicio', NULL, NULL),
(11982, 547, 'B6082', NULL, NULL, NULL, 'Serigrafia', 'Programado', 'inicio', NULL, NULL),
(11983, 558, 'G0913', NULL, NULL, NULL, 'Serigrafia', 'Programado', 'inicio', NULL, NULL),
(11984, 567, 'I3405', NULL, NULL, NULL, 'Serigrafia', 'Programado', 'inicio', NULL, NULL),
(11985, 597, 'B6091', NULL, NULL, NULL, 'Serigrafia', 'Programado', 'inicio', NULL, NULL),
(11986, 604, 'H4167', NULL, NULL, NULL, 'Serigrafia', 'Programado', 'inicio', NULL, NULL),
(11987, 619, 'I3412', NULL, NULL, NULL, 'Serigrafia', 'Programado', 'inicio', NULL, NULL),
(11988, 700, 'B6113', NULL, NULL, NULL, 'Serigrafia', 'Programado', 'inicio', NULL, NULL),
(11989, 723, 'B6119', NULL, NULL, NULL, 'Serigrafia', 'Programado', 'inicio', NULL, NULL),
(11990, 740, 'J1083', NULL, NULL, NULL, 'Serigrafia', 'Programado', 'inicio', NULL, NULL),
(11991, 119, 'H3908', NULL, NULL, NULL, 'Serigrafia', 'Programado', 'inicio', NULL, NULL),
(11992, 228, 'B5939', NULL, NULL, NULL, 'Serigrafia', 'Programado', 'inicio', NULL, NULL),
(11993, 582, 'G0860E1', NULL, NULL, NULL, 'Serigrafia', 'Programado', 'inicio', NULL, NULL),
(11994, 616, 'H4176', NULL, NULL, NULL, 'Encuadernacion', 'Programado', 'inicio', NULL, NULL),
(11995, 616, 'H4176', NULL, NULL, NULL, 'Encuadernacion', 'Programado', 'inicio', NULL, NULL),
(11996, 616, 'H4176', NULL, NULL, NULL, 'Digital', 'Programado', 'inicio', NULL, NULL),
(11997, 616, 'H4176', NULL, NULL, NULL, 'Suaje', 'Programado', 'inicio', NULL, NULL),
(11998, 166, 'L1006', NULL, NULL, NULL, 'Corte', 'Programado', 'inicio', NULL, NULL),
(11999, 526, 'I3395', NULL, NULL, NULL, 'Rotulación', 'Programado', 'inicio', NULL, NULL),
(12000, 688, 'B6106', NULL, NULL, NULL, 'Rotulación', 'Programado', 'inicio', NULL, NULL),
(12001, 705, 'B6116', NULL, NULL, NULL, 'Rotulación', 'Programado', 'inicio', NULL, NULL),
(12002, 717, 'G0925', NULL, NULL, NULL, 'Rotulación', 'Programado', 'inicio', NULL, NULL),
(12003, 704, 'B6115', NULL, NULL, NULL, 'Rotulación', 'Programado', 'inicio', NULL, NULL),
(12004, 120, 'H3908', NULL, NULL, NULL, 'Laser', 'Programado', 'inicio', NULL, NULL),
(12005, 453, 'H4119', NULL, NULL, NULL, 'Laser', 'Programado', 'inicio', NULL, NULL),
(12006, 487, 'I3392', NULL, NULL, NULL, 'Laser', 'Programado', 'inicio', NULL, NULL),
(12007, 621, 'I3412', NULL, NULL, NULL, 'Laser', 'Programado', 'inicio', NULL, NULL),
(12008, 28, '68118', NULL, NULL, NULL, 'Corte', 'Programado', 'inicio', NULL, NULL),
(12009, 34, 'I3114V1', NULL, NULL, NULL, 'Corte', 'Programado', 'inicio', NULL, NULL),
(12010, 54, 'H3720', NULL, NULL, NULL, 'Corte', 'Programado', 'inicio', NULL, NULL),
(12011, 56, 'H3721', NULL, NULL, NULL, 'Corte', 'Programado', 'inicio', NULL, NULL),
(12012, 74, 'I3233', NULL, NULL, NULL, 'Corte', 'Programado', 'inicio', NULL, NULL),
(12013, 80, 'B5777', NULL, NULL, NULL, 'Corte', 'Programado', 'inicio', NULL, NULL),
(12014, 86, 'G0889V2', NULL, NULL, NULL, 'Corte', 'Programado', 'inicio', NULL, NULL),
(12015, 120, 'H3908', NULL, NULL, NULL, 'Corte', 'Programado', 'inicio', NULL, NULL),
(12016, 126, 'G0899', NULL, NULL, NULL, 'Corte', 'Programado', 'inicio', NULL, NULL),
(12017, 144, 'H3926', NULL, NULL, NULL, 'Corte', 'Programado', 'inicio', NULL, NULL),
(12018, 148, '68225', NULL, NULL, NULL, 'Corte', 'Programado', 'inicio', NULL, NULL),
(12019, 155, 'L1000V1', NULL, NULL, NULL, 'Corte', 'Programado', 'inicio', NULL, NULL),
(12020, 174, 'B5887', NULL, NULL, NULL, 'Corte', 'Programado', 'inicio', NULL, NULL),
(12021, 189, 'B5903', NULL, NULL, NULL, 'Corte', 'Programado', 'inicio', NULL, NULL),
(12022, 194, 'G0902', NULL, NULL, NULL, 'Corte', 'Programado', 'inicio', NULL, NULL),
(12023, 202, 'I3322', NULL, NULL, NULL, 'Corte', 'Programado', 'inicio', NULL, NULL),
(12024, 221, 'H4003', NULL, NULL, NULL, 'Corte', 'Programado', 'inicio', NULL, NULL),
(12025, 242, 'J1056', NULL, NULL, NULL, 'Corte', 'Programado', 'inicio', NULL, NULL),
(12026, 248, 'H4024', NULL, NULL, NULL, 'Corte', 'Programado', 'inicio', NULL, NULL),
(12027, 255, 'D2342', NULL, NULL, NULL, 'Corte', 'Programado', 'inicio', NULL, NULL),
(12028, 266, 'I3350', NULL, NULL, NULL, 'Corte', 'Programado', 'inicio', NULL, NULL),
(12029, 275, 'J1058', NULL, NULL, NULL, 'Corte', 'Programado', 'inicio', NULL, NULL),
(12030, 288, 'H4052', NULL, NULL, NULL, 'Corte', 'Programado', 'inicio', NULL, NULL),
(12031, 295, 'I3363', NULL, NULL, NULL, 'Corte', 'Programado', 'inicio', NULL, NULL),
(12032, 316, 'B6013', NULL, NULL, NULL, 'Corte', 'Programado', 'inicio', NULL, NULL),
(12033, 337, 'B6022', NULL, NULL, NULL, 'Corte', 'Programado', 'inicio', NULL, NULL),
(12034, 353, 'H4074V1', NULL, NULL, NULL, 'Corte', 'Programado', 'inicio', NULL, NULL),
(12035, 365, 'G0904', NULL, NULL, NULL, 'Corte', 'Programado', 'inicio', NULL, NULL),
(12036, 378, 'J1069', NULL, NULL, NULL, 'Corte', 'Programado', 'inicio', NULL, NULL),
(12037, 387, 'I3371', NULL, NULL, NULL, 'Corte', 'Programado', 'inicio', NULL, NULL),
(12038, 407, 'H4100', NULL, NULL, NULL, 'Corte', 'Programado', 'inicio', NULL, NULL),
(12039, 430, 'J1070', NULL, NULL, NULL, 'Corte', 'Programado', 'inicio', NULL, NULL),
(12040, 437, 'H4109', NULL, NULL, NULL, 'Corte', 'Programado', 'inicio', NULL, NULL),
(12041, 444, 'I3380', NULL, NULL, NULL, 'Corte', 'Programado', 'inicio', NULL, NULL),
(12042, 453, 'H4119', NULL, NULL, NULL, 'Corte', 'Programado', 'inicio', NULL, NULL),
(12043, 456, 'L1029', NULL, NULL, NULL, 'Corte', 'Programado', 'inicio', NULL, NULL),
(12044, 471, 'G0904E1', NULL, NULL, NULL, 'Corte', 'Programado', 'inicio', NULL, NULL),
(12045, 478, 'H4131', NULL, NULL, NULL, 'Corte', 'Programado', 'inicio', NULL, NULL),
(12046, 487, 'I3392', NULL, NULL, NULL, 'Corte', 'Programado', 'inicio', NULL, NULL),
(12047, 495, 'B6064', NULL, NULL, NULL, 'Corte', 'Programado', 'inicio', NULL, NULL),
(12048, 509, 'B6065', NULL, NULL, NULL, 'Corte', 'Programado', 'inicio', NULL, NULL),
(12049, 516, 'H4140', NULL, NULL, NULL, 'Corte', 'Programado', 'inicio', NULL, NULL),
(12050, 516, 'H4140', NULL, NULL, NULL, 'Corte', 'Programado', 'inicio', NULL, NULL),
(12051, 524, 'L1000V1E1', NULL, NULL, NULL, 'Corte', 'Programado', 'inicio', NULL, NULL),
(12052, 527, 'H4148', NULL, NULL, NULL, 'Corte', 'Programado', 'inicio', NULL, NULL),
(12053, 531, 'I3401', NULL, NULL, NULL, 'Corte', 'Programado', 'inicio', NULL, NULL),
(12054, 543, 'B6079', NULL, NULL, NULL, 'Corte', 'Programado', 'inicio', NULL, NULL),
(12055, 560, 'G0913', NULL, NULL, NULL, 'Corte', 'Programado', 'inicio', NULL, NULL),
(12056, 569, 'I3405', NULL, NULL, NULL, 'Corte', 'Programado', 'inicio', NULL, NULL),
(12057, 575, 'I3407', NULL, NULL, NULL, 'Corte', 'Programado', 'inicio', NULL, NULL),
(12058, 584, 'G0860E1', NULL, NULL, NULL, 'Corte', 'Programado', 'inicio', NULL, NULL),
(12059, 621, 'I3412', NULL, NULL, NULL, 'Corte', 'Programado', 'inicio', NULL, NULL),
(12060, 627, 'H4177', NULL, NULL, NULL, 'Corte', 'Programado', 'inicio', NULL, NULL),
(12061, 693, 'B6110', NULL, NULL, NULL, 'Corte', 'Programado', 'inicio', NULL, NULL),
(12062, 696, 'B6111', NULL, NULL, NULL, 'Corte', 'Programado', 'inicio', NULL, NULL),
(12063, 702, 'B6113', NULL, NULL, NULL, 'Corte', 'Programado', 'inicio', NULL, NULL),
(12064, 709, 'H4202', NULL, NULL, NULL, 'Corte', 'Programado', 'inicio', NULL, NULL),
(12065, 725, 'B6119', NULL, NULL, NULL, 'Corte', 'Programado', 'inicio', NULL, NULL),
(12066, 731, 'B6123', NULL, NULL, NULL, 'Corte', 'Programado', 'inicio', NULL, NULL),
(12067, 736, 'H4217', NULL, NULL, NULL, 'Corte', 'Programado', 'inicio', NULL, NULL),
(12068, 736, 'H4217', NULL, NULL, NULL, 'Corte', 'Programado', 'inicio', NULL, NULL),
(12069, 742, 'J1083', NULL, NULL, NULL, 'Corte', 'Programado', 'inicio', NULL, NULL),
(12070, 487, 'I3392', NULL, NULL, NULL, 'Diseño', 'Programado', 'inicio', NULL, NULL),
(12071, 487, 'I3392', NULL, NULL, NULL, 'Suaje', 'Programado', 'inicio', NULL, NULL),
(12072, 516, 'H4140', NULL, NULL, NULL, 'Suaje', 'Programado', 'inicio', NULL, NULL),
(12073, 736, 'H4217', NULL, NULL, NULL, 'Suaje', 'Programado', 'inicio', NULL, NULL),
(12074, 736, 'H4217', NULL, NULL, NULL, 'Suaje', 'Programado', 'inicio', NULL, NULL),
(12075, 80, 'B5777', NULL, NULL, NULL, 'Grabado', 'Programado', 'inicio', NULL, NULL),
(12076, 144, 'H3926', NULL, NULL, NULL, 'Grabado', 'Programado', 'inicio', NULL, NULL),
(12077, 189, 'B5903', NULL, NULL, NULL, 'Grabado', 'Programado', 'inicio', NULL, NULL),
(12078, 202, 'I3322', NULL, NULL, NULL, 'Grabado', 'Programado', 'inicio', NULL, NULL),
(12079, 242, 'J1056', NULL, NULL, NULL, 'Grabado', 'Programado', 'inicio', NULL, NULL),
(12080, 266, 'I3350', NULL, NULL, NULL, 'Grabado', 'Programado', 'inicio', NULL, NULL),
(12081, 337, 'B6022', NULL, NULL, NULL, 'Grabado', 'Programado', 'inicio', NULL, NULL),
(12082, 378, 'J1069', NULL, NULL, NULL, 'Grabado', 'Programado', 'inicio', NULL, NULL),
(12083, 437, 'H4109', NULL, NULL, NULL, 'Grabado', 'Programado', 'inicio', NULL, NULL),
(12084, 495, 'B6064', NULL, NULL, NULL, 'Grabado', 'Programado', 'inicio', NULL, NULL),
(12085, 569, 'I3405', NULL, NULL, NULL, 'Grabado', 'Programado', 'inicio', NULL, NULL),
(12086, 725, 'B6119', NULL, NULL, NULL, 'Grabado', 'Programado', 'inicio', NULL, NULL),
(12087, 248, 'H4024', NULL, NULL, NULL, 'HotStamping', 'Programado', 'inicio', NULL, NULL),
(12088, 478, 'H4131', NULL, NULL, NULL, 'HotStamping', 'Programado', 'inicio', NULL, NULL),
(12089, 34, 'I3114V1', NULL, NULL, NULL, 'HotStamping', 'Programado', 'inicio', NULL, NULL),
(12090, 54, 'H3720', NULL, NULL, NULL, 'HotStamping', 'Programado', 'inicio', NULL, NULL),
(12091, 86, 'G0889V2', NULL, NULL, NULL, 'HotStamping', 'Programado', 'inicio', NULL, NULL),
(12092, 148, '68225', NULL, NULL, NULL, 'HotStamping', 'Programado', 'inicio', NULL, NULL),
(12093, 194, 'G0902', NULL, NULL, NULL, 'HotStamping', 'Programado', 'inicio', NULL, NULL),
(12094, 255, 'D2342', NULL, NULL, NULL, 'HotStamping', 'Programado', 'inicio', NULL, NULL),
(12095, 337, 'B6022', NULL, NULL, NULL, 'HotStamping', 'Programado', 'inicio', NULL, NULL),
(12096, 365, 'G0904', NULL, NULL, NULL, 'HotStamping', 'Programado', 'inicio', NULL, NULL),
(12097, 407, 'H4100', NULL, NULL, NULL, 'HotStamping', 'Programado', 'inicio', NULL, NULL),
(12098, 430, 'J1070', NULL, NULL, NULL, 'HotStamping', 'Programado', 'inicio', NULL, NULL),
(12099, 471, 'G0904E1', NULL, NULL, NULL, 'HotStamping', 'Programado', 'inicio', NULL, NULL),
(12100, 543, 'B6079', NULL, NULL, NULL, 'HotStamping', 'Programado', 'inicio', NULL, NULL),
(12101, 560, 'G0913', NULL, NULL, NULL, 'HotStamping', 'Programado', 'inicio', NULL, NULL),
(12102, 584, 'G0860E1', NULL, NULL, NULL, 'HotStamping', 'Programado', 'inicio', NULL, NULL),
(12103, 725, 'B6119', NULL, NULL, NULL, 'HotStamping', 'Programado', 'inicio', NULL, NULL),
(12104, 742, 'J1083', NULL, NULL, NULL, 'HotStamping', 'Programado', 'inicio', NULL, NULL),
(12105, 74, 'I3233', NULL, NULL, NULL, 'Digital', 'Programado', 'inicio', NULL, NULL),
(12106, 148, '68225', NULL, NULL, NULL, 'Digital', 'Programado', 'inicio', NULL, NULL),
(12107, 316, 'B6013', NULL, NULL, NULL, 'Digital', 'Programado', 'inicio', NULL, NULL),
(12108, 353, 'H4074V1', NULL, NULL, NULL, 'Digital', 'Programado', 'inicio', NULL, NULL),
(12109, 444, 'I3380', NULL, NULL, NULL, 'Digital', 'Programado', 'inicio', NULL, NULL),
(12110, 627, 'H4177', NULL, NULL, NULL, 'Digital', 'Programado', 'inicio', NULL, NULL),
(12111, 387, 'I3371', NULL, NULL, NULL, 'Acabado', 'Programado', 'inicio', NULL, NULL),
(12112, 174, 'B5887', NULL, NULL, NULL, 'Acabado', 'Programado', 'inicio', NULL, NULL),
(12113, 202, 'I3322', NULL, NULL, NULL, 'Acabado', 'Programado', 'inicio', NULL, NULL),
(12114, 702, 'B6113', NULL, NULL, NULL, 'Acabado', 'Programado', 'inicio', NULL, NULL),
(12115, 715, 'H4204', NULL, NULL, NULL, 'Acabado', 'Programado', 'inicio', NULL, NULL),
(12116, 275, 'J1058', NULL, NULL, NULL, 'Acabado', 'Programado', 'inicio', NULL, NULL),
(12117, 495, 'B6064', NULL, NULL, NULL, 'Acabado', 'Programado', 'inicio', NULL, NULL),
(12118, 275, 'J1058', NULL, NULL, NULL, 'Acabado', 'Programado', 'inicio', NULL, NULL),
(12119, 487, 'I3392', NULL, NULL, NULL, 'Acabado', 'Programado', 'inicio', NULL, NULL),
(12120, 56, 'H3721', NULL, NULL, NULL, 'Acabado', 'Programado', 'inicio', NULL, NULL),
(12121, 275, 'J1058', NULL, NULL, NULL, 'Acabado', 'Programado', 'inicio', NULL, NULL),
(12122, 295, 'I3363', NULL, NULL, NULL, 'Acabado', 'Programado', 'inicio', NULL, NULL),
(12123, 487, 'I3392', NULL, NULL, NULL, 'Acabado', 'Programado', 'inicio', NULL, NULL),
(12124, 531, 'I3401', NULL, NULL, NULL, 'Acabado', 'Programado', 'inicio', NULL, NULL),
(12125, 736, 'H4217', NULL, NULL, NULL, 'Acabado', 'Programado', 'inicio', NULL, NULL),
(12126, 736, 'H4217', NULL, NULL, NULL, 'Acabado', 'Programado', 'inicio', NULL, NULL),
(12127, 28, '68118', NULL, NULL, NULL, 'Suaje', 'Programado', 'inicio', NULL, NULL),
(12128, 34, 'I3114V1', NULL, NULL, NULL, 'Suaje', 'Programado', 'inicio', NULL, NULL),
(12129, 54, 'H3720', NULL, NULL, NULL, 'Suaje', 'Programado', 'inicio', NULL, NULL),
(12130, 56, 'H3721', NULL, NULL, NULL, 'Suaje', 'Programado', 'inicio', NULL, NULL),
(12131, 74, 'I3233', NULL, NULL, NULL, 'Suaje', 'Programado', 'inicio', NULL, NULL),
(12132, 80, 'B5777', NULL, NULL, NULL, 'Suaje', 'Programado', 'inicio', NULL, NULL),
(12133, 80, 'B5777', NULL, NULL, NULL, 'Suaje', 'Programado', 'inicio', NULL, NULL),
(12134, 86, 'G0889V2', NULL, NULL, NULL, 'Suaje', 'Programado', 'inicio', NULL, NULL),
(12135, 120, 'H3908', NULL, NULL, NULL, 'Suaje', 'Programado', 'inicio', NULL, NULL),
(12136, 126, 'G0899', NULL, NULL, NULL, 'Suaje', 'Programado', 'inicio', NULL, NULL),
(12137, 144, 'H3926', NULL, NULL, NULL, 'Suaje', 'Programado', 'inicio', NULL, NULL),
(12138, 148, '68225', NULL, NULL, NULL, 'Suaje', 'Programado', 'inicio', NULL, NULL),
(12139, 155, 'L1000V1', NULL, NULL, NULL, 'Suaje', 'Programado', 'inicio', NULL, NULL),
(12140, 174, 'B5887', NULL, NULL, NULL, 'Suaje', 'Programado', 'inicio', NULL, NULL),
(12141, 189, 'B5903', NULL, NULL, NULL, 'Suaje', 'Programado', 'inicio', NULL, NULL),
(12142, 194, 'G0902', NULL, NULL, NULL, 'Suaje', 'Programado', 'inicio', NULL, NULL),
(12143, 202, 'I3322', NULL, NULL, NULL, 'Suaje', 'Programado', 'inicio', NULL, NULL),
(12144, 221, 'H4003', NULL, NULL, NULL, 'Suaje', 'Programado', 'inicio', NULL, NULL),
(12145, 242, 'J1056', NULL, NULL, NULL, 'Suaje', 'Programado', 'inicio', NULL, NULL),
(12146, 248, 'H4024', NULL, NULL, NULL, 'Suaje', 'Programado', 'inicio', NULL, NULL),
(12147, 255, 'D2342', NULL, NULL, NULL, 'Suaje', 'Programado', 'inicio', NULL, NULL),
(12148, 266, 'I3350', NULL, NULL, NULL, 'Suaje', 'Programado', 'inicio', NULL, NULL),
(12149, 275, 'J1058', NULL, NULL, NULL, 'Suaje', 'Programado', 'inicio', NULL, NULL),
(12150, 288, 'H4052', NULL, NULL, NULL, 'Suaje', 'Programado', 'inicio', NULL, NULL),
(12151, 295, 'I3363', NULL, NULL, NULL, 'Suaje', 'Programado', 'inicio', NULL, NULL),
(12152, 316, 'B6013', NULL, NULL, NULL, 'Suaje', 'Programado', 'inicio', NULL, NULL),
(12153, 337, 'B6022', NULL, NULL, NULL, 'Suaje', 'Programado', 'inicio', NULL, NULL),
(12154, 353, 'H4074V1', NULL, NULL, NULL, 'Suaje', 'Programado', 'inicio', NULL, NULL),
(12155, 365, 'G0904', NULL, NULL, NULL, 'Suaje', 'Programado', 'inicio', NULL, NULL),
(12156, 378, 'J1069', NULL, NULL, NULL, 'Suaje', 'Programado', 'inicio', NULL, NULL),
(12157, 387, 'I3371', NULL, NULL, NULL, 'Suaje', 'Programado', 'inicio', NULL, NULL),
(12158, 407, 'H4100', NULL, NULL, NULL, 'Suaje', 'Programado', 'inicio', NULL, NULL),
(12159, 430, 'J1070', NULL, NULL, NULL, 'Suaje', 'Programado', 'inicio', NULL, NULL),
(12160, 437, 'H4109', NULL, NULL, NULL, 'Suaje', 'Programado', 'inicio', NULL, NULL),
(12161, 444, 'I3380', NULL, NULL, NULL, 'Suaje', 'Programado', 'inicio', NULL, NULL),
(12162, 453, 'H4119', NULL, NULL, NULL, 'Suaje', 'Programado', 'inicio', NULL, NULL),
(12163, 456, 'L1029', NULL, NULL, NULL, 'Suaje', 'Programado', 'inicio', NULL, NULL),
(12164, 471, 'G0904E1', NULL, NULL, NULL, 'Suaje', 'Programado', 'inicio', NULL, NULL),
(12165, 478, 'H4131', NULL, NULL, NULL, 'Suaje', 'Programado', 'inicio', NULL, NULL),
(12166, 495, 'B6064', NULL, NULL, NULL, 'Suaje', 'Programado', 'inicio', NULL, NULL),
(12167, 509, 'B6065', NULL, NULL, NULL, 'Suaje', 'Programado', 'inicio', NULL, NULL),
(12168, 516, 'H4140', NULL, NULL, NULL, 'Suaje', 'Programado', 'inicio', NULL, NULL),
(12169, 524, 'L1000V1E1', NULL, NULL, NULL, 'Suaje', 'Programado', 'inicio', NULL, NULL),
(12170, 527, 'H4148', NULL, NULL, NULL, 'Suaje', 'Programado', 'inicio', NULL, NULL),
(12171, 531, 'I3401', NULL, NULL, NULL, 'Suaje', 'Programado', 'inicio', NULL, NULL),
(12172, 543, 'B6079', NULL, NULL, NULL, 'Suaje', 'Programado', 'inicio', NULL, NULL),
(12173, 560, 'G0913', NULL, NULL, NULL, 'Suaje', 'Programado', 'inicio', NULL, NULL),
(12174, 569, 'I3405', NULL, NULL, NULL, 'Suaje', 'Programado', 'inicio', NULL, NULL),
(12175, 575, 'I3407', NULL, NULL, NULL, 'Suaje', 'Programado', 'inicio', NULL, NULL),
(12176, 584, 'G0860E1', NULL, NULL, NULL, 'Suaje', 'Programado', 'inicio', NULL, NULL),
(12177, 621, 'I3412', NULL, NULL, NULL, 'Suaje', 'Programado', 'inicio', NULL, NULL),
(12178, 627, 'H4177', NULL, NULL, NULL, 'Suaje', 'Programado', 'inicio', NULL, NULL),
(12179, 693, 'B6110', NULL, NULL, NULL, 'Suaje', 'Programado', 'inicio', NULL, NULL),
(12180, 696, 'B6111', NULL, NULL, NULL, 'Suaje', 'Programado', 'inicio', NULL, NULL),
(12181, 702, 'B6113', NULL, NULL, NULL, 'Suaje', 'Programado', 'inicio', NULL, NULL),
(12182, 709, 'H4202', NULL, NULL, NULL, 'Suaje', 'Programado', 'inicio', NULL, NULL),
(12183, 725, 'B6119', NULL, NULL, NULL, 'Suaje', 'Programado', 'inicio', NULL, NULL),
(12184, 731, 'B6123', NULL, NULL, NULL, 'Suaje', 'Programado', 'inicio', NULL, NULL),
(12185, 736, 'H4217', NULL, NULL, NULL, 'Suaje', 'Programado', 'inicio', NULL, NULL),
(12186, 742, 'J1083', NULL, NULL, NULL, 'Suaje', 'Programado', 'inicio', NULL, NULL),
(12187, 34, 'I3114V1', NULL, NULL, NULL, 'Serigrafia', 'Programado', 'inicio', NULL, NULL),
(12188, 80, 'B5777', NULL, NULL, NULL, 'Serigrafia', 'Programado', 'inicio', NULL, NULL),
(12189, 86, 'G0889V2', NULL, NULL, NULL, 'Serigrafia', 'Programado', 'inicio', NULL, NULL),
(12190, 126, 'G0899', NULL, NULL, NULL, 'Serigrafia', 'Programado', 'inicio', NULL, NULL),
(12191, 194, 'G0902', NULL, NULL, NULL, 'Serigrafia', 'Programado', 'inicio', NULL, NULL),
(12192, 255, 'D2342', NULL, NULL, NULL, 'Serigrafia', 'Programado', 'inicio', NULL, NULL),
(12193, 266, 'I3350', NULL, NULL, NULL, 'Serigrafia', 'Programado', 'inicio', NULL, NULL),
(12194, 275, 'J1058', NULL, NULL, NULL, 'Serigrafia', 'Programado', 'inicio', NULL, NULL),
(12195, 295, 'I3363', NULL, NULL, NULL, 'Serigrafia', 'Programado', 'inicio', NULL, NULL),
(12196, 337, 'B6022', NULL, NULL, NULL, 'Serigrafia', 'Programado', 'inicio', NULL, NULL),
(12197, 365, 'G0904', NULL, NULL, NULL, 'Serigrafia', 'Programado', 'inicio', NULL, NULL),
(12198, 387, 'I3371', NULL, NULL, NULL, 'Serigrafia', 'Programado', 'inicio', NULL, NULL),
(12199, 430, 'J1070', NULL, NULL, NULL, 'Serigrafia', 'Programado', 'inicio', NULL, NULL),
(12200, 437, 'H4109', NULL, NULL, NULL, 'Serigrafia', 'Programado', 'inicio', NULL, NULL),
(12201, 471, 'G0904E1', NULL, NULL, NULL, 'Serigrafia', 'Programado', 'inicio', NULL, NULL),
(12202, 478, 'H4131', NULL, NULL, NULL, 'Serigrafia', 'Programado', 'inicio', NULL, NULL),
(12203, 495, 'B6064', NULL, NULL, NULL, 'Serigrafia', 'Programado', 'inicio', NULL, NULL),
(12204, 509, 'B6065', NULL, NULL, NULL, 'Serigrafia', 'Programado', 'inicio', NULL, NULL),
(12205, 516, 'H4140', NULL, NULL, NULL, 'Serigrafia', 'Programado', 'inicio', NULL, NULL),
(12206, 531, 'I3401', NULL, NULL, NULL, 'Serigrafia', 'Programado', 'inicio', NULL, NULL),
(12207, 543, 'B6079', NULL, NULL, NULL, 'Serigrafia', 'Programado', 'inicio', NULL, NULL),
(12208, 560, 'G0913', NULL, NULL, NULL, 'Serigrafia', 'Programado', 'inicio', NULL, NULL),
(12209, 584, 'G0860E1', NULL, NULL, NULL, 'Serigrafia', 'Programado', 'inicio', NULL, NULL),
(12210, 478, 'H4131', NULL, NULL, NULL, 'Serigrafia', 'Programado', 'inicio', NULL, NULL),
(12211, 531, 'I3401', NULL, NULL, NULL, 'Serigrafia', 'Programado', 'inicio', NULL, NULL),
(12212, 633, 'M0676', NULL, NULL, NULL, 'Corte', 'Programado', 'inicio', NULL, NULL),
(12213, 633, 'M0676', NULL, NULL, NULL, 'Offset', 'Programado', 'inicio', NULL, NULL),
(12214, 633, 'M0676', NULL, NULL, NULL, 'Suaje', 'Programado', 'inicio', NULL, NULL),
(12215, 672, 'H4186', NULL, NULL, NULL, 'Corte', 'Programado', 'inicio', NULL, NULL),
(12216, 687, 'H4196', NULL, NULL, NULL, 'Corte', 'Programado', 'inicio', NULL, NULL),
(12217, 672, 'H4186', NULL, NULL, NULL, 'Encuadernacion', 'Programado', 'inicio', NULL, NULL),
(12218, 687, 'H4196', NULL, NULL, NULL, 'Encuadernacion', 'Programado', 'inicio', NULL, NULL),
(12219, 672, 'H4186', NULL, NULL, NULL, 'Encuadernacion', 'Programado', 'inicio', NULL, NULL),
(12220, 672, 'H4186', NULL, NULL, NULL, 'Encuadernacion', 'Programado', 'inicio', NULL, NULL),
(12221, 687, 'H4196', NULL, NULL, NULL, 'Acabado', 'Programado', 'inicio', NULL, NULL),
(12222, 687, 'H4196', NULL, NULL, NULL, 'Suaje', 'Programado', 'inicio', NULL, NULL),
(12223, 673, 'H4186', NULL, NULL, NULL, 'Corte', 'Programado', 'inicio', NULL, NULL),
(12224, 673, 'H4186', NULL, NULL, NULL, 'Encuadernacion', 'Programado', 'inicio', NULL, NULL),
(12225, 674, 'H4186', NULL, NULL, NULL, 'Corte', 'Programado', 'inicio', NULL, NULL),
(12226, 674, 'H4186', NULL, NULL, NULL, 'Encuadernacion', 'Programado', 'inicio', NULL, NULL),
(12227, 455, 'B6058', NULL, NULL, NULL, 'Corte', 'Programado', 'inicio', NULL, NULL),
(12228, 643, 'B6101', NULL, NULL, NULL, 'Corte', 'Programado', 'inicio', NULL, NULL),
(12229, 727, 'H4117D', NULL, NULL, NULL, 'Corte', 'Programado', 'inicio', NULL, NULL),
(12230, 718, 'H4208', NULL, NULL, NULL, 'Corte', 'Programado', 'inicio', NULL, NULL),
(12231, 735, 'H4216', NULL, NULL, NULL, 'Corte', 'Programado', 'inicio', NULL, NULL),
(12232, 409, 'H4101', NULL, NULL, NULL, 'Corte', 'Programado', 'inicio', NULL, NULL),
(12233, 448, '68273', NULL, NULL, NULL, 'Corte', 'Programado', 'inicio', NULL, NULL),
(12234, 553, 'B6083', NULL, NULL, NULL, 'Corte', 'Programado', 'inicio', NULL, NULL),
(12235, 554, 'H4161', NULL, NULL, NULL, 'Corte', 'Programado', 'inicio', NULL, NULL),
(12236, 554, 'H4161', NULL, NULL, NULL, 'Corte', 'Programado', 'inicio', NULL, NULL),
(12237, 578, 'D2384', NULL, NULL, NULL, 'Corte', 'Programado', 'inicio', NULL, NULL),
(12238, 409, 'H4101', NULL, NULL, NULL, 'Diseño', 'Programado', 'inicio', NULL, NULL),
(12239, 553, 'B6083', NULL, NULL, NULL, 'Diseño', 'Programado', 'inicio', NULL, NULL),
(12240, 554, 'H4161', NULL, NULL, NULL, 'Diseño', 'Programado', 'inicio', NULL, NULL),
(12241, 554, 'H4161', NULL, NULL, NULL, 'Acabado', 'Programado', 'inicio', NULL, NULL),
(12242, 409, 'H4101', NULL, NULL, NULL, 'Acabado', 'Programado', 'inicio', NULL, NULL),
(12243, 718, 'H4208', NULL, NULL, NULL, 'Grabado', 'Programado', 'inicio', NULL, NULL),
(12244, 718, 'H4208', NULL, NULL, NULL, 'Grabado', 'Programado', 'inicio', NULL, NULL),
(12245, 727, 'H4117D', NULL, NULL, NULL, 'HotStamping', 'Programado', 'inicio', NULL, NULL),
(12246, 727, 'H4117D', NULL, NULL, NULL, 'HotStamping', 'Programado', 'inicio', NULL, NULL),
(12247, 409, 'H4101', NULL, NULL, NULL, 'HotStamping', 'Programado', 'inicio', NULL, NULL),
(12248, 578, 'D2384', NULL, NULL, NULL, 'Digital', 'Programado', 'inicio', NULL, NULL),
(12249, 409, 'H4101', NULL, NULL, NULL, 'Acabado', 'Programado', 'inicio', NULL, NULL),
(12250, 554, 'H4161', NULL, NULL, NULL, 'Acabado', 'Programado', 'inicio', NULL, NULL),
(12251, 448, '68273', NULL, NULL, NULL, 'Offset', 'Programado', 'inicio', NULL, NULL),
(12252, 409, 'H4101', NULL, NULL, NULL, 'Suaje', 'Programado', 'inicio', NULL, NULL),
(12253, 455, 'B6058', NULL, NULL, NULL, 'Serigrafia', 'Programado', 'inicio', NULL, NULL),
(12254, 643, 'B6101', NULL, NULL, NULL, 'Serigrafia', 'Programado', 'inicio', NULL, NULL),
(12255, 727, 'H4117D', NULL, NULL, NULL, 'Serigrafia', 'Programado', 'inicio', NULL, NULL),
(12256, 718, 'H4208', NULL, NULL, NULL, 'Serigrafia', 'Programado', 'inicio', NULL, NULL),
(12257, 735, 'H4216', NULL, NULL, NULL, 'Serigrafia', 'Programado', 'inicio', NULL, NULL),
(12258, 553, 'B6083', NULL, NULL, NULL, 'Serigrafia', 'Programado', 'inicio', NULL, NULL),
(12259, 554, 'H4161', NULL, NULL, NULL, 'Serigrafia', 'Programado', 'inicio', NULL, NULL),
(12260, 455, 'B6058', NULL, NULL, NULL, 'Serigrafia', 'Programado', 'inicio', NULL, NULL),
(12261, 553, 'B6083', NULL, NULL, NULL, 'Serigrafia', 'Programado', 'inicio', NULL, NULL),
(12262, 455, 'B6058', NULL, NULL, NULL, 'Serigrafia', 'Programado', 'inicio', NULL, NULL),
(12263, 727, 'H4117D', NULL, NULL, NULL, 'Serigrafia', 'Programado', 'inicio', NULL, NULL),
(12264, 553, 'B6083', NULL, NULL, NULL, 'Serigrafia', 'Programado', 'inicio', NULL, NULL),
(12265, 554, 'H4161', NULL, NULL, NULL, 'Serigrafia', 'Programado', 'inicio', NULL, NULL),
(12266, 395, 'I3372', NULL, NULL, NULL, 'Corte', 'Programado', 'inicio', NULL, NULL),
(12267, 395, 'I3372', NULL, NULL, NULL, 'Serigrafia', 'Programado', 'inicio', NULL, NULL),
(12268, 659, 'H4182', NULL, NULL, NULL, 'Corte', 'Programado', 'inicio', NULL, NULL),
(12269, 684, 'H4191', NULL, NULL, NULL, 'Corte', 'Programado', 'inicio', NULL, NULL),
(12270, 659, 'H4182', NULL, NULL, NULL, 'Suaje', 'Programado', 'inicio', NULL, NULL),
(12271, 684, 'H4191', NULL, NULL, NULL, 'Suaje', 'Programado', 'inicio', NULL, NULL),
(12272, 659, 'H4182', NULL, NULL, NULL, 'Acabado', 'Programado', 'inicio', NULL, NULL),
(12273, 684, 'H4191', NULL, NULL, NULL, 'Acabado', 'Programado', 'inicio', NULL, NULL),
(12274, 659, 'H4182', NULL, NULL, NULL, 'Acabado', 'Programado', 'inicio', NULL, NULL),
(12275, 684, 'H4191', NULL, NULL, NULL, 'Acabado', 'Programado', 'inicio', NULL, NULL),
(12276, 659, 'H4182', NULL, NULL, NULL, 'Acabado', 'Programado', 'inicio', NULL, NULL),
(12277, 684, 'H4191', NULL, NULL, NULL, 'Acabado', 'Programado', 'inicio', NULL, NULL),
(12278, 659, 'H4182', NULL, NULL, NULL, 'Suaje', 'Programado', 'inicio', NULL, NULL),
(12279, 684, 'H4191', NULL, NULL, NULL, 'Suaje', 'Programado', 'inicio', NULL, NULL),
(12280, 659, 'H4182', NULL, NULL, NULL, 'Serigrafia', 'Programado', 'inicio', NULL, NULL),
(12281, 684, 'H4191', NULL, NULL, NULL, 'Serigrafia', 'Programado', 'inicio', NULL, NULL),
(12282, 40, 'H3685', NULL, NULL, NULL, 'Acabado', 'Programado', 'inicio', NULL, NULL),
(12283, 208, 'H3993', NULL, NULL, NULL, 'Acabado', 'Programado', 'inicio', NULL, NULL),
(12284, 215, 'I3339', NULL, NULL, NULL, 'Acabado', 'Programado', 'inicio', NULL, NULL),
(12285, 549, 'B6082', NULL, NULL, NULL, 'Acabado', 'Programado', 'inicio', NULL, NULL),
(12286, 713, 'I3417', NULL, NULL, NULL, 'Acabado', 'Programado', 'inicio', NULL, NULL);

-- --------------------------------------------------------

--
-- Estructura Stand-in para la vista `repordenes`
-- (Véase abajo para la vista actual)
--
CREATE TABLE `repordenes` (
`numodt` varchar(50)
,`fechadeldia_tiraje` varchar(10)
,`tiempoTiraje` time(6)
,`nommaquina` varchar(50)
,`logged_in` varchar(250)
,`idtiraje` int(255)
,`tiempo_ajuste` time(6)
);

-- --------------------------------------------------------

--
-- Estructura de tabla para la tabla `tiraje`
--

CREATE TABLE `tiraje` (
  `idtiraje` int(255) NOT NULL,
  `producto` varchar(255) DEFAULT NULL,
  `id_maquina` int(255) NOT NULL,
  `pedido` varchar(255) DEFAULT NULL,
  `cantidad` varchar(255) DEFAULT NULL,
  `buenos` varchar(255) DEFAULT NULL,
  `piezas_ajuste` int(255) DEFAULT NULL,
  `defectos` varchar(255) DEFAULT NULL,
  `merma` varchar(255) DEFAULT NULL,
  `merma_entregada` int(255) DEFAULT NULL,
  `entregados` varchar(255) DEFAULT NULL,
  `produccion_esperada` double DEFAULT NULL,
  `desempenio` double DEFAULT NULL,
  `tiempoTiraje` time(6) DEFAULT NULL,
  `tiempo_ajuste` time(6) DEFAULT NULL,
  `horadeldia_ajuste` varchar(60) DEFAULT NULL,
  `fechadeldia_ajuste` varchar(60) DEFAULT NULL,
  `horadeldia_tiraje` varchar(255) DEFAULT NULL,
  `fechadeldia_tiraje` varchar(10) DEFAULT NULL,
  `vdate` timestamp NOT NULL DEFAULT CURRENT_TIMESTAMP,
  `id_orden` int(255) DEFAULT NULL,
  `id_user` int(11) DEFAULT NULL
) ENGINE=InnoDB DEFAULT CHARSET=latin1;

-- --------------------------------------------------------

--
-- Estructura para la vista `repordenes`
--
DROP TABLE IF EXISTS `repordenes`;

CREATE ALGORITHM=UNDEFINED DEFINER=`root`@`localhost` SQL SECURITY DEFINER VIEW `repordenes`  AS  select `o`.`numodt` AS `numodt`,`t`.`fechadeldia_tiraje` AS `fechadeldia_tiraje`,`t`.`tiempoTiraje` AS `tiempoTiraje`,`m`.`nommaquina` AS `nommaquina`,`l`.`logged_in` AS `logged_in`,`t`.`idtiraje` AS `idtiraje`,`t`.`tiempo_ajuste` AS `tiempo_ajuste` from (((`tiraje` `t` join `ordenes` `o` on((`o`.`idorden` = `t`.`id_orden`))) join `maquina` `m` on((`t`.`id_maquina` = `m`.`idmaquina`))) join `login` `l` on((`t`.`id_user` = `l`.`id`))) ;

--
-- Índices para tablas volcadas
--

--
-- Indices de la tabla `alertageneralajuste`
--
ALTER TABLE `alertageneralajuste`
  ADD PRIMARY KEY (`idalertamaquina`),
  ADD KEY `user_fk` (`id_usuario`),
  ADD KEY `maquina_fk` (`id_maquina`);

--
-- Indices de la tabla `alertamaquinaoperacion`
--
ALTER TABLE `alertamaquinaoperacion`
  ADD PRIMARY KEY (`idalertamaquina`),
  ADD KEY `usuariofk` (`id_usuario`),
  ADD KEY `break_maquinafk` (`id_maquina`);

--
-- Indices de la tabla `asaichi`
--
ALTER TABLE `asaichi`
  ADD PRIMARY KEY (`idasaichi`),
  ADD KEY `asa_usuariofk` (`id_usuario`),
  ADD KEY `asa_maquinafk` (`id_maquina`);

--
-- Indices de la tabla `breaktime`
--
ALTER TABLE `breaktime`
  ADD PRIMARY KEY (`idbreaktime`),
  ADD KEY `break_usuariofk` (`id_usuario`),
  ADD KEY `br_maquinafk` (`id_maquina`);

--
-- Indices de la tabla `elementos`
--
ALTER TABLE `elementos`
  ADD PRIMARY KEY (`id_elemento`);

--
-- Indices de la tabla `encuesta`
--
ALTER TABLE `encuesta`
  ADD PRIMARY KEY (`idencuesta`),
  ADD KEY `enc_usuariofk` (`id_usuario`),
  ADD KEY `en_maquinafk` (`id_maquina`);

--
-- Indices de la tabla `estandares`
--
ALTER TABLE `estandares`
  ADD PRIMARY KEY (`id_estandard`);

--
-- Indices de la tabla `login`
--
ALTER TABLE `login`
  ADD PRIMARY KEY (`id`),
  ADD KEY `id` (`id`);

--
-- Indices de la tabla `maquina`
--
ALTER TABLE `maquina`
  ADD PRIMARY KEY (`idmaquina`),
  ADD KEY `idmaquina` (`idmaquina`);

--
-- Indices de la tabla `ordenes`
--
ALTER TABLE `ordenes`
  ADD PRIMARY KEY (`idorden`),
  ADD KEY `maquina` (`maquina`);

--
-- Indices de la tabla `orden_estatus`
--
ALTER TABLE `orden_estatus`
  ADD PRIMARY KEY (`id_orden_status`);

--
-- Indices de la tabla `procesos`
--
ALTER TABLE `procesos`
  ADD PRIMARY KEY (`id_proceso`),
  ADD KEY `id_proceso` (`id_proceso`);

--
-- Indices de la tabla `tiraje`
--
ALTER TABLE `tiraje`
  ADD PRIMARY KEY (`idtiraje`),
  ADD KEY `maquinafk` (`id_maquina`),
  ADD KEY `userfk` (`id_user`),
  ADD KEY `tir_ordenfk` (`id_orden`);

--
-- AUTO_INCREMENT de las tablas volcadas
--

--
-- AUTO_INCREMENT de la tabla `alertageneralajuste`
--
ALTER TABLE `alertageneralajuste`
  MODIFY `idalertamaquina` int(255) NOT NULL AUTO_INCREMENT, AUTO_INCREMENT=3;
--
-- AUTO_INCREMENT de la tabla `alertamaquinaoperacion`
--
ALTER TABLE `alertamaquinaoperacion`
  MODIFY `idalertamaquina` int(255) NOT NULL AUTO_INCREMENT;
--
-- AUTO_INCREMENT de la tabla `asaichi`
--
ALTER TABLE `asaichi`
  MODIFY `idasaichi` int(255) NOT NULL AUTO_INCREMENT, AUTO_INCREMENT=12;
--
-- AUTO_INCREMENT de la tabla `breaktime`
--
ALTER TABLE `breaktime`
  MODIFY `idbreaktime` int(255) NOT NULL AUTO_INCREMENT, AUTO_INCREMENT=2;
--
-- AUTO_INCREMENT de la tabla `elementos`
--
ALTER TABLE `elementos`
  MODIFY `id_elemento` int(255) NOT NULL AUTO_INCREMENT, AUTO_INCREMENT=144;
--
-- AUTO_INCREMENT de la tabla `encuesta`
--
ALTER TABLE `encuesta`
  MODIFY `idencuesta` int(255) NOT NULL AUTO_INCREMENT, AUTO_INCREMENT=2;
--
-- AUTO_INCREMENT de la tabla `estandares`
--
ALTER TABLE `estandares`
  MODIFY `id_estandard` int(255) NOT NULL AUTO_INCREMENT, AUTO_INCREMENT=65;
--
-- AUTO_INCREMENT de la tabla `ordenes`
--
ALTER TABLE `ordenes`
  MODIFY `idorden` int(255) NOT NULL AUTO_INCREMENT, AUTO_INCREMENT=1024;
--
-- AUTO_INCREMENT de la tabla `orden_estatus`
--
ALTER TABLE `orden_estatus`
  MODIFY `id_orden_status` int(255) NOT NULL AUTO_INCREMENT, AUTO_INCREMENT=10774;
--
-- AUTO_INCREMENT de la tabla `procesos`
--
ALTER TABLE `procesos`
  MODIFY `id_proceso` int(255) UNSIGNED NOT NULL AUTO_INCREMENT, AUTO_INCREMENT=12287;
--
-- AUTO_INCREMENT de la tabla `tiraje`
--
ALTER TABLE `tiraje`
  MODIFY `idtiraje` int(255) NOT NULL AUTO_INCREMENT;
--
-- Restricciones para tablas volcadas
--

--
-- Filtros para la tabla `alertageneralajuste`
--
ALTER TABLE `alertageneralajuste`
  ADD CONSTRAINT `maquina_fk` FOREIGN KEY (`id_maquina`) REFERENCES `maquina` (`idmaquina`) ON DELETE CASCADE ON UPDATE CASCADE,
  ADD CONSTRAINT `user_fk` FOREIGN KEY (`id_usuario`) REFERENCES `login` (`id`) ON DELETE CASCADE ON UPDATE CASCADE;

--
-- Filtros para la tabla `alertamaquinaoperacion`
--
ALTER TABLE `alertamaquinaoperacion`
  ADD CONSTRAINT `oper_maquinafk` FOREIGN KEY (`id_maquina`) REFERENCES `maquina` (`idmaquina`) ON DELETE CASCADE ON UPDATE CASCADE,
  ADD CONSTRAINT `usuariofk` FOREIGN KEY (`id_usuario`) REFERENCES `login` (`id`) ON DELETE CASCADE ON UPDATE CASCADE;

--
-- Filtros para la tabla `asaichi`
--
ALTER TABLE `asaichi`
  ADD CONSTRAINT `asa_maquinafk` FOREIGN KEY (`id_maquina`) REFERENCES `maquina` (`idmaquina`) ON DELETE CASCADE ON UPDATE CASCADE,
  ADD CONSTRAINT `asa_usuariofk` FOREIGN KEY (`id_usuario`) REFERENCES `login` (`id`) ON DELETE CASCADE ON UPDATE CASCADE;

--
-- Filtros para la tabla `breaktime`
--
ALTER TABLE `breaktime`
  ADD CONSTRAINT `br_maquinafk` FOREIGN KEY (`id_maquina`) REFERENCES `maquina` (`idmaquina`) ON DELETE CASCADE ON UPDATE CASCADE,
  ADD CONSTRAINT `break_usuariofk` FOREIGN KEY (`id_usuario`) REFERENCES `login` (`id`) ON DELETE CASCADE ON UPDATE CASCADE;

--
-- Filtros para la tabla `encuesta`
--
ALTER TABLE `encuesta`
  ADD CONSTRAINT `en_maquinafk` FOREIGN KEY (`id_maquina`) REFERENCES `maquina` (`idmaquina`) ON DELETE CASCADE ON UPDATE CASCADE,
  ADD CONSTRAINT `enc_usuariofk` FOREIGN KEY (`id_usuario`) REFERENCES `login` (`id`) ON DELETE CASCADE ON UPDATE CASCADE;

--
-- Filtros para la tabla `ordenes`
--
ALTER TABLE `ordenes`
  ADD CONSTRAINT `orden_maquinafk` FOREIGN KEY (`maquina`) REFERENCES `maquina` (`idmaquina`) ON DELETE CASCADE ON UPDATE CASCADE;

--
-- Filtros para la tabla `tiraje`
--
ALTER TABLE `tiraje`
  ADD CONSTRAINT `maquinafk` FOREIGN KEY (`id_maquina`) REFERENCES `maquina` (`idmaquina`) ON DELETE CASCADE ON UPDATE CASCADE,
  ADD CONSTRAINT `tir_ordenfk` FOREIGN KEY (`id_orden`) REFERENCES `ordenes` (`idorden`) ON DELETE CASCADE ON UPDATE CASCADE,
  ADD CONSTRAINT `userfk` FOREIGN KEY (`id_user`) REFERENCES `login` (`id`) ON DELETE CASCADE ON UPDATE CASCADE;

/*!40101 SET CHARACTER_SET_CLIENT=@OLD_CHARACTER_SET_CLIENT */;
/*!40101 SET CHARACTER_SET_RESULTS=@OLD_CHARACTER_SET_RESULTS */;
/*!40101 SET COLLATION_CONNECTION=@OLD_COLLATION_CONNECTION */;
